No,Time,Sample Type,Label,6Li (KED),23Na (KED) [ppb],24Mg (KED) [ppb],27Al (KED) [ppb],39K (KED) [ppb],44Ca (KED) [ppb],32S (KED) [ppb],51V (KED) [ppb],52Cr (KED) [ppb],55Mn (KED) [ppb],57Fe (KED) [ppb],59Co (KED) [ppb],60Ni (KED) [ppb],63Cu (KED) [ppb],66Zn (KED) [ppb],71Ga (KED) [ppb],72Ge (KED) [ppb],75As (KED) [ppb],77Se (KED) [ppb],88Sr (KED) [ppb],95Mo (KED) [ppb],105Pd (KED) [ppb],107Ag (KED) [ppb],111Cd (KED) [ppb],182W (KED) [ppb],45Sc (KED),208Pb (KED) [ppb],89Y (KED),113In (KED),209Bi (KED),238U (KED) [ppb],159Tb (KED),Date,Notes,Type,31P (KED) [ppb],90Zr (KED) [ppb],115In (KED),118Sn (KED) [ppb],130Te (KED) [ppb],47Ti (KED) [ppb],195Pt (KED) [ppb],232Th (KED) [ppm],45Sc (KED) [ppb]
1,,UNKNOWN,01_Rinse,0.1%,130400.1525,10422.20237,1396.984766,199087.3666,38527.80337,75915966.18,212.3076525,498.7710479,743.1854909,3769.510888,209.5697032,1152.585564,12250.25805,70046.85017,124.6658603,5019.025112,921.1009592,1411.837287,12330.60817,-76410615.62,-1286672.964,42544.28419,109949.6742,1995025.685,0.0%,771.2159344,0.0%,0.0%,0.0%,156.6458887,0.0%,,ECAL_Bloom(Prather)_20251217.csv,,,,,,,,,,
,,,,,,,,,,,,,,,,,,,,,,,,,,,,,,,,,,,,,ECAL_Bloom(Prather)_20251217.csv,,,,,,,,,,
1,,,1,0.1%,12446.24224,1347.787037,233.5534831,82591.73591,31329.34248,15954852.22,187.3914749,476.6294567,478.5372542,722.9202229,162.9758257,1149.776857,8877.693703,53476.88704,81.89351875,7773.422656,719.2350169,788.3521175,9457.89768,-16513105.31,-53083.66284,1488.714581,1381.585276,1142958.636,0.0%,580.2799998,0.0%,0.0%,0.0%,98.85640991,0.0%,,ECAL_Bloom(Prather)_20251217.csv,,,,,,,,,,
,,,,,,,,,,,,,,,,,,,,,,,,,,,,,,,,,,,,,ECAL_Bloom(Prather)_20251217.csv,,,,,,,,,,
,,,,,,,,,,,,,,,,,,,,,,,,,,,,,,,,,,,,,ECAL_Bloom(Prather)_20251217.csv,,,,,,,,,,
,,,,,,,,,,,,,,,,,,,,,,,,,,,,,,,,,,,,,ECAL_Bloom(Prather)_20251217.csv,,,,,,,,,,
1,,,2,0.1%,6869.26842,603.7941553,98.517179,48517.00305,27674.97501,8491997.789,353.9630197,778.499163,1073.803201,8677.154038,325.9536946,1604.351506,18610.12819,108609.5106,245.6820493,3886.705014,1643.976337,3941.769294,21639.76443,-330754214.9,-6307457.582,208928.3816,547136.7014,2036581.629,0.0%,825.2290035,0.0%,0.0%,0.0%,167.269303,0.0%,,ECAL_Bloom(Prather)_20251217.csv,,,,,,,,,,
,,,,,,,,,,,,,,,,,,,,,,,,,,,,,,,,,,,,,ECAL_Bloom(Prather)_20251217.csv,,,,,,,,,,
,,,,,,,,,,,,,,,,,,,,,,,,,,,,,,,,,,,,,ECAL_Bloom(Prather)_20251217.csv,,,,,,,,,,
,,,,,,,,,,,,,,,,,,,,,,,,,,,,,,,,,,,,,ECAL_Bloom(Prather)_20251217.csv,,,,,,,,,,
1,,,3,0.0%,592960.9954,47145.4129,5966.309318,636460.8656,69899.43779,307564394.3,208.9934843,372.371839,846.1985874,4376.723356,211.2265949,1190.726294,13120.28111,73922.29853,169.0863845,5365.410533,860.2410212,-0.001940157,16044.14221,-9271115.946,-19961.92351,718.8307557,230.9963593,2195895.533,0.0%,678.2037104,0.0%,0.0%,0.0%,127.0927594,0.0%,,ECAL_Bloom(Prather)_20251217.csv,,,,,,,,,,
,,,,,,,,,,,,,,,,,,,,,,,,,,,,,,,,,,,,,ECAL_Bloom(Prather)_20251217.csv,,,,,,,,,,
,,,,,,,,,,,,,,,,,,,,,,,,,,,,,,,,,,,,,ECAL_Bloom(Prather)_20251217.csv,,,,,,,,,,
,,,,,,,,,,,,,,,,,,,,,,,,,,,,,,,,,,,,,ECAL_Bloom(Prather)_20251217.csv,,,,,,,,,,
1,,,4,0.1%,13406.35993,1235.887822,279.0661864,87359.14434,31473.2946,16948110.86,175.8525871,492.997077,757.1478626,1816.946969,209.789987,855.4747832,10958.34321,61831.09758,44.77383776,4182.878853,731.3169485,1146.53801,4675.017415,-12283915.88,-19503.42681,863.0730697,230.0331256,2155266.662,0.0%,852.4803278,0.0%,0.0%,0.0%,192.871932,0.0%,,ECAL_Bloom(Prather)_20251217.csv,,,,,,,,,,
,,,,,,,,,,,,,,,,,,,,,,,,,,,,,,,,,,,,,ECAL_Bloom(Prather)_20251217.csv,,,,,,,,,,
,,,,,,,,,,,,,,,,,,,,,,,,,,,,,,,,,,,,,ECAL_Bloom(Prather)_20251217.csv,,,,,,,,,,
,,,,,,,,,,,,,,,,,,,,,,,,,,,,,,,,,,,,,ECAL_Bloom(Prather)_20251217.csv,,,,,,,,,,
1,,,5,0.0%,26317.89662,1778.129914,407.4776629,140508.084,32261.96696,30620475.73,135.3376965,373.3577037,560.2405499,3253.809855,137.9024139,962.5983784,9684.844056,52394.45709,81.89351106,3886.708503,650.735472,1182.528956,9836.219135,-13230726.09,-33358.22413,722.4209053,769.0548795,2444425.967,0.0%,919.8866304,0.0%,0.0%,0.0%,197.1390391,0.0%,,ECAL_Bloom(Prather)_20251217.csv,,,,,,,,,,
,,,,,,,,,,,,,,,,,,,,,,,,,,,,,,,,,,,,,ECAL_Bloom(Prather)_20251217.csv,,,,,,,,,,
,,,,,,,,,,,,,,,,,,,,,,,,,,,,,,,,,,,,,ECAL_Bloom(Prather)_20251217.csv,,,,,,,,,,
,,,,,,,,,,,,,,,,,,,,,,,,,,,,,,,,,,,,,ECAL_Bloom(Prather)_20251217.csv,,,,,,,,,,
,,,Mean:,0.1%,130400.1525,10422.20237,1396.984766,199087.3666,38527.80337,75915966.18,212.3076525,498.7710479,743.1854909,3769.510888,209.5697032,1152.585564,12250.25805,70046.85017,124.6658603,5019.025112,921.1009592,1411.837287,12330.60817,-76410615.62,-1286672.964,42544.28419,109949.6742,1995025.685,0.0%,771.2159344,0.0%,0.0%,0.0%,156.6458887,0.0%,,ECAL_Bloom(Prather)_20251217.csv,,,,,,,,,,
,,,RSD [%]:,82.4022283,198.3720858,197.0139922,183.0167302,123.9178423,45.75070284,170.9011918,39.37368387,33.31992874,31.81488037,81.56622677,34.45473096,24.91749919,31.83330929,33.14227498,65.48634828,32.99562084,44.63484608,105.6855534,53.41667377,186.107461,218.1391266,218.6241499,222.2793661,25.00878915,26.14561883,17.95901592,74.68947361,68.05423404,20.55187546,27.23038223,14.4004165,,ECAL_Bloom(Prather)_20251217.csv,,,,,,,,,,
,,,SD:,0.0%,258677.5025,20533.19696,2556.71584,246704.7689,17626.74083,129741291,83.59334393,166.1901577,236.4435749,3074.647799,72.20667742,287.1954985,3899.662535,23215.11969,81.63911945,1656.058496,411.1319954,1492.108051,6586.600743,142205856.7,2806737.166,93012.07964,244395.4389,498931.7671,0.0%,138.5027924,0.0%,0.0%,0.0%,42.65527424,0.0%,,ECAL_Bloom(Prather)_20251217.csv,,,,,,,,,,
,,,,,,,,,,,,,,,,,,,,,,,,,,,,,,,,,,,,,ECAL_Bloom(Prather)_20251217.csv,,,,,,,,,,
,,,,,,,,,,,,,,,,,,,,,,,,,,,,,,,,,,,,,ECAL_Bloom(Prather)_20251217.csv,,,,,,,,,,
,,,,,,,,,,,,,,,,,,,,,,,,,,,,,,,,,,,,,ECAL_Bloom(Prather)_20251217.csv,,,,,,,,,,
No,,Sample Type,Label,6Li (KED),23Na (KED) [ppb],24Mg (KED) [ppb],27Al (KED) [ppb],39K (KED) [ppb],44Ca (KED) [ppb],32S (KED) [ppb],51V (KED) [ppb],52Cr (KED) [ppb],55Mn (KED) [ppb],57Fe (KED) [ppb],59Co (KED) [ppb],60Ni (KED) [ppb],63Cu (KED) [ppb],66Zn (KED) [ppb],71Ga (KED) [ppb],72Ge (KED) [ppb],75As (KED) [ppb],77Se (KED) [ppb],88Sr (KED) [ppb],95Mo (KED) [ppb],105Pd (KED) [ppb],107Ag (KED) [ppb],111Cd (KED) [ppb],182W (KED) [ppb],45Sc (KED),208Pb (KED) [ppb],89Y (KED),113In (KED),209Bi (KED),238U (KED) [ppb],159Tb (KED),,ECAL_Bloom(Prather)_20251217.csv,,,,,,,,,,
2,,BLK,,100.0%,0,0,0,0,0,0,0,0,0,0,0,0,0,0,0,0,0,0,0,0,0,0,0,0,100.0%,0,100.0%,100.0%,100.0%,0,100.0%,,ECAL_Bloom(Prather)_20251217.csv,,,,,,,,,,
,,,,,,,,,,,,,,,,,,,,,,,,,,,,,,,,,,,,,ECAL_Bloom(Prather)_20251217.csv,,,,,,,,,,
2,,BLK,02_Blank,,,,,,,,,,,,,,,,,,,,,,,,,,,,,,,,,,ECAL_Bloom(Prather)_20251217.csv,,,,,,,,,,
,,,,,,,,,,,,,,,,,,,,,,,,,,,,,,,,,,,,,ECAL_Bloom(Prather)_20251217.csv,,,,,,,,,,
,,,Residuum:,,0.0,0.0,0.0,0.0,0.0,0.0,0.0,0.0,0.0,0.0,0.0,0.0,0.0,0.0,0.0,0.0,0.0,0.0,0.0,0.0,0.0,0.0,0.0,0.0,,0.0,,,,0.0,,,ECAL_Bloom(Prather)_20251217.csv,,,,,,,,,,
,,,IDL(LOD):,,0.6,0.1,0.4,0.6,0.7,293.4,0.0,0.0,0.0,0.1,0.0,0.0,0.0,0.1,0.0,0.0,0.0,0.0,0.0,,,0.0,0.0,7.9,,0.0,,,,0.0,,,ECAL_Bloom(Prather)_20251217.csv,,,,,,,,,,
,,,,,,,,,,,,,,,,,,,,,,,,,,,,,,,,,,,,,ECAL_Bloom(Prather)_20251217.csv,,,,,,,,,,
,,,Mean:,100.0%,0,0,0,0,0,0,0,0,0,0,0,0,0,0,0,0,0,0,0,0,0,0,0,0,100.0%,0,100.0%,100.0%,100.0%,0,100.0%,,ECAL_Bloom(Prather)_20251217.csv,,,,,,,,,,
,,,RSD [%]:,,0.048511483,0.084862252,0.36937692,0.021439285,0.152126243,0.021522915,0.290513658,0.074792201,0.143741177,0.145887631,0.249371642,0.067902506,0.068735264,0.058057821,0.338405814,0.912943389,0.168766243,0.912985292,0.122156737,0.174787051,0.056466326,0.081813988,1.731482683,0.146044079,,0.040115111,,,,0.174430515,,,ECAL_Bloom(Prather)_20251217.csv,,,,,,,,,,
,,,SD:,,0.189646661,0.039365647,0.123663286,0.20939808,0.227431614,97.78948214,0.000507589,0.00053995,0.001316879,0.027867715,0.000478251,0.002240248,0.007854913,0.020118641,0.000252625,0.011528345,0.001405283,0.001771335,0.004779947,94.77417037,26.82647183,0.002679802,0.010249936,2.639717228,,0.000309499,,,,6.34375E-05,,,ECAL_Bloom(Prather)_20251217.csv,,,,,,,,,,
,,,,,,,,,,,,,,,,,,,,,,,,,,,,,,,,,,,,,ECAL_Bloom(Prather)_20251217.csv,,,,,,,,,,
No,,Sample Type,Label,6Li (KED),23Na (KED) [ppb],24Mg (KED) [ppb],27Al (KED) [ppb],39K (KED) [ppb],44Ca (KED) [ppb],32S (KED) [ppb],51V (KED) [ppb],52Cr (KED) [ppb],55Mn (KED) [ppb],57Fe (KED) [ppb],59Co (KED) [ppb],60Ni (KED) [ppb],63Cu (KED) [ppb],66Zn (KED) [ppb],71Ga (KED) [ppb],72Ge (KED) [ppb],75As (KED) [ppb],77Se (KED) [ppb],88Sr (KED) [ppb],95Mo (KED) [ppb],105Pd (KED) [ppb],107Ag (KED) [ppb],111Cd (KED) [ppb],182W (KED) [ppb],45Sc (KED),208Pb (KED) [ppb],89Y (KED),113In (KED),209Bi (KED),238U (KED) [ppb],159Tb (KED),,ECAL_Bloom(Prather)_20251217.csv,,,,,,,,,,
3,,STD,,,,,,,,,,,,,,,,,,,,,,,,,,,,,,,,,,,ECAL_Bloom(Prather)_20251217.csv,,,,,,,,,,
,,,,,,,,,,,,,,,,,,,,,,,,,,,,,,,,,,,,,ECAL_Bloom(Prather)_20251217.csv,,,,,,,,,,
3,,STD,03_5ppb,106.3%,4.343 (5.000),4.593 (5.000),4.704 (5.000),3.901 (5.000),4.992 (5.000),-296.129 (5.000),4.248 (5.000),4.284 (5.000),4.077 (5.000),4.022 (5.000),4.066 (5.000),4.224 (5.000),4.109 (5.000),3.887 (5.000),3.764 (5.000),3.967 (5.000),3.671 (5.000),3.727 (5.000),3.651 (5.000),193.222 (5.000),91.364 (5.000),53.619 (5.000),64.912 (5.000),-2.272 (5.000),108.2%,3.718 (5.000),151.5%,128.6%,138.8%,4.797 (5.000),134.9%,,ECAL_Bloom(Prather)_20251217.csv,,,,,,,,,,
,,,,,,,,,,,,,,,,,,,,,,,,,,,,,,,,,,,,,ECAL_Bloom(Prather)_20251217.csv,,,,,,,,,,
3,,,1,105.2%,4.138 (5.000),4.714 (5.000),4.853 (5.000),4.202 (5.000),5.039 (5.000),-255.990 (5.000),4.435 (5.000),4.501 (5.000),4.252 (5.000),4.398 (5.000),4.452 (5.000),4.706 (5.000),4.635 (5.000),4.398 (5.000),4.305 (5.000),4.798 (5.000),4.294 (5.000),4.280 (5.000),4.417 (5.000),240.636 (5.000),63.671 (5.000),56.888 (5.000),68.284 (5.000),-2.171 (5.000),106.7%,4.404 (5.000),119.0%,126.6%,113.8%,4.726 (5.000),112.4%,,ECAL_Bloom(Prather)_20251217.csv,,,,,,,,,,
3,,,2,105.8%,4.682 (5.000),4.616 (5.000),4.880 (5.000),3.968 (5.000),4.966 (5.000),-300.004 (5.000),4.362 (5.000),4.416 (5.000),4.286 (5.000),4.264 (5.000),4.317 (5.000),4.501 (5.000),4.326 (5.000),4.211 (5.000),4.184 (5.000),4.397 (5.000),4.095 (5.000),4.271 (5.000),4.323 (5.000),177.552 (5.000),66.212 (5.000),54.950 (5.000),64.365 (5.000),-0.318 (5.000),109.8%,4.303 (5.000),128.5%,130.3%,121.2%,4.613 (5.000),116.0%,,ECAL_Bloom(Prather)_20251217.csv,,,,,,,,,,
3,,,3,105.6%,4.330 (5.000),4.464 (5.000),4.611 (5.000),3.553 (5.000),4.725 (5.000),-322.309 (5.000),4.247 (5.000),4.245 (5.000),4.078 (5.000),4.060 (5.000),3.993 (5.000),4.107 (5.000),3.964 (5.000),3.813 (5.000),3.744 (5.000),3.908 (5.000),3.569 (5.000),3.727 (5.000),3.515 (5.000),163.163 (5.000),95.630 (5.000),54.675 (5.000),64.203 (5.000),-1.919 (5.000),108.9%,3.494 (5.000),152.9%,128.0%,140.8%,4.715 (5.000),134.5%,,ECAL_Bloom(Prather)_20251217.csv,,,,,,,,,,
3,,,4,106.3%,4.298 (5.000),4.513 (5.000),4.608 (5.000),3.516 (5.000),5.185 (5.000),-341.040 (5.000),4.196 (5.000),4.185 (5.000),3.960 (5.000),3.766 (5.000),3.813 (5.000),3.922 (5.000),3.955 (5.000),3.574 (5.000),3.354 (5.000),3.433 (5.000),3.274 (5.000),3.375 (5.000),3.105 (5.000),198.984 (5.000),113.429 (5.000),52.214 (5.000),64.976 (5.000),-3.034 (5.000),107.2%,3.115 (5.000),171.5%,128.8%,159.1%,4.991 (5.000),153.6%,,ECAL_Bloom(Prather)_20251217.csv,,,,,,,,,,
3,,,5,108.5%,4.267 (5.000),4.657 (5.000),4.569 (5.000),4.264 (5.000),5.046 (5.000),-261.300 (5.000),3.998 (5.000),4.072 (5.000),3.809 (5.000),3.621 (5.000),3.753 (5.000),3.884 (5.000),3.664 (5.000),3.441 (5.000),3.235 (5.000),3.298 (5.000),3.121 (5.000),2.985 (5.000),2.893 (5.000),185.777 (5.000),117.877 (5.000),49.366 (5.000),62.732 (5.000),-3.918 (5.000),108.3%,3.276 (5.000),185.7%,129.3%,159.1%,4.939 (5.000),157.8%,,ECAL_Bloom(Prather)_20251217.csv,,,,,,,,,,
,,,,,,,,,,,,,,,,,,,,,,,,,,,,,,,,,,,,,ECAL_Bloom(Prather)_20251217.csv,,,,,,,,,,
,,,Residuum:,,-0.7,-0.4,-0.3,-1.1,0.0,-301.1,-0.8,-0.7,-0.9,-1.0,-0.9,-0.8,-0.9,-1.1,-1.2,-1.0,-1.3,-1.3,-1.3,188.2,86.4,48.6,59.9,-7.3,,-1.3,,,,-0.2,,,ECAL_Bloom(Prather)_20251217.csv,,,,,,,,,,
,,,Confidence Delta:,,+/-0.2,+/-0.2,+/-0.2,+/-0.2,+/-0.1,,+/-0.2,+/-0.2,+/-0.2,+/-0.2,+/-0.2,+/-0.2,+/-0.2,+/-0.1,+/-0.2,+/-0.2,+/-0.2,+/-0.2,+/-0.2,+/-454.3,+/-138.2,+/-82.0,+/-114.6,+/-0.2,,+/-0.2,,,,+/-0.3,,,ECAL_Bloom(Prather)_20251217.csv,,,,,,,,,,
,,,,,,,,,,,,,,,,,,,,,,,,,,,,,,,,,,,,,ECAL_Bloom(Prather)_20251217.csv,,,,,,,,,,
4,,STD,04_10ppb,113.6%,8.918 (10.000),8.807 (10.000),8.580 (10.000),7.674 (10.000),10.296 (10.000),-486.178 (10.000),8.330 (10.000),8.428 (10.000),8.182 (10.000),8.166 (10.000),8.178 (10.000),8.366 (10.000),8.243 (10.000),8.105 (10.000),7.924 (10.000),8.348 (10.000),7.835 (10.000),7.976 (10.000),8.005 (10.000),215.366 (10.000),110.323 (10.000),95.919 (10.000),110.256 (10.000),0.950 (10.000),114.4%,7.804 (10.000),138.0%,154.3%,144.7%,8.403 (10.000),144.5%,,ECAL_Bloom(Prather)_20251217.csv,,,,,,,,,,
,,,,,,,,,,,,,,,,,,,,,,,,,,,,,,,,,,,,,ECAL_Bloom(Prather)_20251217.csv,,,,,,,,,,
4,,,1,113.4%,8.887 (10.000),9.000 (10.000),8.402 (10.000),8.020 (10.000),10.053 (10.000),-381.619 (10.000),8.136 (10.000),8.274 (10.000),7.862 (10.000),7.775 (10.000),7.622 (10.000),7.679 (10.000),7.530 (10.000),7.115 (10.000),7.008 (10.000),7.420 (10.000),6.706 (10.000),6.727 (10.000),6.537 (10.000),318.163 (10.000),136.406 (10.000),90.264 (10.000),109.212 (10.000),-5.097 (10.000),113.3%,6.031 (10.000),166.9%,153.7%,171.4%,8.657 (10.000),179.4%,,ECAL_Bloom(Prather)_20251217.csv,,,,,,,,,,
4,,,2,112.9%,9.078 (10.000),8.933 (10.000),8.478 (10.000),7.777 (10.000),10.077 (10.000),-538.657 (10.000),8.097 (10.000),8.202 (10.000),7.896 (10.000),7.597 (10.000),7.782 (10.000),7.915 (10.000),7.594 (10.000),7.303 (10.000),7.240 (10.000),7.468 (10.000),7.054 (10.000),7.260 (10.000),6.927 (10.000),230.037 (10.000),122.709 (10.000),93.361 (10.000),106.670 (10.000),-2.611 (10.000),115.3%,9.137 (10.000),156.3%,156.5%,170.5%,7.965 (10.000),165.6%,,ECAL_Bloom(Prather)_20251217.csv,,,,,,,,,,
4,,,3,114.7%,9.127 (10.000),8.559 (10.000),8.477 (10.000),7.406 (10.000),9.954 (10.000),-373.383 (10.000),8.543 (10.000),8.508 (10.000),8.351 (10.000),8.706 (10.000),8.490 (10.000),8.746 (10.000),8.656 (10.000),8.516 (10.000),8.299 (10.000),9.264 (10.000),8.277 (10.000),8.215 (10.000),8.392 (10.000),169.110 (10.000),94.979 (10.000),100.924 (10.000),112.209 (10.000),3.738 (10.000),113.8%,7.433 (10.000),127.4%,151.9%,133.0%,8.665 (10.000),133.8%,,ECAL_Bloom(Prather)_20251217.csv,,,,,,,,,,
4,,,4,113.4%,8.753 (10.000),8.753 (10.000),8.917 (10.000),7.806 (10.000),10.206 (10.000),-537.318 (10.000),8.481 (10.000),8.706 (10.000),8.440 (10.000),8.379 (10.000),8.573 (10.000),8.851 (10.000),8.834 (10.000),8.847 (10.000),8.439 (10.000),8.937 (10.000),8.580 (10.000),8.850 (10.000),9.063 (10.000),171.422 (10.000),100.776 (10.000),96.505 (10.000),112.643 (10.000),5.657 (10.000),113.3%,8.087 (10.000),119.2%,156.1%,125.6%,8.750 (10.000),123.4%,,ECAL_Bloom(Prather)_20251217.csv,,,,,,,,,,
4,,,5,113.7%,8.744 (10.000),8.788 (10.000),8.626 (10.000),7.358 (10.000),11.190 (10.000),-599.912 (10.000),8.394 (10.000),8.450 (10.000),8.362 (10.000),8.372 (10.000),8.422 (10.000),8.639 (10.000),8.604 (10.000),8.747 (10.000),8.635 (10.000),8.653 (10.000),8.559 (10.000),8.829 (10.000),9.107 (10.000),188.097 (10.000),96.746 (10.000),98.543 (10.000),110.547 (10.000),3.065 (10.000),116.3%,8.331 (10.000),120.0%,153.3%,123.2%,7.977 (10.000),120.1%,,ECAL_Bloom(Prather)_20251217.csv,,,,,,,,,,
,,,,,,,,,,,,,,,,,,,,,,,,,,,,,,,,,,,,,ECAL_Bloom(Prather)_20251217.csv,,,,,,,,,,
,,,Residuum:,,-1.1,-1.2,-1.4,-2.3,0.3,-496.2,-1.7,-1.6,-1.8,-1.8,-1.8,-1.6,-1.8,-1.9,-2.1,-1.7,-2.2,-2.0,-2.0,205.4,100.3,85.9,100.3,-9.0,,-2.2,,,,-1.6,,,ECAL_Bloom(Prather)_20251217.csv,,,,,,,,,,
,,,Confidence Delta:,,+/-0.3,+/-0.4,+/-0.4,+/-0.4,+/-0.2,,+/-0.4,+/-0.4,+/-0.4,+/-0.4,+/-0.4,+/-0.4,+/-0.4,+/-0.3,+/-0.4,+/-0.4,+/-0.4,+/-0.4,+/-0.4,+/-506.3,+/-166.8,+/-146.7,+/-194.6,+/-0.1,,+/-0.4,,,,+/-0.5,,,ECAL_Bloom(Prather)_20251217.csv,,,,,,,,,,
,,,,,,,,,,,,,,,,,,,,,,,,,,,,,,,,,,,,,ECAL_Bloom(Prather)_20251217.csv,,,,,,,,,,
5,,STD,05_50ppb,110.2%,48.709 (50.000),45.973 (50.000),45.514 (50.000),49.346 (50.000),52.764 (50.000),-318.044 (50.000),44.189 (50.000),45.191 (50.000),44.599 (50.000),45.293 (50.000),45.716 (50.000),46.109 (50.000),46.384 (50.000),51.140 (50.000),45.737 (50.000),47.403 (50.000),45.467 (50.000),46.882 (50.000),48.654 (50.000),260.519 (50.000),251.894 (50.000),266.100 (50.000),285.263 (50.000),39.657 (50.000),107.6%,44.726 (50.000),108.8%,310.9%,112.2%,43.802 (50.000),108.9%,,ECAL_Bloom(Prather)_20251217.csv,,,,,,,,,,
,,,,,,,,,,,,,,,,,,,,,,,,,,,,,,,,,,,,,ECAL_Bloom(Prather)_20251217.csv,,,,,,,,,,
5,,,1,115.6%,46.785 (50.000),44.265 (50.000),43.495 (50.000),48.503 (50.000),54.081 (50.000),-332.600 (50.000),44.887 (50.000),45.129 (50.000),43.620 (50.000),45.516 (50.000),45.843 (50.000),46.023 (50.000),47.089 (50.000),52.206 (50.000),45.982 (50.000),46.938 (50.000),45.901 (50.000),47.348 (50.000),48.555 (50.000),313.279 (50.000),248.826 (50.000),264.172 (50.000),289.318 (50.000),39.365 (50.000),108.8%,44.085 (50.000),107.0%,312.7%,111.6%,45.035 (50.000),106.7%,,ECAL_Bloom(Prather)_20251217.csv,,,,,,,,,,
5,,,2,110.2%,48.709 (50.000),45.912 (50.000),45.358 (50.000),48.112 (50.000),51.928 (50.000),-378.708 (50.000),43.492 (50.000),44.746 (50.000),44.300 (50.000),45.136 (50.000),45.970 (50.000),45.973 (50.000),45.856 (50.000),50.741 (50.000),45.991 (50.000),45.068 (50.000),44.972 (50.000),45.897 (50.000),49.257 (50.000),289.711 (50.000),254.931 (50.000),259.312 (50.000),277.761 (50.000),39.116 (50.000),108.5%,45.557 (50.000),110.7%,318.1%,110.9%,43.709 (50.000),108.7%,,ECAL_Bloom(Prather)_20251217.csv,,,,,,,,,,
5,,,3,107.8%,50.500 (50.000),47.672 (50.000),46.092 (50.000),49.901 (50.000),52.319 (50.000),-317.847 (50.000),43.692 (50.000),44.963 (50.000),45.405 (50.000),44.582 (50.000),44.282 (50.000),46.562 (50.000),46.639 (50.000),51.073 (50.000),46.299 (50.000),49.660 (50.000),45.740 (50.000),46.647 (50.000),49.019 (50.000),218.713 (50.000),257.561 (50.000),276.040 (50.000),285.024 (50.000),38.151 (50.000),108.0%,43.240 (50.000),108.1%,309.0%,116.4%,41.915 (50.000),113.9%,,ECAL_Bloom(Prather)_20251217.csv,,,,,,,,,,
5,,,4,108.6%,48.579 (50.000),46.038 (50.000),45.844 (50.000),49.193 (50.000),51.918 (50.000),-345.562 (50.000),44.850 (50.000),45.773 (50.000),44.409 (50.000),45.339 (50.000),45.303 (50.000),45.761 (50.000),46.247 (50.000),50.910 (50.000),44.793 (50.000),49.074 (50.000),44.970 (50.000),46.625 (50.000),46.908 (50.000),239.017 (50.000),255.669 (50.000),266.427 (50.000),292.383 (50.000),40.571 (50.000),107.8%,44.409 (50.000),110.5%,304.6%,111.7%,44.701 (50.000),108.1%,,ECAL_Bloom(Prather)_20251217.csv,,,,,,,,,,
5,,,5,109.0%,48.976 (50.000),45.978 (50.000),46.780 (50.000),51.021 (50.000),53.575 (50.000),-215.500 (50.000),44.024 (50.000),45.343 (50.000),45.261 (50.000),45.892 (50.000),47.182 (50.000),46.226 (50.000),46.090 (50.000),50.770 (50.000),45.617 (50.000),46.273 (50.000),45.752 (50.000),47.891 (50.000),49.532 (50.000),241.872 (50.000),242.483 (50.000),264.547 (50.000),281.831 (50.000),41.080 (50.000),105.1%,46.338 (50.000),108.0%,310.1%,110.4%,43.648 (50.000),107.3%,,ECAL_Bloom(Prather)_20251217.csv,,,,,,,,,,
,,,,,,,,,,,,,,,,,,,,,,,,,,,,,,,,,,,,,ECAL_Bloom(Prather)_20251217.csv,,,,,,,,,,
,,,Residuum:,,-1.3,-4.0,-4.5,-0.7,2.8,-368.0,-5.8,-4.8,-5.4,-4.7,-4.3,-3.9,-3.6,1.1,-4.3,-2.6,-4.5,-3.1,-1.3,210.5,201.9,216.1,235.3,-10.3,,-5.3,,,,-6.2,,,ECAL_Bloom(Prather)_20251217.csv,,,,,,,,,,
,,,Confidence Delta:,,+/-1.8,+/-2.0,+/-2.1,+/-2.3,+/-1.2,,+/-2.3,+/-2.4,+/-2.4,+/-2.3,+/-2.2,+/-2.0,+/-2.0,+/-2.0,+/-2.1,+/-2.1,+/-2.1,+/-2.1,+/-2.4,+/-612.5,+/-380.9,+/-407.1,+/-503.5,+/-3.2,,+/-2.3,,,,+/-2.4,,,ECAL_Bloom(Prather)_20251217.csv,,,,,,,,,,
,,,,,,,,,,,,,,,,,,,,,,,,,,,,,,,,,,,,,ECAL_Bloom(Prather)_20251217.csv,,,,,,,,,,
6,,STD,06_100ppb,114.5%,86.061 (100.000),84.385 (100.000),83.408 (100.000),82.676 (100.000),92.130 (100.000),-532.244 (100.000),81.659 (100.000),81.434 (100.000),80.911 (100.000),81.717 (100.000),82.420 (100.000),84.181 (100.000),84.545 (100.000),85.857 (100.000),83.729 (100.000),84.031 (100.000),83.467 (100.000),84.128 (100.000),81.862 (100.000),321.358 (100.000),321.224 (100.000),327.968 (100.000),340.759 (100.000),74.886 (100.000),113.7%,82.082 (100.000),117.0%,517.8%,121.4%,80.670 (100.000),119.2%,,ECAL_Bloom(Prather)_20251217.csv,,,,,,,,,,
,,,,,,,,,,,,,,,,,,,,,,,,,,,,,,,,,,,,,ECAL_Bloom(Prather)_20251217.csv,,,,,,,,,,
6,,,1,110.7%,88.198 (100.000),86.746 (100.000),88.297 (100.000),84.866 (100.000),93.745 (100.000),-303.331 (100.000),81.972 (100.000),80.954 (100.000),81.269 (100.000),81.871 (100.000),83.581 (100.000),85.772 (100.000),84.202 (100.000),86.347 (100.000),85.652 (100.000),86.937 (100.000),85.308 (100.000),86.406 (100.000),83.283 (100.000),359.684 (100.000),325.271 (100.000),323.266 (100.000),336.536 (100.000),74.624 (100.000),113.5%,83.573 (100.000),116.3%,533.1%,121.1%,78.426 (100.000),120.9%,,ECAL_Bloom(Prather)_20251217.csv,,,,,,,,,,
6,,,2,114.1%,85.844 (100.000),83.261 (100.000),82.331 (100.000),83.388 (100.000),89.848 (100.000),-553.793 (100.000),81.985 (100.000),80.866 (100.000),80.628 (100.000),81.716 (100.000),81.850 (100.000),83.566 (100.000),86.100 (100.000),85.204 (100.000),81.813 (100.000),83.545 (100.000),82.405 (100.000),83.052 (100.000),80.265 (100.000),347.784 (100.000),314.081 (100.000),335.646 (100.000),349.406 (100.000),73.619 (100.000),114.4%,78.758 (100.000),118.9%,508.2%,123.6%,79.812 (100.000),121.1%,,ECAL_Bloom(Prather)_20251217.csv,,,,,,,,,,
6,,,3,119.7%,83.928 (100.000),82.880 (100.000),82.050 (100.000),82.686 (100.000),94.637 (100.000),-589.026 (100.000),81.356 (100.000),82.837 (100.000),80.585 (100.000),81.880 (100.000),83.191 (100.000),83.931 (100.000),85.039 (100.000),88.138 (100.000),84.767 (100.000),82.342 (100.000),84.417 (100.000),84.968 (100.000),83.010 (100.000),318.826 (100.000),322.454 (100.000),328.886 (100.000),346.979 (100.000),79.118 (100.000),112.8%,83.281 (100.000),115.5%,513.2%,120.9%,83.026 (100.000),115.7%,,ECAL_Bloom(Prather)_20251217.csv,,,,,,,,,,
6,,,4,112.5%,85.280 (100.000),84.463 (100.000),83.479 (100.000),81.456 (100.000),91.815 (100.000),-538.278 (100.000),82.373 (100.000),81.011 (100.000),79.955 (100.000),78.824 (100.000),81.439 (100.000),82.837 (100.000),82.740 (100.000),84.851 (100.000),83.376 (100.000),82.201 (100.000),82.718 (100.000),82.744 (100.000),81.871 (100.000),273.255 (100.000),317.279 (100.000),321.069 (100.000),332.778 (100.000),72.733 (100.000),114.9%,84.710 (100.000),116.9%,517.4%,118.6%,81.547 (100.000),117.0%,,ECAL_Bloom(Prather)_20251217.csv,,,,,,,,,,
6,,,5,115.7%,87.054 (100.000),84.575 (100.000),80.883 (100.000),80.984 (100.000),90.608 (100.000),-676.791 (100.000),80.606 (100.000),81.500 (100.000),82.117 (100.000),84.294 (100.000),82.038 (100.000),84.798 (100.000),84.642 (100.000),84.743 (100.000),83.038 (100.000),85.132 (100.000),82.487 (100.000),83.471 (100.000),80.883 (100.000),307.240 (100.000),327.033 (100.000),330.973 (100.000),338.094 (100.000),74.336 (100.000),112.7%,80.088 (100.000),117.1%,516.9%,122.9%,80.540 (100.000),121.2%,,ECAL_Bloom(Prather)_20251217.csv,,,,,,,,,,
,,,,,,,,,,,,,,,,,,,,,,,,,,,,,,,,,,,,,ECAL_Bloom(Prather)_20251217.csv,,,,,,,,,,
,,,Residuum:,,-13.9,-15.6,-16.6,-17.3,-7.9,-632.2,-18.3,-18.6,-19.1,-18.3,-17.6,-15.8,-15.5,-14.1,-16.3,-16.0,-16.5,-15.9,-18.1,221.4,221.2,228.0,240.8,-25.1,,-17.9,,,,-19.3,,,ECAL_Bloom(Prather)_20251217.csv,,,,,,,,,,
,,,Confidence Delta:,,+/-3.2,+/-3.7,+/-3.9,+/-3.9,+/-2.0,,+/-4.3,+/-4.2,+/-4.4,+/-4.2,+/-4.1,+/-3.7,+/-3.6,+/-3.3,+/-3.8,+/-3.7,+/-3.9,+/-3.7,+/-4.0,+/-755.5,+/-485.8,+/-501.7,+/-601.4,+/-6.1,,+/-4.2,,,,+/-4.5,,,ECAL_Bloom(Prather)_20251217.csv,,,,,,,,,,
,,,,,,,,,,,,,,,,,,,,,,,,,,,,,,,,,,,,,ECAL_Bloom(Prather)_20251217.csv,,,,,,,,,,
7,,STD,07_500ppb,90.7%,502.945 (500.000),503.554 (500.000),503.798 (500.000),503.588 (500.000),501.292 (500.000),676.188 (500.000),504.290 (500.000),504.233 (500.000),504.404 (500.000),504.174 (500.000),503.990 (500.000),503.593 (500.000),503.497 (500.000),502.764 (500.000),503.734 (500.000),503.497 (500.000),503.816 (500.000),503.539 (500.000),503.816 (500.000),428.687 (500.000),432.696 (500.000),430.592 (500.000),425.718 (500.000),506.311 (500.000),85.4%,504.168 (500.000),91.6%,"1,934.1%",97.3%,504.520 (500.000),95.8%,,ECAL_Bloom(Prather)_20251217.csv,,,,,,,,,,
,,,,,,,,,,,,,,,,,,,,,,,,,,,,,,,,,,,,,ECAL_Bloom(Prather)_20251217.csv,,,,,,,,,,
7,,,1,94.3%,490.516 (500.000),494.874 (500.000),503.141 (500.000),505.303 (500.000),507.944 (500.000),722.875 (500.000),511.029 (500.000),508.863 (500.000),507.197 (500.000),508.494 (500.000),510.547 (500.000),508.782 (500.000),514.472 (500.000),513.023 (500.000),508.202 (500.000),517.135 (500.000),514.737 (500.000),515.036 (500.000),509.725 (500.000),445.593 (500.000),432.292 (500.000),429.590 (500.000),436.369 (500.000),527.905 (500.000),85.2%,519.472 (500.000),90.4%,"1,939.0%",94.0%,525.345 (500.000),95.2%,,ECAL_Bloom(Prather)_20251217.csv,,,,,,,,,,
7,,,2,91.3%,512.035 (500.000),511.443 (500.000),518.290 (500.000),511.252 (500.000),506.584 (500.000),905.886 (500.000),504.209 (500.000),509.073 (500.000),516.621 (500.000),507.864 (500.000),520.449 (500.000),513.855 (500.000),506.346 (500.000),513.343 (500.000),513.132 (500.000),501.467 (500.000),508.846 (500.000),508.235 (500.000),512.722 (500.000),411.251 (500.000),433.090 (500.000),419.276 (500.000),416.756 (500.000),495.706 (500.000),85.4%,520.345 (500.000),91.9%,"1,963.7%",97.2%,497.462 (500.000),96.5%,,ECAL_Bloom(Prather)_20251217.csv,,,,,,,,,,
7,,,3,90.5%,502.236 (500.000),503.002 (500.000),499.843 (500.000),504.719 (500.000),497.696 (500.000),617.410 (500.000),509.283 (500.000),500.670 (500.000),508.433 (500.000),500.317 (500.000),493.120 (500.000),505.036 (500.000),500.916 (500.000),493.933 (500.000),507.382 (500.000),505.814 (500.000),500.887 (500.000),498.053 (500.000),503.521 (500.000),426.294 (500.000),433.348 (500.000),438.548 (500.000),417.826 (500.000),481.296 (500.000),86.4%,476.834 (500.000),92.0%,"1,930.8%",100.9%,484.312 (500.000),99.2%,,ECAL_Bloom(Prather)_20251217.csv,,,,,,,,,,
7,,,4,88.8%,498.358 (500.000),511.694 (500.000),502.791 (500.000),502.794 (500.000),498.289 (500.000),597.241 (500.000),502.317 (500.000),502.612 (500.000),496.349 (500.000),505.880 (500.000),499.600 (500.000),499.801 (500.000),504.979 (500.000),490.010 (500.000),494.546 (500.000),506.968 (500.000),493.648 (500.000),494.861 (500.000),487.140 (500.000),416.557 (500.000),432.667 (500.000),442.863 (500.000),437.458 (500.000),516.844 (500.000),84.7%,492.097 (500.000),93.0%,"1,883.7%",97.9%,509.025 (500.000),94.9%,,ECAL_Bloom(Prather)_20251217.csv,,,,,,,,,,
7,,,5,88.6%,511.580 (500.000),496.755 (500.000),494.927 (500.000),493.871 (500.000),495.946 (500.000),537.528 (500.000),494.614 (500.000),499.947 (500.000),493.417 (500.000),498.313 (500.000),496.234 (500.000),490.493 (500.000),490.770 (500.000),503.510 (500.000),495.410 (500.000),486.100 (500.000),500.965 (500.000),501.512 (500.000),505.970 (500.000),443.740 (500.000),432.081 (500.000),422.683 (500.000),420.179 (500.000),509.803 (500.000),85.6%,512.092 (500.000),90.8%,"1,953.0%",96.6%,506.455 (500.000),93.1%,,ECAL_Bloom(Prather)_20251217.csv,,,,,,,,,,
,,,,,,,,,,,,,,,,,,,,,,,,,,,,,,,,,,,,,ECAL_Bloom(Prather)_20251217.csv,,,,,,,,,,
,,,Residuum:,,2.9,3.6,3.8,3.6,1.3,176.2,4.3,4.2,4.4,4.2,4.0,3.6,3.5,2.8,3.7,3.5,3.8,3.5,3.8,-71.3,-67.3,-69.4,-74.3,6.3,,4.2,,,,4.5,,,ECAL_Bloom(Prather)_20251217.csv,,,,,,,,,,
,,,Confidence Delta:,,+/-19.0,+/-21.9,+/-23.5,+/-23.8,+/-11.0,,+/-26.4,+/-26.3,+/-27.3,+/-25.9,+/-24.8,+/-22.2,+/-21.7,+/-19.3,+/-23.1,+/-22.1,+/-23.6,+/-22.2,+/-24.9,"+/-1,007.9",+/-654.3,+/-658.7,+/-751.3,+/-41.0,,+/-25.7,,,,+/-27.9,,,ECAL_Bloom(Prather)_20251217.csv,,,,,,,,,,
,,,,,,,,,,,,,,,,,,,,,,,,,,,,,,,,,,,,,ECAL_Bloom(Prather)_20251217.csv,,,,,,,,,,
,,,Calibrations,,,,,,,,,,,,,,,,,,,,,,,,,,,,,,,,,,ECAL_Bloom(Prather)_20251217.csv,,,,,,,,,,
,,,,,,,,,,,,,,,,,,,,,,,,,,,,,,,,,,,,,ECAL_Bloom(Prather)_20251217.csv,,,,,,,,,,
No,,Sample Type,Label,6Li (KED),23Na (KED) [ppb],24Mg (KED) [ppb],27Al (KED) [ppb],39K (KED) [ppb],44Ca (KED) [ppb],32S (KED) [ppb],51V (KED) [ppb],52Cr (KED) [ppb],55Mn (KED) [ppb],57Fe (KED) [ppb],59Co (KED) [ppb],60Ni (KED) [ppb],63Cu (KED) [ppb],66Zn (KED) [ppb],71Ga (KED) [ppb],72Ge (KED) [ppb],75As (KED) [ppb],77Se (KED) [ppb],88Sr (KED) [ppb],95Mo (KED) [ppb],105Pd (KED) [ppb],107Ag (KED) [ppb],111Cd (KED) [ppb],182W (KED) [ppb],45Sc (KED),208Pb (KED) [ppb],89Y (KED),113In (KED),209Bi (KED),238U (KED) [ppb],159Tb (KED),,ECAL_Bloom(Prather)_20251217.csv,,,,,,,,,,
8,,UNKNOWN,08_Rinse,0.1%,9297.140301,713.5684407,144.5571441,66790.556,22879.59103,13476883.61,2082.707022,871.6253771,1115.383727,4007.307085,392.1205829,1578.015278,13739.63405,65800.26823,227.1479534,5308.622361,3078.678948,6900.777664,3068.962243,-2647577.697,-3068.748347,807.590902,486.4489799,169114.8731,0.0%,159.6406336,0.0%,0.0%,0.0%,29.1649277,0.0%,,ECAL_Bloom(Prather)_20251217.csv,,,,,,,,,,
,,,,,,,,,,,,,,,,,,,,,,,,,,,,,,,,,,,,,ECAL_Bloom(Prather)_20251217.csv,,,,,,,,,,
8,,,1,0.1%,10049.4989,782.8688735,193.0962676,81643.62307,20208.5568,16528359.97,1114.659883,712.7442615,729.2958019,1653.53125,325.902272,1046.232323,8083.085853,41167.86639,136.8837039,6287.231235,1856.373355,3385.11345,2128.254203,-1181538.479,475.0879603,575.1446465,349.2628571,75218.9724,0.0%,105.428845,0.0%,0.1%,0.0%,20.58843663,0.0%,,ECAL_Bloom(Prather)_20251217.csv,,,,,,,,,,
,,,,,,,,,,,,,,,,,,,,,,,,,,,,,,,,,,,,,ECAL_Bloom(Prather)_20251217.csv,,,,,,,,,,
,,,,,,,,,,,,,,,,,,,,,,,,,,,,,,,,,,,,,ECAL_Bloom(Prather)_20251217.csv,,,,,,,,,,
,,,,,,,,,,,,,,,,,,,,,,,,,,,,,,,,,,,,,ECAL_Bloom(Prather)_20251217.csv,,,,,,,,,,
8,,,2,0.2%,4439.585358,392.7842015,43.89252032,36720.45842,18131.34022,6891228.926,3707.330276,1550.932251,2015.906756,8979.934952,702.3335,2762.511926,22224.17247,107519.0356,322.0840959,-0.012627667,4219.474378,9111.484997,4097.212037,-2195950.958,-2336.343543,752.2168062,541.3930201,129784.9433,0.0%,132.9806732,0.0%,0.0%,0.0%,23.38326036,0.0%,,ECAL_Bloom(Prather)_20251217.csv,,,,,,,,,,
,,,,,,,,,,,,,,,,,,,,,,,,,,,,,,,,,,,,,ECAL_Bloom(Prather)_20251217.csv,,,,,,,,,,
,,,,,,,,,,,,,,,,,,,,,,,,,,,,,,,,,,,,,ECAL_Bloom(Prather)_20251217.csv,,,,,,,,,,
,,,,,,,,,,,,,,,,,,,,,,,,,,,,,,,,,,,,,ECAL_Bloom(Prather)_20251217.csv,,,,,,,,,,
8,,,3,0.0%,23238.62903,1695.349086,332.74477,144541.8681,40939.72719,30795075.91,1463.826619,468.3994768,644.7448293,2681.354896,342.7651595,804.8402877,9782.393816,52380.49143,42.58502116,7928.900314,2511.190392,5672.694732,2965.667566,-2632266.445,-4613.544363,826.1519366,519.3666669,187009.1464,0.0%,157.6018114,0.0%,0.0%,0.0%,29.97520855,0.0%,,ECAL_Bloom(Prather)_20251217.csv,,,,,,,,,,
,,,,,,,,,,,,,,,,,,,,,,,,,,,,,,,,,,,,,ECAL_Bloom(Prather)_20251217.csv,,,,,,,,,,
,,,,,,,,,,,,,,,,,,,,,,,,,,,,,,,,,,,,,ECAL_Bloom(Prather)_20251217.csv,,,,,,,,,,
,,,,,,,,,,,,,,,,,,,,,,,,,,,,,,,,,,,,,ECAL_Bloom(Prather)_20251217.csv,,,,,,,,,,
8,,,4,0.2%,3221.25873,239.8522955,87.1196657,25807.32159,9635.184712,4769467.482,828.1986582,324.3777559,399.2816233,2231.84312,201.4717086,590.718122,6446.787646,29071.61576,231.5816052,1359.746067,2031.685387,4375.766347,2706.825686,-2788458.528,-4832.929178,893.9246328,381.3433329,215586.4829,0.0%,193.06332,0.0%,0.0%,0.0%,38.39160305,0.0%,,ECAL_Bloom(Prather)_20251217.csv,,,,,,,,,,
,,,,,,,,,,,,,,,,,,,,,,,,,,,,,,,,,,,,,ECAL_Bloom(Prather)_20251217.csv,,,,,,,,,,
,,,,,,,,,,,,,,,,,,,,,,,,,,,,,,,,,,,,,ECAL_Bloom(Prather)_20251217.csv,,,,,,,,,,
,,,,,,,,,,,,,,,,,,,,,,,,,,,,,,,,,,,,,ECAL_Bloom(Prather)_20251217.csv,,,,,,,,,,
8,,,5,0.1%,5536.729487,456.987747,65.93249701,45239.50887,25483.14621,8400285.748,3299.519675,1301.67314,1787.689623,4489.871208,388.1302743,2685.773731,22161.73046,98862.33194,402.6053407,10967.24682,4774.671229,11958.8288,3446.851724,-4439674.072,-4036.012612,990.5164877,640.8790226,237974.8206,0.0%,209.1285184,0.0%,0.0%,0.0%,33.48612993,0.0%,,ECAL_Bloom(Prather)_20251217.csv,,,,,,,,,,
,,,,,,,,,,,,,,,,,,,,,,,,,,,,,,,,,,,,,ECAL_Bloom(Prather)_20251217.csv,,,,,,,,,,
,,,,,,,,,,,,,,,,,,,,,,,,,,,,,,,,,,,,,ECAL_Bloom(Prather)_20251217.csv,,,,,,,,,,
,,,,,,,,,,,,,,,,,,,,,,,,,,,,,,,,,,,,,ECAL_Bloom(Prather)_20251217.csv,,,,,,,,,,
,,,Mean:,0.1%,9297.140301,713.5684407,144.5571441,66790.556,22879.59103,13476883.61,2082.707022,871.6253771,1115.383727,4007.307085,392.1205829,1578.015278,13739.63405,65800.26823,227.1479534,5308.622361,3078.678948,6900.777664,3068.962243,-2647577.697,-3068.748347,807.590902,486.4489799,169114.8731,0.0%,159.6406336,0.0%,0.0%,0.0%,29.1649277,0.0%,,ECAL_Bloom(Prather)_20251217.csv,,,,,,,,,,
,,,RSD [%]:,62.82808624,88.30142054,81.77061163,82.85700647,72.24817589,50.69086304,79.06800553,63.58039985,61.07897499,65.67367515,74.24785119,47.61089553,67.10651551,56.81682318,53.56660305,63.04413781,86.12715805,43.24450987,51.59880453,24.31214062,44.63033196,72.0036529,19.41699371,24.71526807,39.20638598,64.35848126,26.61299837,31.94388986,27.44387048,39.72788909,24.92915522,20.62360493,,ECAL_Bloom(Prather)_20251217.csv,,,,,,,,,,
,,,SD:,0.1%,8209.506955,583.4892783,119.7757223,48254.95838,11597.86215,10655903.08,1324.193453,532.3798461,732.5134853,2975.339401,186.6921211,1058.951067,7806.423583,35246.96849,143.2034688,4572.165572,1331.359622,3560.718778,746.1304162,1181622.715,2209.610908,156.8098747,120.2271694,66303.8299,0.0%,42.48515921,0.0%,0.0%,0.0%,7.270570097,0.0%,,ECAL_Bloom(Prather)_20251217.csv,,,,,,,,,,
,,,,,,,,,,,,,,,,,,,,,,,,,,,,,,,,,,,,,ECAL_Bloom(Prather)_20251217.csv,,,,,,,,,,
,,,,,,,,,,,,,,,,,,,,,,,,,,,,,,,,,,,,,ECAL_Bloom(Prather)_20251217.csv,,,,,,,,,,
,,,,,,,,,,,,,,,,,,,,,,,,,,,,,,,,,,,,,ECAL_Bloom(Prather)_20251217.csv,,,,,,,,,,
No,,Sample Type,Label,6Li (KED),23Na (KED) [ppb],24Mg (KED) [ppb],27Al (KED) [ppb],39K (KED) [ppb],44Ca (KED) [ppb],32S (KED) [ppb],51V (KED) [ppb],52Cr (KED) [ppb],55Mn (KED) [ppb],57Fe (KED) [ppb],59Co (KED) [ppb],60Ni (KED) [ppb],63Cu (KED) [ppb],66Zn (KED) [ppb],71Ga (KED) [ppb],72Ge (KED) [ppb],75As (KED) [ppb],77Se (KED) [ppb],88Sr (KED) [ppb],95Mo (KED) [ppb],105Pd (KED) [ppb],107Ag (KED) [ppb],111Cd (KED) [ppb],182W (KED) [ppb],45Sc (KED),208Pb (KED) [ppb],89Y (KED),113In (KED),209Bi (KED),238U (KED) [ppb],159Tb (KED),,ECAL_Bloom(Prather)_20251217.csv,,,,,,,,,,
9,,UNKNOWN,915amSTR,84.8%,346182.4214,54907.05127,120.1311206,26596.05963,31732.63321,76702.36947,3.709143945,2.216727221,263.9018541,422.4970162,1.146642765,18.86091942,6.804339263,52.18200819,0.054038595,1.873686289,3.418017807,0.283443915,1413.275954,-54347.81986,-397.0914143,2.511206631,2.19314595,236.8612323,74.5%,1.08780548,74.4%,69.0%,63.3%,8.946565999,77.9%,,ECAL_Bloom(Prather)_20251217.csv,,,,,,,,,,
,,,,,,,,,,,,,,,,,,,,,,,,,,,,,,,,,,,,,ECAL_Bloom(Prather)_20251217.csv,,,,,,,,,,
9,,,1,86.5%,331068.7304,52811.88607,114.1110973,26445.9256,31997.96224,75297.86177,3.630128675,2.180383564,262.089523,422.7566046,1.165169093,18.81436494,6.741859387,52.63194861,0.057897949,1.689243293,3.422515995,0.276457382,1414.067076,-54440.58126,-400.479348,2.466691765,2.075751919,246.0069463,73.5%,1.097518847,73.1%,68.3%,63.2%,9.167273106,77.0%,,ECAL_Bloom(Prather)_20251217.csv,,,,,,,,,,
,,,,,,,,,,,,,,,,,,,,,,,,,,,,,,,,,,,,,ECAL_Bloom(Prather)_20251217.csv,,,,,,,,,,
,,,,,,,,,,,,,,,,,,,,,,,,,,,,,,,,,,,,,ECAL_Bloom(Prather)_20251217.csv,,,,,,,,,,
,,,,,,,,,,,,,,,,,,,,,,,,,,,,,,,,,,,,,ECAL_Bloom(Prather)_20251217.csv,,,,,,,,,,
9,,,2,87.2%,344480.9893,54123.42084,119.127171,26254.37867,31723.25276,75408.83913,3.737472538,2.238049913,263.7643473,417.6906046,1.127989234,18.8636073,6.7936109,52.8558717,0.054424313,1.859412815,3.392152398,0.275865976,1437.963802,-54507.73614,-432.9929231,2.6147619,2.347868847,234.5562262,74.3%,1.087647493,74.6%,69.9%,64.2%,8.90904046,78.3%,,ECAL_Bloom(Prather)_20251217.csv,,,,,,,,,,
,,,,,,,,,,,,,,,,,,,,,,,,,,,,,,,,,,,,,ECAL_Bloom(Prather)_20251217.csv,,,,,,,,,,
,,,,,,,,,,,,,,,,,,,,,,,,,,,,,,,,,,,,,ECAL_Bloom(Prather)_20251217.csv,,,,,,,,,,
,,,,,,,,,,,,,,,,,,,,,,,,,,,,,,,,,,,,,ECAL_Bloom(Prather)_20251217.csv,,,,,,,,,,
9,,,3,82.8%,352468.7066,55461.05917,119.3914942,26220.04879,30990.37139,76583.70225,3.710152998,2.222878102,260.0012213,415.611199,1.126103714,18.71018736,6.744195589,51.3108011,0.049539459,1.841861023,3.367697566,0.299664141,1400.597249,-54082.33389,-411.0610778,2.580453133,2.21275001,234.0852278,75.9%,1.066211805,74.8%,67.9%,63.8%,8.79675441,79.0%,,ECAL_Bloom(Prather)_20251217.csv,,,,,,,,,,
,,,,,,,,,,,,,,,,,,,,,,,,,,,,,,,,,,,,,ECAL_Bloom(Prather)_20251217.csv,,,,,,,,,,
,,,,,,,,,,,,,,,,,,,,,,,,,,,,,,,,,,,,,ECAL_Bloom(Prather)_20251217.csv,,,,,,,,,,
,,,,,,,,,,,,,,,,,,,,,,,,,,,,,,,,,,,,,ECAL_Bloom(Prather)_20251217.csv,,,,,,,,,,
9,,,4,83.5%,356559.783,56867.62005,124.7685485,26894.01771,31601.0187,77585.40075,3.749139125,2.240714018,268.1535391,435.1498497,1.158619924,19.00103757,6.841489534,51.75787712,0.055701513,2.172165239,3.425825057,0.327946813,1398.464309,-55017.23274,-357.7195715,2.477512346,2.380854213,237.2363375,74.2%,1.085137363,74.7%,68.9%,63.1%,8.993877038,78.4%,,ECAL_Bloom(Prather)_20251217.csv,,,,,,,,,,
,,,,,,,,,,,,,,,,,,,,,,,,,,,,,,,,,,,,,ECAL_Bloom(Prather)_20251217.csv,,,,,,,,,,
,,,,,,,,,,,,,,,,,,,,,,,,,,,,,,,,,,,,,ECAL_Bloom(Prather)_20251217.csv,,,,,,,,,,
,,,,,,,,,,,,,,,,,,,,,,,,,,,,,,,,,,,,,ECAL_Bloom(Prather)_20251217.csv,,,,,,,,,,
9,,,5,84.0%,346333.8975,55271.27022,123.257292,27165.92738,32350.56094,78636.04344,3.718826388,2.201610509,265.5006399,421.2768234,1.15533186,18.91539994,6.900540904,52.3535424,0.052629743,1.805749076,3.481898017,0.237285261,1415.287334,-53691.21524,-383.2041511,2.416614012,1.948504759,232.4214239,74.4%,1.102511894,74.4%,69.8%,62.3%,8.865884979,76.9%,,ECAL_Bloom(Prather)_20251217.csv,,,,,,,,,,
,,,,,,,,,,,,,,,,,,,,,,,,,,,,,,,,,,,,,ECAL_Bloom(Prather)_20251217.csv,,,,,,,,,,
,,,,,,,,,,,,,,,,,,,,,,,,,,,,,,,,,,,,,ECAL_Bloom(Prather)_20251217.csv,,,,,,,,,,
,,,,,,,,,,,,,,,,,,,,,,,,,,,,,,,,,,,,,ECAL_Bloom(Prather)_20251217.csv,,,,,,,,,,
,,,Mean:,84.8%,346182.4214,54907.05127,120.1311206,26596.05963,31732.63321,76702.36947,3.709143945,2.216727221,263.9018541,422.4970162,1.146642765,18.86091942,6.804339263,52.18200819,0.054038595,1.873686289,3.418017807,0.283443915,1413.275954,-54347.81986,-397.0914143,2.511206631,2.19314595,236.8612323,74.5%,1.08780548,74.4%,69.0%,63.3%,8.946565999,77.9%,,ECAL_Bloom(Prather)_20251217.csv,,,,,,,,,,
,,,RSD [%]:,2.280925323,2.810125722,2.775136666,3.459177179,1.566370695,1.591809411,1.864256162,1.260258389,1.153928699,1.185497993,1.803209373,1.591444273,0.577743812,0.99326496,1.221394715,5.854503858,9.582273291,1.255230547,11.8076713,1.115580297,0.912565875,7.165632698,3.306827643,8.320241407,2.278603148,1.152350089,1.28704297,0.935879633,1.290048492,1.123873178,1.593633549,1.197799613,,ECAL_Bloom(Prather)_20251217.csv,,,,,,,,,,
,,,SD:,1.9%,9728.161266,1523.745712,4.155548309,416.5928839,505.1230418,1429.928649,0.046744798,0.025579452,3.128551185,7.618505798,0.018248181,0.108967795,0.067585118,0.63734829,0.003163692,0.179541741,0.042904004,0.033468126,15.76622808,495.9596576,28.45411222,0.083041275,0.182475037,5.397127496,0.9%,0.014000524,0.7%,0.9%,0.7%,0.142575477,0.9%,,ECAL_Bloom(Prather)_20251217.csv,,,,,,,,,,
,,,,,,,,,,,,,,,,,,,,,,,,,,,,,,,,,,,,,ECAL_Bloom(Prather)_20251217.csv,,,,,,,,,,
,,,,,,,,,,,,,,,,,,,,,,,,,,,,,,,,,,,,,ECAL_Bloom(Prather)_20251217.csv,,,,,,,,,,
,,,,,,,,,,,,,,,,,,,,,,,,,,,,,,,,,,,,,ECAL_Bloom(Prather)_20251217.csv,,,,,,,,,,
No,,Sample Type,Label,6Li (KED),23Na (KED) [ppb],24Mg (KED) [ppb],27Al (KED) [ppb],39K (KED) [ppb],44Ca (KED) [ppb],32S (KED) [ppb],51V (KED) [ppb],52Cr (KED) [ppb],55Mn (KED) [ppb],57Fe (KED) [ppb],59Co (KED) [ppb],60Ni (KED) [ppb],63Cu (KED) [ppb],66Zn (KED) [ppb],71Ga (KED) [ppb],72Ge (KED) [ppb],75As (KED) [ppb],77Se (KED) [ppb],88Sr (KED) [ppb],95Mo (KED) [ppb],105Pd (KED) [ppb],107Ag (KED) [ppb],111Cd (KED) [ppb],182W (KED) [ppb],45Sc (KED),208Pb (KED) [ppb],89Y (KED),113In (KED),209Bi (KED),238U (KED) [ppb],159Tb (KED),,ECAL_Bloom(Prather)_20251217.csv,,,,,,,,,,
10,,UNKNOWN,915pmSTR,89.3%,352142.4093,54686.34992,57.70183345,25409.73599,30673.00287,83411.29517,3.262924527,1.731538333,222.8315601,371.0066891,1.00759089,16.71470394,5.965742625,49.22526883,0.035316891,1.626796595,3.316136709,0.274072544,1368.725151,-61507.62208,-373.1955015,3.323544163,2.651909025,212.3726844,77.9%,1.833309529,74.9%,69.6%,62.3%,8.960116612,77.3%,,ECAL_Bloom(Prather)_20251217.csv,,,,,,,,,,
,,,,,,,,,,,,,,,,,,,,,,,,,,,,,,,,,,,,,ECAL_Bloom(Prather)_20251217.csv,,,,,,,,,,
10,,,1,83.9%,355663.6096,56215.9524,57.50913795,26286.12399,30999.30595,86642.80582,3.273256391,1.684973534,217.5625236,365.9261396,1.007404715,16.55888762,5.948427812,49.02316335,0.033304351,1.781010947,3.239493429,0.243215094,1350.532788,-59302.48199,-380.3708736,3.265386869,2.804600442,202.0046851,76.4%,1.803582391,74.8%,68.0%,62.5%,9.009196801,77.6%,,ECAL_Bloom(Prather)_20251217.csv,,,,,,,,,,
,,,,,,,,,,,,,,,,,,,,,,,,,,,,,,,,,,,,,ECAL_Bloom(Prather)_20251217.csv,,,,,,,,,,
,,,,,,,,,,,,,,,,,,,,,,,,,,,,,,,,,,,,,ECAL_Bloom(Prather)_20251217.csv,,,,,,,,,,
,,,,,,,,,,,,,,,,,,,,,,,,,,,,,,,,,,,,,ECAL_Bloom(Prather)_20251217.csv,,,,,,,,,,
10,,,2,92.8%,344517.9438,53286.24732,57.3634761,25460.79057,31188.28489,81097.46768,3.285255533,1.744883024,221.6580788,372.3994102,0.9862233,16.85896311,6.080997624,50.86746085,0.03338452,1.533209947,3.367535602,0.309433903,1369.979182,-62997.28427,-389.5445427,3.166123053,2.631949126,222.5241077,77.2%,1.836491133,73.9%,69.3%,62.9%,9.034511615,76.5%,,ECAL_Bloom(Prather)_20251217.csv,,,,,,,,,,
,,,,,,,,,,,,,,,,,,,,,,,,,,,,,,,,,,,,,ECAL_Bloom(Prather)_20251217.csv,,,,,,,,,,
,,,,,,,,,,,,,,,,,,,,,,,,,,,,,,,,,,,,,ECAL_Bloom(Prather)_20251217.csv,,,,,,,,,,
,,,,,,,,,,,,,,,,,,,,,,,,,,,,,,,,,,,,,ECAL_Bloom(Prather)_20251217.csv,,,,,,,,,,
10,,,3,90.8%,354079.2536,53145.72551,56.96795332,24374.5832,30277.57756,82254.77098,3.234096651,1.728546827,222.0932698,366.9375302,1.023623961,16.73890781,5.931941442,49.07118053,0.035948626,1.539049505,3.331850833,0.245748643,1386.893458,-61579.96582,-391.3322002,3.894681135,2.700961206,214.5222558,79.0%,1.893829599,74.6%,70.9%,61.8%,8.948729725,76.2%,,ECAL_Bloom(Prather)_20251217.csv,,,,,,,,,,
,,,,,,,,,,,,,,,,,,,,,,,,,,,,,,,,,,,,,ECAL_Bloom(Prather)_20251217.csv,,,,,,,,,,
,,,,,,,,,,,,,,,,,,,,,,,,,,,,,,,,,,,,,ECAL_Bloom(Prather)_20251217.csv,,,,,,,,,,
,,,,,,,,,,,,,,,,,,,,,,,,,,,,,,,,,,,,,ECAL_Bloom(Prather)_20251217.csv,,,,,,,,,,
10,,,4,89.0%,353890.0479,54985.34975,57.34907876,25513.106,30130.31821,83736.45391,3.218955339,1.718958813,226.6536964,369.8956954,0.999273632,16.61868491,5.915056572,48.57346316,0.036124596,1.602930755,3.250650647,0.297548825,1353.318525,-61203.63874,-341.7761569,3.064522681,2.568487585,208.7927997,79.7%,1.808555478,75.6%,70.3%,62.4%,8.801328648,78.9%,,ECAL_Bloom(Prather)_20251217.csv,,,,,,,,,,
,,,,,,,,,,,,,,,,,,,,,,,,,,,,,,,,,,,,,ECAL_Bloom(Prather)_20251217.csv,,,,,,,,,,
,,,,,,,,,,,,,,,,,,,,,,,,,,,,,,,,,,,,,ECAL_Bloom(Prather)_20251217.csv,,,,,,,,,,
,,,,,,,,,,,,,,,,,,,,,,,,,,,,,,,,,,,,,ECAL_Bloom(Prather)_20251217.csv,,,,,,,,,,
10,,,5,89.8%,352561.1915,55798.4746,59.31952114,25414.0762,30769.52776,83324.97747,3.303058721,1.780329468,226.1902318,379.8746702,1.021428839,16.79807627,5.952289676,48.59107629,0.037822361,1.677781823,3.391153036,0.274416257,1382.901804,-62454.73959,-362.953734,3.227007078,2.553546765,214.0195737,77.1%,1.824089044,75.7%,69.5%,62.2%,9.006816274,77.4%,,ECAL_Bloom(Prather)_20251217.csv,,,,,,,,,,
,,,,,,,,,,,,,,,,,,,,,,,,,,,,,,,,,,,,,ECAL_Bloom(Prather)_20251217.csv,,,,,,,,,,
,,,,,,,,,,,,,,,,,,,,,,,,,,,,,,,,,,,,,ECAL_Bloom(Prather)_20251217.csv,,,,,,,,,,
,,,,,,,,,,,,,,,,,,,,,,,,,,,,,,,,,,,,,ECAL_Bloom(Prather)_20251217.csv,,,,,,,,,,
,,,Mean:,89.3%,352142.4093,54686.34992,57.70183345,25409.73599,30673.00287,83411.29517,3.262924527,1.731538333,222.8315601,371.0066891,1.00759089,16.71470394,5.965742625,49.22526883,0.035316891,1.626796595,3.316136709,0.274072544,1368.725151,-61507.62208,-373.1955015,3.323544163,2.651909025,212.3726844,77.9%,1.833309529,74.9%,69.6%,62.3%,8.960116612,77.3%,,ECAL_Bloom(Prather)_20251217.csv,,,,,,,,,,
,,,RSD [%]:,3.732557912,1.250077726,2.585999126,1.605185923,2.678531618,1.487033716,2.489454892,1.081433733,2.020112818,1.672746839,1.501837761,1.548957843,0.743920691,1.107969217,1.924130241,5.503845557,6.403647159,2.060689688,10.87907007,1.21210501,2.31020316,5.588323211,9.873988418,3.898495028,3.575943956,1.811046275,1.9769287,0.991834853,1.571319591,0.638060419,1.050926531,1.402849025,,ECAL_Bloom(Prather)_20251217.csv,,,,,,,,,,
,,,SD:,3.3%,4402.053821,1414.188531,0.926221708,680.6078126,456.1178945,2076.486568,0.035286367,0.034979028,3.727407877,5.571918555,0.015607158,0.124344141,0.066098592,0.947158284,0.001943787,0.104174314,0.068335287,0.029816544,16.59038614,1420.951029,20.85537083,0.328166366,0.103384541,7.594328172,1.4%,0.036243222,0.7%,1.1%,0.4%,0.094164243,1.1%,,ECAL_Bloom(Prather)_20251217.csv,,,,,,,,,,
,,,,,,,,,,,,,,,,,,,,,,,,,,,,,,,,,,,,,ECAL_Bloom(Prather)_20251217.csv,,,,,,,,,,
,,,,,,,,,,,,,,,,,,,,,,,,,,,,,,,,,,,,,ECAL_Bloom(Prather)_20251217.csv,,,,,,,,,,
,,,,,,,,,,,,,,,,,,,,,,,,,,,,,,,,,,,,,ECAL_Bloom(Prather)_20251217.csv,,,,,,,,,,
No,,Sample Type,Label,6Li (KED),23Na (KED) [ppb],24Mg (KED) [ppb],27Al (KED) [ppb],39K (KED) [ppb],44Ca (KED) [ppb],32S (KED) [ppb],51V (KED) [ppb],52Cr (KED) [ppb],55Mn (KED) [ppb],57Fe (KED) [ppb],59Co (KED) [ppb],60Ni (KED) [ppb],63Cu (KED) [ppb],66Zn (KED) [ppb],71Ga (KED) [ppb],72Ge (KED) [ppb],75As (KED) [ppb],77Se (KED) [ppb],88Sr (KED) [ppb],95Mo (KED) [ppb],105Pd (KED) [ppb],107Ag (KED) [ppb],111Cd (KED) [ppb],182W (KED) [ppb],45Sc (KED),208Pb (KED) [ppb],89Y (KED),113In (KED),209Bi (KED),238U (KED) [ppb],159Tb (KED),,ECAL_Bloom(Prather)_20251217.csv,,,,,,,,,,
11,,UNKNOWN,916amSTR,92.2%,356984.4957,55699.12064,69.78913122,26147.31291,31072.62163,87978.25124,3.186177467,2.547214995,230.019999,369.0014612,1.041764894,18.19277648,6.529587154,42.09059324,0.031318075,1.560412406,3.219909931,0.260438921,1382.547435,-60109.02363,-419.7814127,4.010882587,1.753707033,184.3291742,79.6%,1.190295282,75.7%,69.4%,61.4%,8.283468728,75.8%,,ECAL_Bloom(Prather)_20251217.csv,,,,,,,,,,
,,,,,,,,,,,,,,,,,,,,,,,,,,,,,,,,,,,,,ECAL_Bloom(Prather)_20251217.csv,,,,,,,,,,
11,,,1,92.1%,354688.1859,54991.6912,70.15237441,26630.79514,31108.66631,89499.76983,3.106479063,2.475479716,228.0217048,366.0307215,1.030882719,18.27106822,6.471285371,41.97319966,0.03759568,1.861549663,3.196270981,0.248125401,1366.658111,-60779.32804,-418.6630425,3.94767854,1.662492545,179.899633,78.5%,1.16782944,75.6%,68.1%,61.9%,8.129476634,76.8%,,ECAL_Bloom(Prather)_20251217.csv,,,,,,,,,,
,,,,,,,,,,,,,,,,,,,,,,,,,,,,,,,,,,,,,ECAL_Bloom(Prather)_20251217.csv,,,,,,,,,,
,,,,,,,,,,,,,,,,,,,,,,,,,,,,,,,,,,,,,ECAL_Bloom(Prather)_20251217.csv,,,,,,,,,,
,,,,,,,,,,,,,,,,,,,,,,,,,,,,,,,,,,,,,ECAL_Bloom(Prather)_20251217.csv,,,,,,,,,,
11,,,2,93.3%,341926.4315,54163.0896,67.50160615,26536.9216,31716.18454,87067.25443,3.209817206,2.561799329,231.7148912,373.4493004,1.056643747,18.22670124,6.577399274,41.93532989,0.025207261,1.573104729,3.200071661,0.24220833,1377.341643,-59871.79408,-449.3498359,3.919320722,1.943146191,193.9277941,79.7%,1.203223848,75.9%,68.6%,60.7%,8.393731913,74.0%,,ECAL_Bloom(Prather)_20251217.csv,,,,,,,,,,
,,,,,,,,,,,,,,,,,,,,,,,,,,,,,,,,,,,,,ECAL_Bloom(Prather)_20251217.csv,,,,,,,,,,
,,,,,,,,,,,,,,,,,,,,,,,,,,,,,,,,,,,,,ECAL_Bloom(Prather)_20251217.csv,,,,,,,,,,
,,,,,,,,,,,,,,,,,,,,,,,,,,,,,,,,,,,,,ECAL_Bloom(Prather)_20251217.csv,,,,,,,,,,
11,,,3,96.1%,349504.0603,53692.52792,68.09217636,25247.85927,30626.4481,85216.55961,3.116147972,2.55639386,230.33188,363.9727286,1.054925285,18.0125753,6.447889947,41.56883352,0.032507424,1.412338056,3.256173466,0.251951728,1427.587899,-60368.64613,-463.6159564,4.128403709,1.567515281,184.3230745,80.7%,1.219288528,74.9%,69.8%,61.0%,8.301426169,74.4%,,ECAL_Bloom(Prather)_20251217.csv,,,,,,,,,,
,,,,,,,,,,,,,,,,,,,,,,,,,,,,,,,,,,,,,ECAL_Bloom(Prather)_20251217.csv,,,,,,,,,,
,,,,,,,,,,,,,,,,,,,,,,,,,,,,,,,,,,,,,ECAL_Bloom(Prather)_20251217.csv,,,,,,,,,,
,,,,,,,,,,,,,,,,,,,,,,,,,,,,,,,,,,,,,ECAL_Bloom(Prather)_20251217.csv,,,,,,,,,,
11,,,4,91.1%,373730.2729,56714.97686,70.17810343,25898.22805,30728.75429,88221.10093,3.257629527,2.587993285,232.4691846,367.8875586,1.020002955,18.35507104,6.596934981,43.12369952,0.030064539,1.738439386,3.19398456,0.305280641,1388.481524,-59290.57872,-361.3777261,3.927971235,1.684349386,173.7928416,79.2%,1.168873138,76.0%,70.5%,62.1%,8.095971783,77.3%,,ECAL_Bloom(Prather)_20251217.csv,,,,,,,,,,
,,,,,,,,,,,,,,,,,,,,,,,,,,,,,,,,,,,,,ECAL_Bloom(Prather)_20251217.csv,,,,,,,,,,
,,,,,,,,,,,,,,,,,,,,,,,,,,,,,,,,,,,,,ECAL_Bloom(Prather)_20251217.csv,,,,,,,,,,
,,,,,,,,,,,,,,,,,,,,,,,,,,,,,,,,,,,,,ECAL_Bloom(Prather)_20251217.csv,,,,,,,,,,
11,,,5,88.6%,365073.528,58933.31763,73.02139575,26422.76046,31183.05494,89886.57142,3.240813569,2.554408788,227.5623342,373.6669971,1.046369762,18.0984666,6.554426196,41.85190362,0.031215469,1.216630199,3.253048984,0.254628505,1352.667998,-60234.7712,-405.9005027,4.131038731,1.911031761,189.7025279,79.7%,1.192261454,75.9%,69.8%,61.0%,8.496737138,76.7%,,ECAL_Bloom(Prather)_20251217.csv,,,,,,,,,,
,,,,,,,,,,,,,,,,,,,,,,,,,,,,,,,,,,,,,ECAL_Bloom(Prather)_20251217.csv,,,,,,,,,,
,,,,,,,,,,,,,,,,,,,,,,,,,,,,,,,,,,,,,ECAL_Bloom(Prather)_20251217.csv,,,,,,,,,,
,,,,,,,,,,,,,,,,,,,,,,,,,,,,,,,,,,,,,ECAL_Bloom(Prather)_20251217.csv,,,,,,,,,,
,,,Mean:,92.2%,356984.4957,55699.12064,69.78913122,26147.31291,31072.62163,87978.25124,3.186177467,2.547214995,230.019999,369.0014612,1.041764894,18.19277648,6.529587154,42.09059324,0.031318075,1.560412406,3.219909931,0.260438921,1382.547435,-60109.02363,-419.7814127,4.010882587,1.753707033,184.3291742,79.6%,1.190295282,75.7%,69.4%,61.4%,8.283468728,75.8%,,ECAL_Bloom(Prather)_20251217.csv,,,,,,,,,,
,,,RSD [%]:,2.988344059,3.526197365,3.848343379,3.109994399,2.207361831,1.388882281,2.162056342,2.21403481,1.660679457,0.947547601,1.188279008,1.523646323,0.752598797,1.013339821,1.422723389,14.25711384,16.42176305,0.986721343,9.790317084,2.057350114,0.93321895,9.529274853,2.716958156,9.388584156,4.302958477,0.997227513,1.866919949,0.595918041,1.444404408,1.031427001,2.063192006,1.98290446,,ECAL_Bloom(Prather)_20251217.csv,,,,,,,,,,
,,,SD:,2.8%,12587.97788,2143.493422,2.170438072,577.1658048,431.5621362,1902.13936,0.070543078,0.042301076,2.179548982,4.384766904,0.015872812,0.136918617,0.066166907,0.598832715,0.004465054,0.256247228,0.031771539,0.025497796,28.44384123,560.9487993,40.0021246,0.108974002,0.164648261,7.931607826,0.8%,0.02222186,0.5%,1.0%,0.6%,0.170903865,1.5%,,ECAL_Bloom(Prather)_20251217.csv,,,,,,,,,,
,,,,,,,,,,,,,,,,,,,,,,,,,,,,,,,,,,,,,ECAL_Bloom(Prather)_20251217.csv,,,,,,,,,,
,,,,,,,,,,,,,,,,,,,,,,,,,,,,,,,,,,,,,ECAL_Bloom(Prather)_20251217.csv,,,,,,,,,,
,,,,,,,,,,,,,,,,,,,,,,,,,,,,,,,,,,,,,ECAL_Bloom(Prather)_20251217.csv,,,,,,,,,,
No,,Sample Type,Label,6Li (KED),23Na (KED) [ppb],24Mg (KED) [ppb],27Al (KED) [ppb],39K (KED) [ppb],44Ca (KED) [ppb],32S (KED) [ppb],51V (KED) [ppb],52Cr (KED) [ppb],55Mn (KED) [ppb],57Fe (KED) [ppb],59Co (KED) [ppb],60Ni (KED) [ppb],63Cu (KED) [ppb],66Zn (KED) [ppb],71Ga (KED) [ppb],72Ge (KED) [ppb],75As (KED) [ppb],77Se (KED) [ppb],88Sr (KED) [ppb],95Mo (KED) [ppb],105Pd (KED) [ppb],107Ag (KED) [ppb],111Cd (KED) [ppb],182W (KED) [ppb],45Sc (KED),208Pb (KED) [ppb],89Y (KED),113In (KED),209Bi (KED),238U (KED) [ppb],159Tb (KED),,ECAL_Bloom(Prather)_20251217.csv,,,,,,,,,,
12,,UNKNOWN,916pmSTR,94.4%,354872.4626,55084.64713,54.31018497,25618.87501,30285.30544,84477.90832,3.740126487,1.516524772,214.441961,379.9021412,0.905187969,14.2406643,5.046218771,29.53962869,0.031616289,1.619320636,2.988374296,0.242640236,1363.131691,-59217.93036,-411.7903654,2.873744239,1.616948245,174.6333566,81.2%,0.868622879,77.2%,70.5%,61.1%,8.312338763,77.4%,,ECAL_Bloom(Prather)_20251217.csv,,,,,,,,,,
,,,,,,,,,,,,,,,,,,,,,,,,,,,,,,,,,,,,,ECAL_Bloom(Prather)_20251217.csv,,,,,,,,,,
12,,,1,90.0%,362899.274,55528.93703,55.81150034,25935.20018,30265.76777,87768.7387,3.634522229,1.494145552,212.0101554,381.4802585,0.915295023,14.50569961,5.105219501,29.03183075,0.029091091,1.311658149,2.934141866,0.222558593,1371.236312,-57530.15804,-395.0389856,2.769483335,1.766937553,168.1942857,80.2%,0.874007455,77.0%,70.5%,61.5%,8.135487705,77.8%,,ECAL_Bloom(Prather)_20251217.csv,,,,,,,,,,
,,,,,,,,,,,,,,,,,,,,,,,,,,,,,,,,,,,,,ECAL_Bloom(Prather)_20251217.csv,,,,,,,,,,
,,,,,,,,,,,,,,,,,,,,,,,,,,,,,,,,,,,,,ECAL_Bloom(Prather)_20251217.csv,,,,,,,,,,
,,,,,,,,,,,,,,,,,,,,,,,,,,,,,,,,,,,,,ECAL_Bloom(Prather)_20251217.csv,,,,,,,,,,
12,,,2,93.1%,352050.0908,55358.96786,53.8116698,25970.04203,30132.6554,83768.15864,3.822198081,1.476512247,210.8408413,378.2661102,0.885682351,14.09475779,5.102444535,29.59319803,0.042003662,1.8706043,3.021271772,0.267711784,1367.361552,-60050.33413,-422.0364785,2.938032444,1.673228391,177.8600801,81.6%,0.851248755,76.7%,69.1%,61.4%,8.23264729,77.1%,,ECAL_Bloom(Prather)_20251217.csv,,,,,,,,,,
,,,,,,,,,,,,,,,,,,,,,,,,,,,,,,,,,,,,,ECAL_Bloom(Prather)_20251217.csv,,,,,,,,,,
,,,,,,,,,,,,,,,,,,,,,,,,,,,,,,,,,,,,,ECAL_Bloom(Prather)_20251217.csv,,,,,,,,,,
,,,,,,,,,,,,,,,,,,,,,,,,,,,,,,,,,,,,,ECAL_Bloom(Prather)_20251217.csv,,,,,,,,,,
12,,,3,96.2%,347151.1444,54595.96441,54.60081901,25609.05652,30971.84157,83594.53173,3.751983391,1.519561167,212.117251,382.1393873,0.91410047,13.98580066,4.960956135,29.94606417,0.028460759,1.688737187,2.985913132,0.202016755,1360.726183,-60517.20454,-401.9616213,2.941009754,1.546508082,183.0360332,81.1%,0.883488384,76.5%,70.3%,60.3%,8.579623642,74.8%,,ECAL_Bloom(Prather)_20251217.csv,,,,,,,,,,
,,,,,,,,,,,,,,,,,,,,,,,,,,,,,,,,,,,,,ECAL_Bloom(Prather)_20251217.csv,,,,,,,,,,
,,,,,,,,,,,,,,,,,,,,,,,,,,,,,,,,,,,,,ECAL_Bloom(Prather)_20251217.csv,,,,,,,,,,
,,,,,,,,,,,,,,,,,,,,,,,,,,,,,,,,,,,,,ECAL_Bloom(Prather)_20251217.csv,,,,,,,,,,
12,,,4,94.3%,361569.6003,54762.41978,53.41545912,25027.3282,29856.93229,83050.14437,3.693413745,1.548259767,215.5360749,366.6008098,0.884198233,14.20469962,5.007557626,29.19860696,0.026803754,1.554343131,2.980879989,0.2682941,1386.765718,-58307.2101,-422.625611,2.772226537,1.628319036,170.8904317,82.5%,0.865481712,77.7%,71.9%,61.4%,8.162631419,78.4%,,ECAL_Bloom(Prather)_20251217.csv,,,,,,,,,,
,,,,,,,,,,,,,,,,,,,,,,,,,,,,,,,,,,,,,ECAL_Bloom(Prather)_20251217.csv,,,,,,,,,,
,,,,,,,,,,,,,,,,,,,,,,,,,,,,,,,,,,,,,ECAL_Bloom(Prather)_20251217.csv,,,,,,,,,,
,,,,,,,,,,,,,,,,,,,,,,,,,,,,,,,,,,,,,ECAL_Bloom(Prather)_20251217.csv,,,,,,,,,,
12,,,5,98.2%,350692.2034,55176.94658,53.91147659,25552.74812,30199.33015,84207.96818,3.79851499,1.544145127,221.7054826,391.02414,0.926663765,14.41236381,5.054916056,29.92844357,0.031722178,1.671260411,3.019664721,0.252619949,1329.568693,-59684.74501,-417.2891309,2.947969126,1.469748162,173.1859522,80.5%,0.868888092,78.2%,70.7%,60.8%,8.45130376,78.9%,,ECAL_Bloom(Prather)_20251217.csv,,,,,,,,,,
,,,,,,,,,,,,,,,,,,,,,,,,,,,,,,,,,,,,,ECAL_Bloom(Prather)_20251217.csv,,,,,,,,,,
,,,,,,,,,,,,,,,,,,,,,,,,,,,,,,,,,,,,,ECAL_Bloom(Prather)_20251217.csv,,,,,,,,,,
,,,,,,,,,,,,,,,,,,,,,,,,,,,,,,,,,,,,,ECAL_Bloom(Prather)_20251217.csv,,,,,,,,,,
,,,Mean:,94.4%,354872.4626,55084.64713,54.31018497,25618.87501,30285.30544,84477.90832,3.740126487,1.516524772,214.441961,379.9021412,0.905187969,14.2406643,5.046218771,29.53962869,0.031616289,1.619320636,2.988374296,0.242640236,1363.131691,-59217.93036,-411.7903654,2.873744239,1.616948245,174.6333566,81.2%,0.868622879,77.2%,70.5%,61.1%,8.312338763,77.4%,,ECAL_Bloom(Prather)_20251217.csv,,,,,,,,,,
,,,RSD [%]:,3.293629893,1.964171105,0.71690919,1.73374328,1.483508215,1.367325475,2.232305426,2.054578061,2.053973552,2.062432706,2.320258586,2.113377212,1.519373945,1.232889086,1.409464329,19.20050241,12.71366859,1.190727645,12.08582091,1.54510709,2.115386872,3.047243285,3.270953996,7.080040535,3.370524589,1.147756406,1.364330838,0.936017263,1.408433174,0.869048966,2.335799832,2.053372819,,ECAL_Bloom(Prather)_20251217.csv,,,,,,,,,,
,,,SD:,3.1%,6970.302368,394.9068976,0.941599182,380.0581154,414.0986964,1885.804932,0.076843818,0.031149018,4.42272114,8.81471205,0.019130036,0.216368943,0.06221428,0.416350529,0.006070486,0.205875059,0.035583399,0.029325064,21.06184441,1252.688325,12.54825426,0.093998852,0.114480591,5.886060224,0.9%,0.01185089,0.7%,1.0%,0.5%,0.194159595,1.6%,,ECAL_Bloom(Prather)_20251217.csv,,,,,,,,,,
,,,,,,,,,,,,,,,,,,,,,,,,,,,,,,,,,,,,,ECAL_Bloom(Prather)_20251217.csv,,,,,,,,,,
,,,,,,,,,,,,,,,,,,,,,,,,,,,,,,,,,,,,,ECAL_Bloom(Prather)_20251217.csv,,,,,,,,,,
,,,,,,,,,,,,,,,,,,,,,,,,,,,,,,,,,,,,,ECAL_Bloom(Prather)_20251217.csv,,,,,,,,,,
No,,Sample Type,Label,6Li (KED),23Na (KED) [ppb],24Mg (KED) [ppb],27Al (KED) [ppb],39K (KED) [ppb],44Ca (KED) [ppb],32S (KED) [ppb],51V (KED) [ppb],52Cr (KED) [ppb],55Mn (KED) [ppb],57Fe (KED) [ppb],59Co (KED) [ppb],60Ni (KED) [ppb],63Cu (KED) [ppb],66Zn (KED) [ppb],71Ga (KED) [ppb],72Ge (KED) [ppb],75As (KED) [ppb],77Se (KED) [ppb],88Sr (KED) [ppb],95Mo (KED) [ppb],105Pd (KED) [ppb],107Ag (KED) [ppb],111Cd (KED) [ppb],182W (KED) [ppb],45Sc (KED),208Pb (KED) [ppb],89Y (KED),113In (KED),209Bi (KED),238U (KED) [ppb],159Tb (KED),,ECAL_Bloom(Prather)_20251217.csv,,,,,,,,,,
13,,UNKNOWN,917amSTR,99.2%,242543.1228,39090.10355,302.9485015,17951.08507,21696.26447,58787.73565,3.354862725,3.310448357,157.5306331,476.3570775,0.807970107,10.99875939,6.04863058,47.17311389,0.106520462,1.967280895,2.165487408,0.215703977,979.0722992,-47689.69743,-346.9672752,3.254341782,3.910544372,139.5935021,90.3%,4.118532288,84.4%,79.5%,67.3%,6.605523819,83.8%,,ECAL_Bloom(Prather)_20251217.csv,,,,,,,,,,
,,,,,,,,,,,,,,,,,,,,,,,,,,,,,,,,,,,,,ECAL_Bloom(Prather)_20251217.csv,,,,,,,,,,
13,,,1,101.5%,235373.2325,37876.96317,296.5860024,17759.4975,21914.00592,58080.29084,3.318957361,3.338807741,155.448885,475.1123401,0.816068906,10.99757471,6.034906232,48.17217978,0.110608374,1.661247965,2.17146158,0.252566787,971.0198865,-48770.30629,-369.0640776,3.088812095,4.005430831,137.1384132,89.5%,4.148786967,83.6%,78.7%,67.1%,6.875258368,82.6%,,ECAL_Bloom(Prather)_20251217.csv,,,,,,,,,,
,,,,,,,,,,,,,,,,,,,,,,,,,,,,,,,,,,,,,ECAL_Bloom(Prather)_20251217.csv,,,,,,,,,,
,,,,,,,,,,,,,,,,,,,,,,,,,,,,,,,,,,,,,ECAL_Bloom(Prather)_20251217.csv,,,,,,,,,,
,,,,,,,,,,,,,,,,,,,,,,,,,,,,,,,,,,,,,ECAL_Bloom(Prather)_20251217.csv,,,,,,,,,,
13,,,2,100.9%,246327.4423,38870.6518,295.7633608,17832.7174,21634.32794,58628.97918,3.35626946,3.295954094,159.8090756,476.2856456,0.809434891,11.18477921,6.075959066,47.12677694,0.105402257,2.233833986,2.203041879,0.205310823,996.4238404,-46957.9784,-360.1218102,3.677525384,3.892999742,138.0212678,90.3%,4.087131171,84.3%,80.2%,68.1%,6.393534011,84.8%,,ECAL_Bloom(Prather)_20251217.csv,,,,,,,,,,
,,,,,,,,,,,,,,,,,,,,,,,,,,,,,,,,,,,,,ECAL_Bloom(Prather)_20251217.csv,,,,,,,,,,
,,,,,,,,,,,,,,,,,,,,,,,,,,,,,,,,,,,,,ECAL_Bloom(Prather)_20251217.csv,,,,,,,,,,
,,,,,,,,,,,,,,,,,,,,,,,,,,,,,,,,,,,,,ECAL_Bloom(Prather)_20251217.csv,,,,,,,,,,
13,,,3,96.4%,242998.8249,40245.79561,308.7379951,18010.66295,21401.47558,58742.36196,3.421128131,3.24050966,152.9962284,476.7506841,0.78771942,10.74776692,6.060234073,46.74892754,0.101601762,2.185420807,2.155487533,0.199238305,945.7328701,-47054.52346,-313.6919167,3.58700778,4.030861237,138.5613844,91.0%,3.999055276,85.3%,79.0%,68.1%,6.53421565,85.4%,,ECAL_Bloom(Prather)_20251217.csv,,,,,,,,,,
,,,,,,,,,,,,,,,,,,,,,,,,,,,,,,,,,,,,,ECAL_Bloom(Prather)_20251217.csv,,,,,,,,,,
,,,,,,,,,,,,,,,,,,,,,,,,,,,,,,,,,,,,,ECAL_Bloom(Prather)_20251217.csv,,,,,,,,,,
,,,,,,,,,,,,,,,,,,,,,,,,,,,,,,,,,,,,,ECAL_Bloom(Prather)_20251217.csv,,,,,,,,,,
13,,,4,96.8%,245677.6766,39862.26549,313.9610232,18198.17252,21771.47044,59654.32434,3.374595822,3.356136471,159.8334977,485.0779888,0.833775254,11.03971439,6.06327592,47.03955939,0.108413194,1.808354022,2.130959377,0.195405337,993.6110534,-48020.79227,-343.6311659,2.908990003,3.852839589,147.623559,89.3%,4.163966236,83.8%,79.8%,66.5%,6.710977852,82.1%,,ECAL_Bloom(Prather)_20251217.csv,,,,,,,,,,
,,,,,,,,,,,,,,,,,,,,,,,,,,,,,,,,,,,,,ECAL_Bloom(Prather)_20251217.csv,,,,,,,,,,
,,,,,,,,,,,,,,,,,,,,,,,,,,,,,,,,,,,,,ECAL_Bloom(Prather)_20251217.csv,,,,,,,,,,
,,,,,,,,,,,,,,,,,,,,,,,,,,,,,,,,,,,,,ECAL_Bloom(Prather)_20251217.csv,,,,,,,,,,
13,,,5,100.5%,242338.4379,38594.8417,299.6941259,17954.37495,21760.04247,58832.72195,3.30336285,3.320833818,159.5654787,468.5587288,0.792852065,11.02396172,6.00877761,46.77812581,0.106576725,1.947547695,2.166486673,0.225998632,988.5738459,-47644.88675,-348.3274055,3.009373646,3.77059046,136.6228859,91.3%,4.19372179,84.8%,79.9%,66.9%,6.513633213,84.1%,,ECAL_Bloom(Prather)_20251217.csv,,,,,,,,,,
,,,,,,,,,,,,,,,,,,,,,,,,,,,,,,,,,,,,,ECAL_Bloom(Prather)_20251217.csv,,,,,,,,,,
,,,,,,,,,,,,,,,,,,,,,,,,,,,,,,,,,,,,,ECAL_Bloom(Prather)_20251217.csv,,,,,,,,,,
,,,,,,,,,,,,,,,,,,,,,,,,,,,,,,,,,,,,,ECAL_Bloom(Prather)_20251217.csv,,,,,,,,,,
,,,Mean:,99.2%,242543.1228,39090.10355,302.9485015,17951.08507,21696.26447,58787.73565,3.354862725,3.310448357,157.5306331,476.3570775,0.807970107,10.99875939,6.04863058,47.17311389,0.106520462,1.967280895,2.165487408,0.215703977,979.0722992,-47689.69743,-346.9672752,3.254341782,3.910544372,139.5935021,90.3%,4.118532288,84.4%,79.5%,67.3%,6.605523819,83.8%,,ECAL_Bloom(Prather)_20251217.csv,,,,,,,,,,
,,,RSD [%]:,2.423315547,1.794838391,2.459396575,2.648399298,0.945908321,0.886190987,0.962528962,1.392037212,1.359418171,1.995566062,1.235618572,2.292436039,1.436946147,0.443046973,1.233375767,3.174592298,12.39756326,1.20844531,11.0098926,2.154041941,1.561515779,6.082459422,10.82518001,2.763194226,3.260664783,0.997459562,1.876594661,0.861724802,0.778028195,1.093187016,2.855846841,1.662415127,,ECAL_Bloom(Prather)_20251217.csv,,,,,,,,,,
,,,SD:,2.4%,4353.257084,961.3806679,8.023285986,169.8008074,192.2703401,565.8489819,0.046700938,0.045002837,3.143627851,5.885956517,0.018522198,0.158046249,0.026798275,0.581821755,0.00338159,0.243894893,0.026168731,0.023748776,21.08962796,744.6821505,21.10414372,0.352288356,0.108055936,4.551676161,0.9%,0.077288157,0.7%,0.6%,0.7%,0.188643643,1.4%,,ECAL_Bloom(Prather)_20251217.csv,,,,,,,,,,
,,,,,,,,,,,,,,,,,,,,,,,,,,,,,,,,,,,,,ECAL_Bloom(Prather)_20251217.csv,,,,,,,,,,
,,,,,,,,,,,,,,,,,,,,,,,,,,,,,,,,,,,,,ECAL_Bloom(Prather)_20251217.csv,,,,,,,,,,
,,,,,,,,,,,,,,,,,,,,,,,,,,,,,,,,,,,,,ECAL_Bloom(Prather)_20251217.csv,,,,,,,,,,
No,,Sample Type,Label,6Li (KED),23Na (KED) [ppb],24Mg (KED) [ppb],27Al (KED) [ppb],39K (KED) [ppb],44Ca (KED) [ppb],32S (KED) [ppb],51V (KED) [ppb],52Cr (KED) [ppb],55Mn (KED) [ppb],57Fe (KED) [ppb],59Co (KED) [ppb],60Ni (KED) [ppb],63Cu (KED) [ppb],66Zn (KED) [ppb],71Ga (KED) [ppb],72Ge (KED) [ppb],75As (KED) [ppb],77Se (KED) [ppb],88Sr (KED) [ppb],95Mo (KED) [ppb],105Pd (KED) [ppb],107Ag (KED) [ppb],111Cd (KED) [ppb],182W (KED) [ppb],45Sc (KED),208Pb (KED) [ppb],89Y (KED),113In (KED),209Bi (KED),238U (KED) [ppb],159Tb (KED),,ECAL_Bloom(Prather)_20251217.csv,,,,,,,,,,
14,,UNKNOWN,917pmSTR,95.2%,349178.4162,54915.813,92.09789988,25367.04401,29645.41109,91326.05093,3.146251803,3.014736043,206.8534189,411.2068501,0.8943607,15.60000342,8.180199079,42.09813712,0.032968965,1.771549278,3.100673364,0.305075015,1352.551844,-59489.58843,-419.0461735,1.845031033,2.079020522,181.6494911,82.2%,2.007645892,77.3%,70.9%,60.8%,8.182402636,75.7%,,ECAL_Bloom(Prather)_20251217.csv,,,,,,,,,,
,,,,,,,,,,,,,,,,,,,,,,,,,,,,,,,,,,,,,ECAL_Bloom(Prather)_20251217.csv,,,,,,,,,,
14,,,1,91.1%,354651.508,55551.1484,92.23062851,25066.34169,28909.03339,91375.40174,3.108795747,2.915688301,205.0826279,408.4063583,0.86334289,15.72940716,8.167663061,41.92975622,0.030551114,1.727023121,3.099745037,0.312122809,1326.760596,-58196.1689,-401.8546428,1.506800986,1.924402868,177.2046264,82.6%,2.002817574,76.7%,70.9%,60.8%,7.994700003,75.8%,,ECAL_Bloom(Prather)_20251217.csv,,,,,,,,,,
,,,,,,,,,,,,,,,,,,,,,,,,,,,,,,,,,,,,,ECAL_Bloom(Prather)_20251217.csv,,,,,,,,,,
,,,,,,,,,,,,,,,,,,,,,,,,,,,,,,,,,,,,,ECAL_Bloom(Prather)_20251217.csv,,,,,,,,,,
,,,,,,,,,,,,,,,,,,,,,,,,,,,,,,,,,,,,,ECAL_Bloom(Prather)_20251217.csv,,,,,,,,,,
14,,,2,98.3%,345531.0321,55223.73431,93.92578322,25361.4887,29998.97136,90454.28612,3.244329837,3.018978383,207.0037064,417.5164232,0.894925623,15.492051,8.194983803,42.21404706,0.03754751,2.048141279,3.144415425,0.282593118,1360.499485,-61584.24471,-412.1243102,2.072944716,2.246071613,187.1599776,81.3%,1.990275635,75.9%,71.0%,60.5%,8.399889328,75.6%,,ECAL_Bloom(Prather)_20251217.csv,,,,,,,,,,
,,,,,,,,,,,,,,,,,,,,,,,,,,,,,,,,,,,,,ECAL_Bloom(Prather)_20251217.csv,,,,,,,,,,
,,,,,,,,,,,,,,,,,,,,,,,,,,,,,,,,,,,,,ECAL_Bloom(Prather)_20251217.csv,,,,,,,,,,
,,,,,,,,,,,,,,,,,,,,,,,,,,,,,,,,,,,,,ECAL_Bloom(Prather)_20251217.csv,,,,,,,,,,
14,,,3,94.9%,350698.332,54779.94071,94.17825775,25626.10601,30204.289,91654.77619,3.157630127,3.134585321,211.1574744,410.9702203,0.917987019,15.57956626,8.155876716,42.01410293,0.034119094,1.727953865,3.150698857,0.328532765,1392.029827,-59151.71707,-455.4326951,2.465320123,2.084424102,179.7715449,82.1%,2.047520938,76.9%,72.3%,60.0%,8.170747923,75.3%,,ECAL_Bloom(Prather)_20251217.csv,,,,,,,,,,
,,,,,,,,,,,,,,,,,,,,,,,,,,,,,,,,,,,,,ECAL_Bloom(Prather)_20251217.csv,,,,,,,,,,
,,,,,,,,,,,,,,,,,,,,,,,,,,,,,,,,,,,,,ECAL_Bloom(Prather)_20251217.csv,,,,,,,,,,
,,,,,,,,,,,,,,,,,,,,,,,,,,,,,,,,,,,,,ECAL_Bloom(Prather)_20251217.csv,,,,,,,,,,
14,,,4,92.1%,358582.3711,55651.91593,90.44977835,25245.72487,29431.03212,92974.1137,3.05927511,2.944885239,207.4061261,403.729301,0.889767189,15.53772719,8.146885887,41.84575228,0.02997755,1.589590917,3.03413151,0.249139788,1353.239851,-59117.72675,-432.2949772,1.601983076,2.111563695,175.8664236,83.5%,1.998595685,78.6%,70.8%,61.4%,8.045097957,77.6%,,ECAL_Bloom(Prather)_20251217.csv,,,,,,,,,,
,,,,,,,,,,,,,,,,,,,,,,,,,,,,,,,,,,,,,ECAL_Bloom(Prather)_20251217.csv,,,,,,,,,,
,,,,,,,,,,,,,,,,,,,,,,,,,,,,,,,,,,,,,ECAL_Bloom(Prather)_20251217.csv,,,,,,,,,,
,,,,,,,,,,,,,,,,,,,,,,,,,,,,,,,,,,,,,ECAL_Bloom(Prather)_20251217.csv,,,,,,,,,,
14,,,5,99.7%,336428.838,53372.32562,89.70505158,25535.55878,29683.72958,90171.67689,3.161228193,3.059542972,203.6171596,415.4119476,0.905780778,15.66126549,8.235585926,42.48702712,0.032649556,1.76503721,3.074375991,0.352986597,1330.229462,-59398.08472,-393.5242423,1.578106264,2.028640331,188.2448831,81.5%,1.999019627,78.5%,69.6%,61.1%,8.301577971,74.4%,,ECAL_Bloom(Prather)_20251217.csv,,,,,,,,,,
,,,,,,,,,,,,,,,,,,,,,,,,,,,,,,,,,,,,,ECAL_Bloom(Prather)_20251217.csv,,,,,,,,,,
,,,,,,,,,,,,,,,,,,,,,,,,,,,,,,,,,,,,,ECAL_Bloom(Prather)_20251217.csv,,,,,,,,,,
,,,,,,,,,,,,,,,,,,,,,,,,,,,,,,,,,,,,,ECAL_Bloom(Prather)_20251217.csv,,,,,,,,,,
,,,Mean:,95.2%,349178.4162,54915.813,92.09789988,25367.04401,29645.41109,91326.05093,3.146251803,3.014736043,206.8534189,411.2068501,0.8943607,15.60000342,8.180199079,42.09813712,0.032968965,1.771549278,3.100673364,0.305075015,1352.551844,-59489.58843,-419.0461735,1.845031033,2.079020522,181.6494911,82.2%,2.007645892,77.3%,70.9%,60.8%,8.182402636,75.7%,,ECAL_Bloom(Prather)_20251217.csv,,,,,,,,,,
,,,RSD [%]:,3.933289407,2.465896257,1.68897431,2.180317975,0.88298583,1.709242582,1.214285476,2.187144751,2.923848815,1.377194278,1.339216793,2.286095083,0.611903251,0.438419542,0.610000428,9.247699938,9.510130586,1.574709756,13.24366123,1.951091081,2.113164345,5.959171991,22.37046505,5.662645046,3.145532363,1.091246046,1.133476219,1.527918625,1.362048934,0.889642577,2.078742535,1.536034836,,ECAL_Bloom(Prather)_20251217.csv,,,,,,,,,,
,,,SD:,3.7%,8610.377495,927.5139735,2.008027066,223.9874042,506.7119901,1108.958972,0.068813081,0.088146324,2.848773448,5.506951189,0.020445936,0.095456928,0.035863591,0.256798816,0.003048871,0.16847665,0.048826606,0.040403102,26.38951839,1257.112772,24.9716822,0.412742022,0.117727553,5.713843532,0.9%,0.022756189,1.2%,1.0%,0.5%,0.170091084,1.2%,,ECAL_Bloom(Prather)_20251217.csv,,,,,,,,,,
,,,,,,,,,,,,,,,,,,,,,,,,,,,,,,,,,,,,,ECAL_Bloom(Prather)_20251217.csv,,,,,,,,,,
,,,,,,,,,,,,,,,,,,,,,,,,,,,,,,,,,,,,,ECAL_Bloom(Prather)_20251217.csv,,,,,,,,,,
,,,,,,,,,,,,,,,,,,,,,,,,,,,,,,,,,,,,,ECAL_Bloom(Prather)_20251217.csv,,,,,,,,,,
No,,Sample Type,Label,6Li (KED),23Na (KED) [ppb],24Mg (KED) [ppb],27Al (KED) [ppb],39K (KED) [ppb],44Ca (KED) [ppb],32S (KED) [ppb],51V (KED) [ppb],52Cr (KED) [ppb],55Mn (KED) [ppb],57Fe (KED) [ppb],59Co (KED) [ppb],60Ni (KED) [ppb],63Cu (KED) [ppb],66Zn (KED) [ppb],71Ga (KED) [ppb],72Ge (KED) [ppb],75As (KED) [ppb],77Se (KED) [ppb],88Sr (KED) [ppb],95Mo (KED) [ppb],105Pd (KED) [ppb],107Ag (KED) [ppb],111Cd (KED) [ppb],182W (KED) [ppb],45Sc (KED),208Pb (KED) [ppb],89Y (KED),113In (KED),209Bi (KED),238U (KED) [ppb],159Tb (KED),,ECAL_Bloom(Prather)_20251217.csv,,,,,,,,,,
15,,UNKNOWN,918amSTR,105.1%,214189.5315,33114.88406,422.7417515,21174.59403,23977.21525,65262.21823,11.40776163,4.768255652,205.1163042,770.7714664,1.708280622,21.16984421,17.94522469,106.6248324,0.166895898,3.333703715,4.774888383,0.404496405,873.7099051,-149164.8335,-341.5142835,1.716360484,6.112655972,392.6537774,96.0%,2.39925011,88.0%,82.7%,69.1%,4.749244991,87.0%,,ECAL_Bloom(Prather)_20251217.csv,,,,,,,,,,
,,,,,,,,,,,,,,,,,,,,,,,,,,,,,,,,,,,,,ECAL_Bloom(Prather)_20251217.csv,,,,,,,,,,
15,,,1,103.0%,215012.0458,33027.56363,425.6152988,21047.77645,23826.18325,65747.18628,11.35399207,4.804244235,202.5668049,768.3343073,1.713048552,20.96971897,17.67407392,105.4342576,0.162891184,3.662013597,4.698028205,0.398339293,877.8117291,-148604.0431,-312.4570466,1.682135341,6.36551797,398.0141785,96.4%,2.408250243,88.4%,82.5%,69.6%,4.747345121,85.8%,,ECAL_Bloom(Prather)_20251217.csv,,,,,,,,,,
,,,,,,,,,,,,,,,,,,,,,,,,,,,,,,,,,,,,,ECAL_Bloom(Prather)_20251217.csv,,,,,,,,,,
,,,,,,,,,,,,,,,,,,,,,,,,,,,,,,,,,,,,,ECAL_Bloom(Prather)_20251217.csv,,,,,,,,,,
,,,,,,,,,,,,,,,,,,,,,,,,,,,,,,,,,,,,,ECAL_Bloom(Prather)_20251217.csv,,,,,,,,,,
15,,,2,106.4%,211720.9937,32474.34562,419.5639896,20989.05059,23912.82883,65443.50822,11.3474283,4.838721669,206.4285134,775.9490594,1.710723885,21.2741339,17.93319585,107.2663678,0.172589376,3.694346488,4.828636795,0.404798247,899.0245855,-149257.6641,-345.8482165,1.613358579,6.042099353,387.3368628,95.4%,2.433868636,86.8%,84.5%,68.7%,4.783207069,87.1%,,ECAL_Bloom(Prather)_20251217.csv,,,,,,,,,,
,,,,,,,,,,,,,,,,,,,,,,,,,,,,,,,,,,,,,ECAL_Bloom(Prather)_20251217.csv,,,,,,,,,,
,,,,,,,,,,,,,,,,,,,,,,,,,,,,,,,,,,,,,ECAL_Bloom(Prather)_20251217.csv,,,,,,,,,,
,,,,,,,,,,,,,,,,,,,,,,,,,,,,,,,,,,,,,ECAL_Bloom(Prather)_20251217.csv,,,,,,,,,,
15,,,3,103.4%,219139.6828,33695.01392,418.6441341,21221.05115,23597.42629,65371.52788,11.32206572,4.666298756,205.0618168,772.2953937,1.675997175,21.20736546,17.83214619,106.7940768,0.156853403,2.901408765,4.833835657,0.399039648,869.0943222,-147958.6625,-319.1836964,1.762001728,5.762209034,379.2799394,96.8%,2.330227186,88.0%,81.0%,70.1%,4.590190754,89.5%,,ECAL_Bloom(Prather)_20251217.csv,,,,,,,,,,
,,,,,,,,,,,,,,,,,,,,,,,,,,,,,,,,,,,,,ECAL_Bloom(Prather)_20251217.csv,,,,,,,,,,
,,,,,,,,,,,,,,,,,,,,,,,,,,,,,,,,,,,,,ECAL_Bloom(Prather)_20251217.csv,,,,,,,,,,
,,,,,,,,,,,,,,,,,,,,,,,,,,,,,,,,,,,,,ECAL_Bloom(Prather)_20251217.csv,,,,,,,,,,
15,,,4,105.7%,212716.0304,33704.14433,428.9256887,21401.02285,24206.68557,65308.24102,11.60903623,4.78816572,204.6833379,771.4667017,1.709617237,21.11415465,18.20783495,106.0635159,0.165011927,3.54735695,4.713423935,0.387616624,841.7527134,-149095.6966,-371.4329548,1.772594403,6.674587264,401.5767499,95.5%,2.375143825,89.8%,81.9%,69.1%,4.82259307,86.8%,,ECAL_Bloom(Prather)_20251217.csv,,,,,,,,,,
,,,,,,,,,,,,,,,,,,,,,,,,,,,,,,,,,,,,,ECAL_Bloom(Prather)_20251217.csv,,,,,,,,,,
,,,,,,,,,,,,,,,,,,,,,,,,,,,,,,,,,,,,,ECAL_Bloom(Prather)_20251217.csv,,,,,,,,,,
,,,,,,,,,,,,,,,,,,,,,,,,,,,,,,,,,,,,,ECAL_Bloom(Prather)_20251217.csv,,,,,,,,,,
15,,,5,107.1%,212358.9048,32673.35281,420.9596464,21214.06913,24342.95231,64440.62775,11.4062858,4.743847883,206.8410479,765.8118698,1.732016259,21.28384809,18.07887255,107.5659437,0.177133602,2.863392776,4.800517325,0.432688212,880.8661754,-150908.1011,-358.6495035,1.751712371,5.718866237,397.0611566,96.1%,2.448760659,86.8%,83.7%,68.2%,4.802888942,85.9%,,ECAL_Bloom(Prather)_20251217.csv,,,,,,,,,,
,,,,,,,,,,,,,,,,,,,,,,,,,,,,,,,,,,,,,ECAL_Bloom(Prather)_20251217.csv,,,,,,,,,,
,,,,,,,,,,,,,,,,,,,,,,,,,,,,,,,,,,,,,ECAL_Bloom(Prather)_20251217.csv,,,,,,,,,,
,,,,,,,,,,,,,,,,,,,,,,,,,,,,,,,,,,,,,ECAL_Bloom(Prather)_20251217.csv,,,,,,,,,,
,,,Mean:,105.1%,214189.5315,33114.88406,422.7417515,21174.59403,23977.21525,65262.21823,11.40776163,4.768255652,205.1163042,770.7714664,1.708280622,21.16984421,17.94522469,106.6248324,0.166895898,3.333703715,4.774888383,0.404496405,873.7099051,-149164.8335,-341.5142835,1.716360484,6.112655972,392.6537774,96.0%,2.39925011,88.0%,82.7%,69.1%,4.749244991,87.0%,,ECAL_Bloom(Prather)_20251217.csv,,,,,,,,,,
,,,RSD [%]:,1.71316024,1.416040404,1.71932071,1.034913436,0.766958982,1.247038412,0.749540978,1.022171888,1.393022633,0.822573405,0.503111288,1.183898514,0.617850743,1.159832899,0.820091052,4.808970417,12.47271364,1.353447676,4.187244634,2.394968858,0.73604484,7.393909264,3.93822671,6.65817419,2.33035792,0.613653436,1.985373004,1.430506966,1.672841212,1.066330911,1.961511499,1.712268808,,ECAL_Bloom(Prather)_20251217.csv,,,,,,,,,,
,,,SD:,1.8%,3033.010308,569.3510597,4.375011186,162.4004509,299.0050842,489.1670688,0.116606932,0.06642288,1.687232168,3.877838255,0.020224309,0.13079804,0.20813462,0.87442071,0.008025974,0.415803318,0.064625616,0.016937254,20.92508014,1097.92006,25.25125625,0.067594167,0.406991282,9.150238399,0.6%,0.047634064,1.3%,1.4%,0.7%,0.093156987,1.5%,,ECAL_Bloom(Prather)_20251217.csv,,,,,,,,,,
,,,,,,,,,,,,,,,,,,,,,,,,,,,,,,,,,,,,,ECAL_Bloom(Prather)_20251217.csv,,,,,,,,,,
,,,,,,,,,,,,,,,,,,,,,,,,,,,,,,,,,,,,,ECAL_Bloom(Prather)_20251217.csv,,,,,,,,,,
,,,,,,,,,,,,,,,,,,,,,,,,,,,,,,,,,,,,,ECAL_Bloom(Prather)_20251217.csv,,,,,,,,,,
No,,Sample Type,Label,6Li (KED),23Na (KED) [ppb],24Mg (KED) [ppb],27Al (KED) [ppb],39K (KED) [ppb],44Ca (KED) [ppb],32S (KED) [ppb],51V (KED) [ppb],52Cr (KED) [ppb],55Mn (KED) [ppb],57Fe (KED) [ppb],59Co (KED) [ppb],60Ni (KED) [ppb],63Cu (KED) [ppb],66Zn (KED) [ppb],71Ga (KED) [ppb],72Ge (KED) [ppb],75As (KED) [ppb],77Se (KED) [ppb],88Sr (KED) [ppb],95Mo (KED) [ppb],105Pd (KED) [ppb],107Ag (KED) [ppb],111Cd (KED) [ppb],182W (KED) [ppb],45Sc (KED),208Pb (KED) [ppb],89Y (KED),113In (KED),209Bi (KED),238U (KED) [ppb],159Tb (KED),,ECAL_Bloom(Prather)_20251217.csv,,,,,,,,,,
16,,UNKNOWN,918pmSTR,108.3%,103172.3774,16105.35912,131.2854155,8342.652966,11296.59094,31326.94648,3.125923338,1.460581579,85.66382778,663.2347763,0.613220893,7.555735311,7.116632937,38.05092535,0.061642183,2.194717689,2.186172583,0.168099379,417.4646185,-65358.90198,-212.6827826,0.691578012,2.481626085,165.433206,104.0%,1.929302129,95.5%,90.9%,78.7%,4.645046731,95.4%,,ECAL_Bloom(Prather)_20251217.csv,,,,,,,,,,
,,,,,,,,,,,,,,,,,,,,,,,,,,,,,,,,,,,,,ECAL_Bloom(Prather)_20251217.csv,,,,,,,,,,
16,,,1,107.3%,103020.8037,16203.3631,130.9215178,8281.370137,11260.06459,31256.36874,3.16228035,1.462693209,87.31461707,675.8846644,0.633999683,7.574495238,7.116575191,38.38495888,0.05606471,2.000285675,2.209457249,0.172130634,414.8585523,-65016.72214,-209.3281335,0.831234513,2.487383694,163.9796692,103.0%,1.940401122,94.3%,89.2%,77.4%,4.666320535,93.9%,,ECAL_Bloom(Prather)_20251217.csv,,,,,,,,,,
,,,,,,,,,,,,,,,,,,,,,,,,,,,,,,,,,,,,,ECAL_Bloom(Prather)_20251217.csv,,,,,,,,,,
,,,,,,,,,,,,,,,,,,,,,,,,,,,,,,,,,,,,,ECAL_Bloom(Prather)_20251217.csv,,,,,,,,,,
,,,,,,,,,,,,,,,,,,,,,,,,,,,,,,,,,,,,,ECAL_Bloom(Prather)_20251217.csv,,,,,,,,,,
16,,,2,109.4%,102278.2203,15982.45042,131.1554369,8161.491184,11255.34469,30722.99274,3.148934605,1.464030596,83.29594992,660.8103483,0.623505936,7.494492259,7.073890406,38.27061137,0.065376297,2.209320848,2.160609211,0.165084861,419.2866309,-65493.96615,-200.9731862,0.867505384,2.354186442,168.3654625,104.0%,1.959922627,94.2%,92.6%,78.3%,4.770619707,96.5%,,ECAL_Bloom(Prather)_20251217.csv,,,,,,,,,,
,,,,,,,,,,,,,,,,,,,,,,,,,,,,,,,,,,,,,ECAL_Bloom(Prather)_20251217.csv,,,,,,,,,,
,,,,,,,,,,,,,,,,,,,,,,,,,,,,,,,,,,,,,ECAL_Bloom(Prather)_20251217.csv,,,,,,,,,,
,,,,,,,,,,,,,,,,,,,,,,,,,,,,,,,,,,,,,ECAL_Bloom(Prather)_20251217.csv,,,,,,,,,,
16,,,3,107.4%,105129.4973,16338.0308,134.3947636,8430.014116,11375.84296,32707.12642,3.107396871,1.467709092,84.88859257,659.711571,0.602100268,7.70269947,7.126060183,37.63508866,0.058522683,2.439717104,2.187263792,0.157608305,418.8210254,-64222.8637,-241.0931605,0.88661046,2.528530661,164.8239619,103.2%,1.905934211,98.0%,90.9%,79.3%,4.545966234,96.8%,,ECAL_Bloom(Prather)_20251217.csv,,,,,,,,,,
,,,,,,,,,,,,,,,,,,,,,,,,,,,,,,,,,,,,,ECAL_Bloom(Prather)_20251217.csv,,,,,,,,,,
,,,,,,,,,,,,,,,,,,,,,,,,,,,,,,,,,,,,,ECAL_Bloom(Prather)_20251217.csv,,,,,,,,,,
,,,,,,,,,,,,,,,,,,,,,,,,,,,,,,,,,,,,,ECAL_Bloom(Prather)_20251217.csv,,,,,,,,,,
16,,,4,108.0%,103817.7944,16052.79301,131.4256858,8550.592864,11310.02826,31580.14998,3.133870359,1.461362364,86.80385987,665.1996824,0.607856591,7.491827658,7.209870809,38.38050005,0.070271914,2.275010846,2.186468239,0.19785348,411.9151171,-64911.33322,-196.5839539,0.905294517,2.511327772,163.4640929,105.1%,1.87690477,96.5%,89.9%,79.7%,4.576074585,95.9%,,ECAL_Bloom(Prather)_20251217.csv,,,,,,,,,,
,,,,,,,,,,,,,,,,,,,,,,,,,,,,,,,,,,,,,ECAL_Bloom(Prather)_20251217.csv,,,,,,,,,,
,,,,,,,,,,,,,,,,,,,,,,,,,,,,,,,,,,,,,ECAL_Bloom(Prather)_20251217.csv,,,,,,,,,,
,,,,,,,,,,,,,,,,,,,,,,,,,,,,,,,,,,,,,ECAL_Bloom(Prather)_20251217.csv,,,,,,,,,,
16,,,5,109.7%,101615.5712,15950.15827,128.5296734,8289.79653,11281.67422,30368.09451,3.077134504,1.447112632,86.01611945,654.5676155,0.598641986,7.515161928,7.056768095,37.58346781,0.057975313,2.049253974,2.187064424,0.147819613,422.4417668,-67149.62471,-215.4354786,-0.032754813,2.526701856,166.5328434,104.7%,1.963347917,94.4%,92.0%,78.9%,4.666252596,94.3%,,ECAL_Bloom(Prather)_20251217.csv,,,,,,,,,,
,,,,,,,,,,,,,,,,,,,,,,,,,,,,,,,,,,,,,ECAL_Bloom(Prather)_20251217.csv,,,,,,,,,,
,,,,,,,,,,,,,,,,,,,,,,,,,,,,,,,,,,,,,ECAL_Bloom(Prather)_20251217.csv,,,,,,,,,,
,,,,,,,,,,,,,,,,,,,,,,,,,,,,,,,,,,,,,ECAL_Bloom(Prather)_20251217.csv,,,,,,,,,,
,,,Mean:,108.3%,103172.3774,16105.35912,131.2854155,8342.652966,11296.59094,31326.94648,3.125923338,1.460581579,85.66382778,663.2347763,0.613220893,7.555735311,7.116632937,38.05092535,0.061642183,2.194717689,2.186172583,0.168099379,417.4646185,-65358.90198,-212.6827826,0.691578012,2.481626085,165.433206,104.0%,1.929302129,95.5%,90.9%,78.7%,4.645046731,95.4%,,ECAL_Bloom(Prather)_20251217.csv,,,,,,,,,,
,,,RSD [%]:,1.02739971,1.326584681,1.009329251,1.590071191,1.800384441,0.436356949,2.880960373,1.089334076,0.54038005,1.878381098,1.209247051,2.449534677,1.17321014,0.837010708,1.067438117,9.689601796,8.075509271,0.791527424,11.25568243,0.984162776,1.681783053,8.219034526,58.68320209,2.946588089,1.215303253,0.898062806,1.923991419,1.747426707,1.541917282,1.13458985,1.902697502,1.361687651,,ECAL_Bloom(Prather)_20251217.csv,,,,,,,,,,
,,,SD:,1.1%,1368.668953,162.5561006,2.08753157,150.199826,49.29345958,902.5169141,0.034051748,0.007892691,1.609093149,8.020146971,0.015021058,0.088644653,0.05956698,0.406170081,0.005972882,0.17723463,0.017304156,0.018920732,4.108531377,1099.194937,17.48047133,0.405840122,0.073123299,2.010515133,0.9%,0.037119607,1.7%,1.4%,0.9%,0.088381188,1.3%,,ECAL_Bloom(Prather)_20251217.csv,,,,,,,,,,
,,,,,,,,,,,,,,,,,,,,,,,,,,,,,,,,,,,,,ECAL_Bloom(Prather)_20251217.csv,,,,,,,,,,
,,,,,,,,,,,,,,,,,,,,,,,,,,,,,,,,,,,,,ECAL_Bloom(Prather)_20251217.csv,,,,,,,,,,
,,,,,,,,,,,,,,,,,,,,,,,,,,,,,,,,,,,,,ECAL_Bloom(Prather)_20251217.csv,,,,,,,,,,
No,,Sample Type,Label,6Li (KED),23Na (KED) [ppb],24Mg (KED) [ppb],27Al (KED) [ppb],39K (KED) [ppb],44Ca (KED) [ppb],32S (KED) [ppb],51V (KED) [ppb],52Cr (KED) [ppb],55Mn (KED) [ppb],57Fe (KED) [ppb],59Co (KED) [ppb],60Ni (KED) [ppb],63Cu (KED) [ppb],66Zn (KED) [ppb],71Ga (KED) [ppb],72Ge (KED) [ppb],75As (KED) [ppb],77Se (KED) [ppb],88Sr (KED) [ppb],95Mo (KED) [ppb],105Pd (KED) [ppb],107Ag (KED) [ppb],111Cd (KED) [ppb],182W (KED) [ppb],45Sc (KED),208Pb (KED) [ppb],89Y (KED),113In (KED),209Bi (KED),238U (KED) [ppb],159Tb (KED),,ECAL_Bloom(Prather)_20251217.csv,,,,,,,,,,
17,,UNKNOWN,919amSTR,106.5%,114223.4139,17664.28894,74.99193303,8493.863077,11311.14064,32316.53507,2.712661892,1.505627729,84.23809474,262.6778198,0.5910035,6.753003074,10.28663091,31.0007203,0.035481709,1.285063569,1.843641245,0.162850905,451.5570908,-72704.12703,-250.6350702,0.767842875,2.128138218,170.4640022,101.8%,1.940617559,93.1%,88.3%,77.1%,6.401826891,93.1%,,ECAL_Bloom(Prather)_20251217.csv,,,,,,,,,,
,,,,,,,,,,,,,,,,,,,,,,,,,,,,,,,,,,,,,ECAL_Bloom(Prather)_20251217.csv,,,,,,,,,,
17,,,1,106.0%,115349.4585,17717.9097,75.28950549,8598.579756,11078.79715,33266.05909,2.757234059,1.471325999,85.76200692,261.6456585,0.601570212,6.835210662,10.26310525,31.55077966,0.033418612,1.221677399,1.837722971,0.154014371,454.2865929,-72959.01012,-253.0124764,0.76557999,2.015266006,162.556838,98.5%,1.941231608,91.5%,87.4%,77.5%,6.213465868,93.1%,,ECAL_Bloom(Prather)_20251217.csv,,,,,,,,,,
,,,,,,,,,,,,,,,,,,,,,,,,,,,,,,,,,,,,,ECAL_Bloom(Prather)_20251217.csv,,,,,,,,,,
,,,,,,,,,,,,,,,,,,,,,,,,,,,,,,,,,,,,,ECAL_Bloom(Prather)_20251217.csv,,,,,,,,,,
,,,,,,,,,,,,,,,,,,,,,,,,,,,,,,,,,,,,,ECAL_Bloom(Prather)_20251217.csv,,,,,,,,,,
17,,,2,107.4%,113116.6077,17924.51627,74.52938875,8612.144827,11339.57236,32644.4754,2.698271217,1.512864651,84.71467975,269.2672103,0.577453388,6.796895146,10.44711389,30.66438809,0.029148952,1.254941187,1.861467619,0.173566886,445.5922416,-72969.73287,-249.2000137,0.778049003,2.378317086,174.3583075,101.2%,1.915600857,93.9%,87.8%,76.1%,6.530105075,93.2%,,ECAL_Bloom(Prather)_20251217.csv,,,,,,,,,,
,,,,,,,,,,,,,,,,,,,,,,,,,,,,,,,,,,,,,ECAL_Bloom(Prather)_20251217.csv,,,,,,,,,,
,,,,,,,,,,,,,,,,,,,,,,,,,,,,,,,,,,,,,ECAL_Bloom(Prather)_20251217.csv,,,,,,,,,,
,,,,,,,,,,,,,,,,,,,,,,,,,,,,,,,,,,,,,ECAL_Bloom(Prather)_20251217.csv,,,,,,,,,,
17,,,3,106.8%,113875.1705,17487.90072,76.71566663,8489.954504,11588.42374,32116.05493,2.654568654,1.533244981,83.89554282,263.7088489,0.617113471,6.784286184,10.37916244,31.37113799,0.035820948,1.402357578,1.875280393,0.165773889,460.9910503,-72752.37675,-269.6547859,0.767132997,2.090689832,174.0179082,101.3%,1.993241693,92.0%,89.2%,76.5%,6.532370288,91.4%,,ECAL_Bloom(Prather)_20251217.csv,,,,,,,,,,
,,,,,,,,,,,,,,,,,,,,,,,,,,,,,,,,,,,,,ECAL_Bloom(Prather)_20251217.csv,,,,,,,,,,
,,,,,,,,,,,,,,,,,,,,,,,,,,,,,,,,,,,,,ECAL_Bloom(Prather)_20251217.csv,,,,,,,,,,
,,,,,,,,,,,,,,,,,,,,,,,,,,,,,,,,,,,,,ECAL_Bloom(Prather)_20251217.csv,,,,,,,,,,
17,,,4,106.3%,114931.9653,17481.6657,74.64095603,8350.842618,11272.68922,31848.23283,2.698203873,1.51497532,83.17101136,255.4717351,0.578158359,6.693114928,10.09958646,30.47007577,0.03788183,1.415254835,1.841553186,0.175964961,454.8675889,-72117.71821,-239.4418225,0.774646644,1.955637754,170.7158308,104.7%,1.982307935,93.3%,89.2%,77.5%,6.29671062,93.1%,,ECAL_Bloom(Prather)_20251217.csv,,,,,,,,,,
,,,,,,,,,,,,,,,,,,,,,,,,,,,,,,,,,,,,,ECAL_Bloom(Prather)_20251217.csv,,,,,,,,,,
,,,,,,,,,,,,,,,,,,,,,,,,,,,,,,,,,,,,,ECAL_Bloom(Prather)_20251217.csv,,,,,,,,,,
,,,,,,,,,,,,,,,,,,,,,,,,,,,,,,,,,,,,,ECAL_Bloom(Prather)_20251217.csv,,,,,,,,,,
17,,,5,106.0%,113843.8675,17709.45231,73.78414824,8417.79368,11276.22073,31707.85308,2.755031657,1.495727692,83.64723286,263.2956462,0.580722069,6.655508451,10.24418651,30.94722,0.041138205,1.131086846,1.802182058,0.144934417,442.0479802,-72721.79721,-241.8662524,0.753805743,2.200780411,170.6711266,103.4%,1.8707057,94.6%,87.9%,78.1%,6.436482604,94.6%,,ECAL_Bloom(Prather)_20251217.csv,,,,,,,,,,
,,,,,,,,,,,,,,,,,,,,,,,,,,,,,,,,,,,,,ECAL_Bloom(Prather)_20251217.csv,,,,,,,,,,
,,,,,,,,,,,,,,,,,,,,,,,,,,,,,,,,,,,,,ECAL_Bloom(Prather)_20251217.csv,,,,,,,,,,
,,,,,,,,,,,,,,,,,,,,,,,,,,,,,,,,,,,,,ECAL_Bloom(Prather)_20251217.csv,,,,,,,,,,
,,,Mean:,106.5%,114223.4139,17664.28894,74.99193303,8493.863077,11311.14064,32316.53507,2.712661892,1.505627729,84.23809474,262.6778198,0.5910035,6.753003074,10.28663091,31.0007203,0.035481709,1.285063569,1.843641245,0.162850905,451.5570908,-72704.12703,-250.6350702,0.767842875,2.128138218,170.4640022,101.8%,1.940617559,93.1%,88.3%,77.1%,6.401826891,93.1%,,ECAL_Bloom(Prather)_20251217.csv,,,,,,,,,,
,,,RSD [%]:,0.571124122,0.790402547,1.048064934,1.469198995,1.332153179,1.620406392,1.980853752,1.603996091,1.549493829,1.209830171,1.882974118,2.988371039,1.116893399,1.301150755,1.475873356,12.77866095,9.4781851,1.504395253,8.090903264,1.691681986,0.477470798,4.769690808,1.223657882,7.854592034,2.789218925,2.295851057,2.579237732,1.384756646,0.93727437,1.036961087,2.22595718,1.232132827,,ECAL_Bloom(Prather)_20251217.csv,,,,,,,,,,
,,,SD:,0.6%,902.8247727,185.1332182,1.101780727,113.151267,183.286446,640.1432975,0.043510991,0.023329609,1.019137886,4.94615536,0.017661377,0.075423846,0.133844576,0.457531371,0.004534087,0.121800704,0.027735651,0.013176109,7.63890996,347.1409753,11.9545179,0.00939577,0.167156575,4.754614211,2.3%,0.05005314,1.3%,0.8%,0.8%,0.142501925,1.1%,,ECAL_Bloom(Prather)_20251217.csv,,,,,,,,,,
,,,,,,,,,,,,,,,,,,,,,,,,,,,,,,,,,,,,,ECAL_Bloom(Prather)_20251217.csv,,,,,,,,,,
,,,,,,,,,,,,,,,,,,,,,,,,,,,,,,,,,,,,,ECAL_Bloom(Prather)_20251217.csv,,,,,,,,,,
,,,,,,,,,,,,,,,,,,,,,,,,,,,,,,,,,,,,,ECAL_Bloom(Prather)_20251217.csv,,,,,,,,,,
No,,Sample Type,Label,6Li (KED),23Na (KED) [ppb],24Mg (KED) [ppb],27Al (KED) [ppb],39K (KED) [ppb],44Ca (KED) [ppb],32S (KED) [ppb],51V (KED) [ppb],52Cr (KED) [ppb],55Mn (KED) [ppb],57Fe (KED) [ppb],59Co (KED) [ppb],60Ni (KED) [ppb],63Cu (KED) [ppb],66Zn (KED) [ppb],71Ga (KED) [ppb],72Ge (KED) [ppb],75As (KED) [ppb],77Se (KED) [ppb],88Sr (KED) [ppb],95Mo (KED) [ppb],105Pd (KED) [ppb],107Ag (KED) [ppb],111Cd (KED) [ppb],182W (KED) [ppb],45Sc (KED),208Pb (KED) [ppb],89Y (KED),113In (KED),209Bi (KED),238U (KED) [ppb],159Tb (KED),,ECAL_Bloom(Prather)_20251217.csv,,,,,,,,,,
18,,UNKNOWN,919pmSTR,108.2%,154840.1509,24969.94637,76.28267557,11841.66959,15457.62104,41831.44867,3.050925974,1.53892966,119.1904617,232.0089087,0.661673018,7.903701294,7.755965119,43.53646614,0.028527192,1.22924839,1.975932944,0.151035745,634.0697623,-46081.54087,-272.3389568,0.88325546,3.443045334,145.5900774,99.9%,2.185629162,91.4%,86.1%,72.1%,5.951521835,89.3%,,ECAL_Bloom(Prather)_20251217.csv,,,,,,,,,,
,,,,,,,,,,,,,,,,,,,,,,,,,,,,,,,,,,,,,ECAL_Bloom(Prather)_20251217.csv,,,,,,,,,,
18,,,1,110.9%,152056.094,25045.35923,76.47697887,11945.16522,15597.74173,42017.52153,3.119873192,1.561226433,121.7988429,237.4329369,0.678441764,8.01970379,7.956338991,44.06126263,0.027328651,1.487539596,2.024406907,0.180872555,632.5496376,-46623.79776,-294.7149732,0.864989226,3.556445779,142.9525926,98.1%,2.134297403,89.8%,84.9%,72.2%,5.888951312,88.7%,,ECAL_Bloom(Prather)_20251217.csv,,,,,,,,,,
,,,,,,,,,,,,,,,,,,,,,,,,,,,,,,,,,,,,,ECAL_Bloom(Prather)_20251217.csv,,,,,,,,,,
,,,,,,,,,,,,,,,,,,,,,,,,,,,,,,,,,,,,,ECAL_Bloom(Prather)_20251217.csv,,,,,,,,,,
,,,,,,,,,,,,,,,,,,,,,,,,,,,,,,,,,,,,,ECAL_Bloom(Prather)_20251217.csv,,,,,,,,,,
18,,,2,110.0%,157149.9603,24710.52062,76.30198386,11675.23919,15573.77893,41636.25203,3.05689833,1.558996664,120.8847739,232.7617004,0.662927421,7.897433763,7.756252051,44.35455825,0.033111611,0.935654522,1.964392268,0.1623338,640.7099661,-45655.01448,-287.45248,0.856426736,3.229690105,146.0817944,99.2%,2.221902744,90.1%,85.9%,71.7%,5.9646735,87.3%,,ECAL_Bloom(Prather)_20251217.csv,,,,,,,,,,
,,,,,,,,,,,,,,,,,,,,,,,,,,,,,,,,,,,,,ECAL_Bloom(Prather)_20251217.csv,,,,,,,,,,
,,,,,,,,,,,,,,,,,,,,,,,,,,,,,,,,,,,,,ECAL_Bloom(Prather)_20251217.csv,,,,,,,,,,
,,,,,,,,,,,,,,,,,,,,,,,,,,,,,,,,,,,,,ECAL_Bloom(Prather)_20251217.csv,,,,,,,,,,
18,,,3,102.8%,160403.8226,25536.94271,77.24368932,11884.20991,15118.15808,43505.53174,3.031153672,1.520817609,119.8873462,233.1706703,0.649492441,7.999501606,7.696095485,43.20906275,0.030160792,1.344470632,1.966165409,0.156532454,648.6368107,-45456.75932,-252.3163554,0.883425557,3.633013125,138.7629026,100.8%,2.184462244,91.4%,87.6%,72.4%,5.864718994,91.5%,,ECAL_Bloom(Prather)_20251217.csv,,,,,,,,,,
,,,,,,,,,,,,,,,,,,,,,,,,,,,,,,,,,,,,,ECAL_Bloom(Prather)_20251217.csv,,,,,,,,,,
,,,,,,,,,,,,,,,,,,,,,,,,,,,,,,,,,,,,,ECAL_Bloom(Prather)_20251217.csv,,,,,,,,,,
,,,,,,,,,,,,,,,,,,,,,,,,,,,,,,,,,,,,,ECAL_Bloom(Prather)_20251217.csv,,,,,,,,,,
18,,,4,106.3%,154256.4794,25464.3411,76.80491451,11878.55107,15312.51018,41914.35028,3.041714458,1.500438671,116.1390259,230.0780925,0.656850046,7.878160214,7.736655185,42.6567919,0.024945105,1.217274336,1.972983132,0.109775484,614.5895348,-45300.91935,-251.1172786,0.929765259,3.502601043,146.4350572,99.7%,2.152075173,94.1%,86.9%,72.3%,5.930076331,90.9%,,ECAL_Bloom(Prather)_20251217.csv,,,,,,,,,,
,,,,,,,,,,,,,,,,,,,,,,,,,,,,,,,,,,,,,ECAL_Bloom(Prather)_20251217.csv,,,,,,,,,,
,,,,,,,,,,,,,,,,,,,,,,,,,,,,,,,,,,,,,ECAL_Bloom(Prather)_20251217.csv,,,,,,,,,,
,,,,,,,,,,,,,,,,,,,,,,,,,,,,,,,,,,,,,ECAL_Bloom(Prather)_20251217.csv,,,,,,,,,,
18,,,5,111.2%,150334.3981,24092.56817,74.5858113,11825.18255,15685.9163,40083.58779,3.004990218,1.553168923,117.2423198,226.6011435,0.66065342,7.723707097,7.634483884,43.40065517,0.027089802,1.161302864,1.951717003,0.145664435,633.8628621,-47371.21343,-276.0936971,0.881670525,3.293476617,153.7180402,101.7%,2.235408246,91.5%,85.1%,71.9%,6.109189036,88.2%,,ECAL_Bloom(Prather)_20251217.csv,,,,,,,,,,
,,,,,,,,,,,,,,,,,,,,,,,,,,,,,,,,,,,,,ECAL_Bloom(Prather)_20251217.csv,,,,,,,,,,
,,,,,,,,,,,,,,,,,,,,,,,,,,,,,,,,,,,,,ECAL_Bloom(Prather)_20251217.csv,,,,,,,,,,
,,,,,,,,,,,,,,,,,,,,,,,,,,,,,,,,,,,,,ECAL_Bloom(Prather)_20251217.csv,,,,,,,,,,
,,,Mean:,108.2%,154840.1509,24969.94637,76.28267557,11841.66959,15457.62104,41831.44867,3.050925974,1.53892966,119.1904617,232.0089087,0.661673018,7.903701294,7.755965119,43.53646614,0.028527192,1.22924839,1.975932944,0.151035745,634.0697623,-46081.54087,-272.3389568,0.88325546,3.443045334,145.5900774,99.9%,2.185629162,91.4%,86.1%,72.1%,5.951521835,89.3%,,ECAL_Bloom(Prather)_20251217.csv,,,,,,,,,,
,,,RSD [%]:,3.328501557,2.5970594,2.376623941,1.329423483,0.863805641,1.522477666,2.912438857,1.407432318,1.753319574,2.023457748,1.728221243,1.612642502,1.493344202,1.564089694,1.55960637,11.08783367,16.81752841,1.425483784,17.45268653,1.991982506,1.922360491,7.331080647,3.211836876,5.038653126,3.771264815,1.393862527,1.988552013,1.83143998,1.326757536,0.419409065,1.614730228,2.030942983,,ECAL_Bloom(Prather)_20251217.csv,,,,,,,,,,
,,,SD:,3.6%,4021.290694,593.4417233,1.014119803,102.2890099,235.3388281,1218.315366,0.042939718,0.026982355,2.411768633,4.009627247,0.01067042,0.118029465,0.121310251,0.678997499,0.003163048,0.206729197,0.028166604,0.026359795,12.63055874,885.8533351,19.96538856,0.028368725,0.173483111,5.490587363,1.4%,0.043462373,1.7%,1.1%,0.3%,0.096101022,1.8%,,ECAL_Bloom(Prather)_20251217.csv,,,,,,,,,,
,,,,,,,,,,,,,,,,,,,,,,,,,,,,,,,,,,,,,ECAL_Bloom(Prather)_20251217.csv,,,,,,,,,,
,,,,,,,,,,,,,,,,,,,,,,,,,,,,,,,,,,,,,ECAL_Bloom(Prather)_20251217.csv,,,,,,,,,,
,,,,,,,,,,,,,,,,,,,,,,,,,,,,,,,,,,,,,ECAL_Bloom(Prather)_20251217.csv,,,,,,,,,,
No,,Sample Type,Label,6Li (KED),23Na (KED) [ppb],24Mg (KED) [ppb],27Al (KED) [ppb],39K (KED) [ppb],44Ca (KED) [ppb],32S (KED) [ppb],51V (KED) [ppb],52Cr (KED) [ppb],55Mn (KED) [ppb],57Fe (KED) [ppb],59Co (KED) [ppb],60Ni (KED) [ppb],63Cu (KED) [ppb],66Zn (KED) [ppb],71Ga (KED) [ppb],72Ge (KED) [ppb],75As (KED) [ppb],77Se (KED) [ppb],88Sr (KED) [ppb],95Mo (KED) [ppb],105Pd (KED) [ppb],107Ag (KED) [ppb],111Cd (KED) [ppb],182W (KED) [ppb],45Sc (KED),208Pb (KED) [ppb],89Y (KED),113In (KED),209Bi (KED),238U (KED) [ppb],159Tb (KED),,ECAL_Bloom(Prather)_20251217.csv,,,,,,,,,,
19,,UNKNOWN,920amSTR,100.1%,319260.9941,52118.79391,699.8572473,23310.7979,31880.9231,81384.74212,7.493257331,3.368152766,283.9255839,1107.06005,1.412193843,17.41889466,21.34073996,70.00169444,0.243289197,4.172195953,4.966514588,0.353551026,1268.718532,-71289.70363,-421.832962,2.233721555,5.367207035,230.0580129,88.0%,6.907545679,80.9%,74.5%,61.0%,7.995015124,77.8%,,ECAL_Bloom(Prather)_20251217.csv,,,,,,,,,,
,,,,,,,,,,,,,,,,,,,,,,,,,,,,,,,,,,,,,ECAL_Bloom(Prather)_20251217.csv,,,,,,,,,,
19,,,1,99.2%,317142.443,51755.3512,707.6707061,23636.63598,32358.52878,83008.1177,7.479821322,3.454164962,280.8676006,1117.314516,1.445717148,17.65005269,21.60418378,71.30200003,0.232848828,4.322114779,4.996574983,0.254973909,1272.124976,-71383.6456,-421.2906754,2.393418319,5.346472455,235.5062713,85.8%,7.123043159,78.7%,74.3%,60.2%,8.263492318,76.9%,,ECAL_Bloom(Prather)_20251217.csv,,,,,,,,,,
,,,,,,,,,,,,,,,,,,,,,,,,,,,,,,,,,,,,,ECAL_Bloom(Prather)_20251217.csv,,,,,,,,,,
,,,,,,,,,,,,,,,,,,,,,,,,,,,,,,,,,,,,,ECAL_Bloom(Prather)_20251217.csv,,,,,,,,,,
,,,,,,,,,,,,,,,,,,,,,,,,,,,,,,,,,,,,,ECAL_Bloom(Prather)_20251217.csv,,,,,,,,,,
19,,,2,100.5%,315777.7947,50397.29041,685.7045779,23024.80818,31491.47385,80615.90167,7.426598575,3.334015417,284.093711,1091.57048,1.414750913,17.25577497,20.99136467,68.71763493,0.251200415,3.904125421,4.944450888,0.378873824,1277.987127,-70330.98155,-417.7202366,2.132015529,5.643359542,224.5590437,89.1%,7.100253013,81.1%,74.4%,60.8%,7.850370489,77.0%,,ECAL_Bloom(Prather)_20251217.csv,,,,,,,,,,
,,,,,,,,,,,,,,,,,,,,,,,,,,,,,,,,,,,,,ECAL_Bloom(Prather)_20251217.csv,,,,,,,,,,
,,,,,,,,,,,,,,,,,,,,,,,,,,,,,,,,,,,,,ECAL_Bloom(Prather)_20251217.csv,,,,,,,,,,
,,,,,,,,,,,,,,,,,,,,,,,,,,,,,,,,,,,,,ECAL_Bloom(Prather)_20251217.csv,,,,,,,,,,
19,,,3,96.1%,324876.561,53484.98397,689.6535896,23369.62286,31199.37726,81895.00025,7.365941951,3.31478328,282.1772237,1105.054752,1.368726062,17.14860317,21.61997094,70.5844325,0.232198088,4.247394796,5.029859353,0.372501647,1262.740507,-71975.37499,-442.0117361,2.227118495,5.689854755,226.7675815,88.6%,6.688944834,80.9%,74.0%,61.8%,7.794408987,78.4%,,ECAL_Bloom(Prather)_20251217.csv,,,,,,,,,,
,,,,,,,,,,,,,,,,,,,,,,,,,,,,,,,,,,,,,ECAL_Bloom(Prather)_20251217.csv,,,,,,,,,,
,,,,,,,,,,,,,,,,,,,,,,,,,,,,,,,,,,,,,ECAL_Bloom(Prather)_20251217.csv,,,,,,,,,,
,,,,,,,,,,,,,,,,,,,,,,,,,,,,,,,,,,,,,ECAL_Bloom(Prather)_20251217.csv,,,,,,,,,,
19,,,4,100.1%,321952.6493,53651.11841,713.1679044,23441.69581,32413.87876,79318.42019,7.621510358,3.386832734,284.4618989,1117.116307,1.408350808,17.57385273,21.54234945,70.65664115,0.255738645,4.139016024,5.00410671,0.347768317,1238.577665,-71649.98079,-443.11311,2.207462492,5.213399265,232.0898426,87.9%,6.768554508,81.6%,73.5%,61.1%,8.183652143,78.0%,,ECAL_Bloom(Prather)_20251217.csv,,,,,,,,,,
,,,,,,,,,,,,,,,,,,,,,,,,,,,,,,,,,,,,,ECAL_Bloom(Prather)_20251217.csv,,,,,,,,,,
,,,,,,,,,,,,,,,,,,,,,,,,,,,,,,,,,,,,,ECAL_Bloom(Prather)_20251217.csv,,,,,,,,,,
,,,,,,,,,,,,,,,,,,,,,,,,,,,,,,,,,,,,,ECAL_Bloom(Prather)_20251217.csv,,,,,,,,,,
19,,,5,104.4%,316555.5224,51305.22556,703.0894585,23081.22669,31941.35686,82086.27081,7.572414448,3.350967434,288.0274855,1104.244194,1.423424282,17.46618974,20.94583093,68.74776359,0.244460007,4.248328744,4.857581005,0.413637432,1292.162385,-71108.5352,-385.0290518,2.208592937,4.942949157,231.3673254,88.8%,6.856932881,82.4%,76.2%,61.2%,7.883151684,78.8%,,ECAL_Bloom(Prather)_20251217.csv,,,,,,,,,,
,,,,,,,,,,,,,,,,,,,,,,,,,,,,,,,,,,,,,ECAL_Bloom(Prather)_20251217.csv,,,,,,,,,,
,,,,,,,,,,,,,,,,,,,,,,,,,,,,,,,,,,,,,ECAL_Bloom(Prather)_20251217.csv,,,,,,,,,,
,,,,,,,,,,,,,,,,,,,,,,,,,,,,,,,,,,,,,ECAL_Bloom(Prather)_20251217.csv,,,,,,,,,,
,,,Mean:,100.1%,319260.9941,52118.79391,699.8572473,23310.7979,31880.9231,81384.74212,7.493257331,3.368152766,283.9255839,1107.06005,1.412193843,17.41889466,21.34073996,70.00169444,0.243289197,4.172195953,4.966514588,0.353551026,1268.718532,-71289.70363,-421.832962,2.233721555,5.367207035,230.0580129,88.0%,6.907545679,80.9%,74.5%,61.0%,7.995015124,77.8%,,ECAL_Bloom(Prather)_20251217.csv,,,,,,,,,,
,,,RSD [%]:,2.992719716,1.240302333,2.708698762,1.680180466,1.096346399,1.668621528,1.764487604,1.392459326,1.629973254,0.9572838,0.96673429,1.990520515,1.215620872,1.599447147,1.702370779,4.364320461,3.918074662,1.376061841,16.94805373,1.57211872,0.876210538,5.599556449,4.31798436,5.776140932,1.902057502,1.478498347,2.833576071,1.707628373,1.363446542,0.961545722,2.663178123,1.087729272,,ECAL_Bloom(Prather)_20251217.csv,,,,,,,,,,
,,,SD:,3.0%,3959.801559,1411.741125,11.75886476,255.5670933,531.9719462,1436.023687,0.104340561,0.054899989,2.71797362,10.70232911,0.028110008,0.211747719,0.341333856,1.191688391,0.01061792,0.163469752,0.068342312,0.059920018,19.94576155,624.6478955,23.62077483,0.096451747,0.310017442,4.375835693,1.3%,0.195730561,1.4%,1.0%,0.6%,0.212921494,0.8%,,ECAL_Bloom(Prather)_20251217.csv,,,,,,,,,,
,,,,,,,,,,,,,,,,,,,,,,,,,,,,,,,,,,,,,ECAL_Bloom(Prather)_20251217.csv,,,,,,,,,,
,,,,,,,,,,,,,,,,,,,,,,,,,,,,,,,,,,,,,ECAL_Bloom(Prather)_20251217.csv,,,,,,,,,,
,,,,,,,,,,,,,,,,,,,,,,,,,,,,,,,,,,,,,ECAL_Bloom(Prather)_20251217.csv,,,,,,,,,,
No,,Sample Type,Label,6Li (KED),23Na (KED) [ppb],24Mg (KED) [ppb],27Al (KED) [ppb],39K (KED) [ppb],44Ca (KED) [ppb],32S (KED) [ppb],51V (KED) [ppb],52Cr (KED) [ppb],55Mn (KED) [ppb],57Fe (KED) [ppb],59Co (KED) [ppb],60Ni (KED) [ppb],63Cu (KED) [ppb],66Zn (KED) [ppb],71Ga (KED) [ppb],72Ge (KED) [ppb],75As (KED) [ppb],77Se (KED) [ppb],88Sr (KED) [ppb],95Mo (KED) [ppb],105Pd (KED) [ppb],107Ag (KED) [ppb],111Cd (KED) [ppb],182W (KED) [ppb],45Sc (KED),208Pb (KED) [ppb],89Y (KED),113In (KED),209Bi (KED),238U (KED) [ppb],159Tb (KED),,ECAL_Bloom(Prather)_20251217.csv,,,,,,,,,,
20,,UNKNOWN,920pmSTR,108.2%,175929.3407,29020.44073,91.13514317,13393.85875,17245.99679,40900.50969,3.26099845,3.359709137,142.5505077,266.83495,0.598154719,9.594115456,6.102416213,43.6506031,0.034355635,1.354969906,1.922614905,0.18469808,733.9868927,-47104.85715,-302.1153535,1.926571601,2.569519703,149.1195045,101.0%,1.087782222,90.5%,85.4%,70.3%,6.124704857,88.1%,,ECAL_Bloom(Prather)_20251217.csv,,,,,,,,,,
,,,,,,,,,,,,,,,,,,,,,,,,,,,,,,,,,,,,,ECAL_Bloom(Prather)_20251217.csv,,,,,,,,,,
20,,,1,106.4%,176482.6022,28922.90735,91.8403276,13410.87853,17124.58516,40986.42533,3.224524177,3.337367921,142.2588364,264.8973907,0.608942504,9.620705186,6.067848207,44.17685207,0.027774144,1.304293229,1.928196636,0.21325397,731.2848244,-46993.20998,-297.7726186,1.97783916,2.449527232,153.3734589,100.4%,1.109662058,88.5%,84.2%,68.8%,6.208874085,85.6%,,ECAL_Bloom(Prather)_20251217.csv,,,,,,,,,,
,,,,,,,,,,,,,,,,,,,,,,,,,,,,,,,,,,,,,ECAL_Bloom(Prather)_20251217.csv,,,,,,,,,,
,,,,,,,,,,,,,,,,,,,,,,,,,,,,,,,,,,,,,ECAL_Bloom(Prather)_20251217.csv,,,,,,,,,,
,,,,,,,,,,,,,,,,,,,,,,,,,,,,,,,,,,,,,ECAL_Bloom(Prather)_20251217.csv,,,,,,,,,,
20,,,2,107.3%,179590.9451,29175.92241,90.00675627,13287.03792,17019.87381,41160.92385,3.281377027,3.367264234,144.2594505,264.2004084,0.614625257,9.695629735,6.140206532,44.20873531,0.037842301,1.715767613,1.928092226,0.189736608,740.2648923,-46606.11644,-312.6995672,1.872021973,2.436401197,144.7947842,101.2%,1.107793283,89.7%,86.9%,70.7%,6.020798547,89.4%,,ECAL_Bloom(Prather)_20251217.csv,,,,,,,,,,
,,,,,,,,,,,,,,,,,,,,,,,,,,,,,,,,,,,,,ECAL_Bloom(Prather)_20251217.csv,,,,,,,,,,
,,,,,,,,,,,,,,,,,,,,,,,,,,,,,,,,,,,,,ECAL_Bloom(Prather)_20251217.csv,,,,,,,,,,
,,,,,,,,,,,,,,,,,,,,,,,,,,,,,,,,,,,,,ECAL_Bloom(Prather)_20251217.csv,,,,,,,,,,
20,,,3,108.7%,177973.6042,29053.86304,90.21126594,13402.00293,17042.53481,40847.36009,3.269931391,3.322570253,142.9365024,270.7037065,0.585148677,9.490460317,6.069070572,43.09993244,0.037212089,1.443579291,1.875770456,0.175521481,722.2146931,-46330.20843,-285.724604,1.90524302,2.68027371,142.0828693,101.1%,1.046100087,92.5%,85.2%,72.1%,6.169606462,92.1%,,ECAL_Bloom(Prather)_20251217.csv,,,,,,,,,,
,,,,,,,,,,,,,,,,,,,,,,,,,,,,,,,,,,,,,ECAL_Bloom(Prather)_20251217.csv,,,,,,,,,,
,,,,,,,,,,,,,,,,,,,,,,,,,,,,,,,,,,,,,ECAL_Bloom(Prather)_20251217.csv,,,,,,,,,,
,,,,,,,,,,,,,,,,,,,,,,,,,,,,,,,,,,,,,ECAL_Bloom(Prather)_20251217.csv,,,,,,,,,,
20,,,4,109.3%,172970.2423,29376.05955,92.55665632,13578.70122,17504.66152,40550.49895,3.307118838,3.411850346,143.2223339,272.56898,0.601948056,9.695360787,6.296545866,44.31416872,0.040164958,1.028423191,1.967702471,0.170030635,739.8788681,-48617.18937,-291.3900584,1.970099931,2.544426091,154.4715853,99.8%,1.084963897,89.4%,84.2%,69.9%,6.259636878,85.9%,,ECAL_Bloom(Prather)_20251217.csv,,,,,,,,,,
,,,,,,,,,,,,,,,,,,,,,,,,,,,,,,,,,,,,,ECAL_Bloom(Prather)_20251217.csv,,,,,,,,,,
,,,,,,,,,,,,,,,,,,,,,,,,,,,,,,,,,,,,,ECAL_Bloom(Prather)_20251217.csv,,,,,,,,,,
,,,,,,,,,,,,,,,,,,,,,,,,,,,,,,,,,,,,,ECAL_Bloom(Prather)_20251217.csv,,,,,,,,,,
20,,,5,109.1%,172629.3098,28573.45132,91.06070973,13290.67317,17538.32866,40957.34023,3.222040815,3.359492928,140.0754152,261.8042643,0.580109103,9.468421257,5.938409887,42.45332694,0.028784681,1.282786204,1.913312738,0.174947707,736.2911857,-46977.5615,-322.9899195,1.907653923,2.736970284,150.8748248,102.4%,1.090391785,92.4%,86.6%,70.2%,5.964608313,87.6%,,ECAL_Bloom(Prather)_20251217.csv,,,,,,,,,,
,,,,,,,,,,,,,,,,,,,,,,,,,,,,,,,,,,,,,ECAL_Bloom(Prather)_20251217.csv,,,,,,,,,,
,,,,,,,,,,,,,,,,,,,,,,,,,,,,,,,,,,,,,ECAL_Bloom(Prather)_20251217.csv,,,,,,,,,,
,,,,,,,,,,,,,,,,,,,,,,,,,,,,,,,,,,,,,ECAL_Bloom(Prather)_20251217.csv,,,,,,,,,,
,,,Mean:,108.2%,175929.3407,29020.44073,91.13514317,13393.85875,17245.99679,40900.50969,3.26099845,3.359709137,142.5505077,266.83495,0.598154719,9.594115456,6.102416213,43.6506031,0.034355635,1.354969906,1.922614905,0.18469808,733.9868927,-47104.85715,-302.1153535,1.926571601,2.569519703,149.1195045,101.0%,1.087782222,90.5%,85.4%,70.3%,6.124704857,88.1%,,ECAL_Bloom(Prather)_20251217.csv,,,,,,,,,,
,,,RSD [%]:,1.157420263,1.741296186,1.035287301,1.183112564,0.887970275,1.477280365,0.55182305,1.134025343,1.015298099,1.094213076,1.715839057,2.503314064,1.139481219,2.141608839,1.90486763,16.49231175,18.54034031,1.720147311,9.514438812,1.022552679,1.888280612,5.101905183,2.366057299,5.259467014,3.642916437,0.96014009,2.357844322,2.038462989,1.524317258,1.7493041,2.060975223,3.05082204,,ECAL_Bloom(Prather)_20251217.csv,,,,,,,,,,
,,,SD:,1.3%,3063.4509,300.4449375,1.078231329,118.9334845,254.7717243,225.6984401,0.036980549,0.034111063,1.559806295,4.57845829,0.014973691,0.109323144,0.130689885,0.831486209,0.005666038,0.251216032,0.033071809,0.017572986,7.505402635,889.4718846,15.41363888,0.045583788,0.135143041,5.43229894,1.0%,0.025648211,1.8%,1.3%,1.2%,0.12622865,2.7%,,ECAL_Bloom(Prather)_20251217.csv,,,,,,,,,,
,,,,,,,,,,,,,,,,,,,,,,,,,,,,,,,,,,,,,ECAL_Bloom(Prather)_20251217.csv,,,,,,,,,,
,,,,,,,,,,,,,,,,,,,,,,,,,,,,,,,,,,,,,ECAL_Bloom(Prather)_20251217.csv,,,,,,,,,,
,,,,,,,,,,,,,,,,,,,,,,,,,,,,,,,,,,,,,ECAL_Bloom(Prather)_20251217.csv,,,,,,,,,,
No,,Sample Type,Label,6Li (KED),23Na (KED) [ppb],24Mg (KED) [ppb],27Al (KED) [ppb],39K (KED) [ppb],44Ca (KED) [ppb],32S (KED) [ppb],51V (KED) [ppb],52Cr (KED) [ppb],55Mn (KED) [ppb],57Fe (KED) [ppb],59Co (KED) [ppb],60Ni (KED) [ppb],63Cu (KED) [ppb],66Zn (KED) [ppb],71Ga (KED) [ppb],72Ge (KED) [ppb],75As (KED) [ppb],77Se (KED) [ppb],88Sr (KED) [ppb],95Mo (KED) [ppb],105Pd (KED) [ppb],107Ag (KED) [ppb],111Cd (KED) [ppb],182W (KED) [ppb],45Sc (KED),208Pb (KED) [ppb],89Y (KED),113In (KED),209Bi (KED),238U (KED) [ppb],159Tb (KED),,ECAL_Bloom(Prather)_20251217.csv,,,,,,,,,,
21,,UNKNOWN,921amSTR,108.4%,358687.0258,54943.80853,93.32728554,25384.9574,31161.77088,79803.4214,6.409135885,2.877577572,253.8608588,430.3100134,1.070140629,35.31327213,9.413071385,37.05266295,0.044785588,2.140580381,3.707356253,0.299584971,1341.417484,-69524.16649,-423.4291585,0.91622412,3.328136922,222.1291243,89.3%,0.910500663,84.0%,76.6%,62.0%,8.809107676,81.2%,,ECAL_Bloom(Prather)_20251217.csv,,,,,,,,,,
,,,,,,,,,,,,,,,,,,,,,,,,,,,,,,,,,,,,,ECAL_Bloom(Prather)_20251217.csv,,,,,,,,,,
21,,,1,107.4%,356868.244,55011.25208,93.76527527,25742.78832,31627.40377,80672.70986,6.324070925,2.828399735,251.2719178,427.452679,1.079430306,35.14996919,9.461615221,37.33576944,0.042957833,2.041588675,3.665757472,0.257373587,1344.730677,-69874.00474,-434.8519724,1.188107162,3.592477335,220.2094607,88.3%,0.919552211,83.6%,76.6%,61.4%,8.827372768,80.3%,,ECAL_Bloom(Prather)_20251217.csv,,,,,,,,,,
,,,,,,,,,,,,,,,,,,,,,,,,,,,,,,,,,,,,,ECAL_Bloom(Prather)_20251217.csv,,,,,,,,,,
,,,,,,,,,,,,,,,,,,,,,,,,,,,,,,,,,,,,,ECAL_Bloom(Prather)_20251217.csv,,,,,,,,,,
,,,,,,,,,,,,,,,,,,,,,,,,,,,,,,,,,,,,,ECAL_Bloom(Prather)_20251217.csv,,,,,,,,,,
21,,,2,108.8%,363358.8134,54132.05794,90.81341503,25458.74158,30480.78222,80776.93579,6.357799644,2.830946069,253.0502354,430.9005925,1.046667313,35.01557652,9.201423487,36.58283223,0.048751467,2.181714188,3.657101316,0.291524788,1352.815001,-68023.46043,-397.2128421,0.830648087,3.18182372,218.0314779,90.4%,0.910053073,84.4%,76.1%,62.6%,8.695635101,82.6%,,ECAL_Bloom(Prather)_20251217.csv,,,,,,,,,,
,,,,,,,,,,,,,,,,,,,,,,,,,,,,,,,,,,,,,ECAL_Bloom(Prather)_20251217.csv,,,,,,,,,,
,,,,,,,,,,,,,,,,,,,,,,,,,,,,,,,,,,,,,ECAL_Bloom(Prather)_20251217.csv,,,,,,,,,,
,,,,,,,,,,,,,,,,,,,,,,,,,,,,,,,,,,,,,ECAL_Bloom(Prather)_20251217.csv,,,,,,,,,,
21,,,3,107.2%,360555.9196,55947.46519,94.05391647,25938.88046,31796.47293,80351.24512,6.557645944,2.89091594,253.0329628,431.6736594,1.075591711,35.77648828,9.476294972,36.59890039,0.042214777,1.956971951,3.651739942,0.282050963,1306.406232,-69325.5021,-400.7174279,0.818013195,3.428993648,227.4610458,88.7%,0.891597573,85.8%,75.9%,62.5%,8.873152375,81.5%,,ECAL_Bloom(Prather)_20251217.csv,,,,,,,,,,
,,,,,,,,,,,,,,,,,,,,,,,,,,,,,,,,,,,,,ECAL_Bloom(Prather)_20251217.csv,,,,,,,,,,
,,,,,,,,,,,,,,,,,,,,,,,,,,,,,,,,,,,,,ECAL_Bloom(Prather)_20251217.csv,,,,,,,,,,
,,,,,,,,,,,,,,,,,,,,,,,,,,,,,,,,,,,,,ECAL_Bloom(Prather)_20251217.csv,,,,,,,,,,
21,,,4,111.2%,349057.415,53996.467,93.56550071,25101.73588,31651.96096,78355.48519,6.467252513,2.95025531,253.4046319,435.8914979,1.101474438,35.31899251,9.573112608,37.9304622,0.043161301,2.57490324,3.780736234,0.328763035,1346.384021,-71216.08134,-447.5977096,0.826471882,3.242286215,226.8396535,89.3%,0.903676992,82.3%,76.9%,61.5%,8.9887717,81.1%,,ECAL_Bloom(Prather)_20251217.csv,,,,,,,,,,
,,,,,,,,,,,,,,,,,,,,,,,,,,,,,,,,,,,,,ECAL_Bloom(Prather)_20251217.csv,,,,,,,,,,
,,,,,,,,,,,,,,,,,,,,,,,,,,,,,,,,,,,,,ECAL_Bloom(Prather)_20251217.csv,,,,,,,,,,
,,,,,,,,,,,,,,,,,,,,,,,,,,,,,,,,,,,,,ECAL_Bloom(Prather)_20251217.csv,,,,,,,,,,
21,,,5,107.4%,363594.7368,55631.80046,94.43832023,24682.64075,30252.23451,78860.73104,6.338910397,2.887370805,258.5445462,425.6316384,1.047539376,35.30533412,9.352910635,36.81535047,0.046842565,1.94772385,3.781446303,0.338212482,1356.75149,-69181.78386,-436.7658406,0.917880271,3.195103692,218.1039835,89.7%,0.927623468,84.1%,77.4%,61.7%,8.660606439,80.6%,,ECAL_Bloom(Prather)_20251217.csv,,,,,,,,,,
,,,,,,,,,,,,,,,,,,,,,,,,,,,,,,,,,,,,,ECAL_Bloom(Prather)_20251217.csv,,,,,,,,,,
,,,,,,,,,,,,,,,,,,,,,,,,,,,,,,,,,,,,,ECAL_Bloom(Prather)_20251217.csv,,,,,,,,,,
,,,,,,,,,,,,,,,,,,,,,,,,,,,,,,,,,,,,,ECAL_Bloom(Prather)_20251217.csv,,,,,,,,,,
,,,Mean:,108.4%,358687.0258,54943.80853,93.32728554,25384.9574,31161.77088,79803.4214,6.409135885,2.877577572,253.8608588,430.3100134,1.070140629,35.31327213,9.413071385,37.05266295,0.044785588,2.140580381,3.707356253,0.299584971,1341.417484,-69524.16649,-423.4291585,0.91622412,3.328136922,222.1291243,89.3%,0.910500663,84.0%,76.6%,62.0%,8.809107676,81.2%,,ECAL_Bloom(Prather)_20251217.csv,,,,,,,,,,
,,,RSD [%]:,1.541219452,1.681118409,1.587093534,1.546312786,1.983195933,2.353222156,1.399399326,1.564865979,1.750454994,1.082199463,0.925288444,2.171296588,0.813316722,1.505967285,1.558367156,6.369274711,12.16045607,1.820611948,11.19290854,1.503241015,1.670246677,5.405574285,17.16604012,5.343855548,2.103109006,0.903533963,1.532911789,1.551282796,0.772928439,0.896562552,1.519236533,1.129438371,,ECAL_Bloom(Prather)_20251217.csv,,,,,,,,,,
,,,SD:,1.7%,6029.95362,872.0096328,1.44313175,503.4334427,733.3056964,1116.768541,0.100294387,0.0503707,2.74728085,3.981608829,0.023235927,0.287208747,0.141757776,0.57741653,0.002852517,0.260304337,0.067496571,0.033532272,20.16473781,1161.225081,22.88877771,0.1572794,0.17785083,4.671617619,0.8%,0.013957172,1.3%,0.6%,0.6%,0.133831182,0.9%,,ECAL_Bloom(Prather)_20251217.csv,,,,,,,,,,
,,,,,,,,,,,,,,,,,,,,,,,,,,,,,,,,,,,,,ECAL_Bloom(Prather)_20251217.csv,,,,,,,,,,
,,,,,,,,,,,,,,,,,,,,,,,,,,,,,,,,,,,,,ECAL_Bloom(Prather)_20251217.csv,,,,,,,,,,
,,,,,,,,,,,,,,,,,,,,,,,,,,,,,,,,,,,,,ECAL_Bloom(Prather)_20251217.csv,,,,,,,,,,
No,,Sample Type,Label,6Li (KED),23Na (KED) [ppb],24Mg (KED) [ppb],27Al (KED) [ppb],39K (KED) [ppb],44Ca (KED) [ppb],32S (KED) [ppb],51V (KED) [ppb],52Cr (KED) [ppb],55Mn (KED) [ppb],57Fe (KED) [ppb],59Co (KED) [ppb],60Ni (KED) [ppb],63Cu (KED) [ppb],66Zn (KED) [ppb],71Ga (KED) [ppb],72Ge (KED) [ppb],75As (KED) [ppb],77Se (KED) [ppb],88Sr (KED) [ppb],95Mo (KED) [ppb],105Pd (KED) [ppb],107Ag (KED) [ppb],111Cd (KED) [ppb],182W (KED) [ppb],45Sc (KED),208Pb (KED) [ppb],89Y (KED),113In (KED),209Bi (KED),238U (KED) [ppb],159Tb (KED),,ECAL_Bloom(Prather)_20251217.csv,,,,,,,,,,
22,,UNKNOWN,921pmSTR,109.0%,353461.7933,55633.40339,94.42602255,25400.2882,30340.055,88392.16358,4.318681981,2.659120124,231.7036094,299.9873203,0.803566436,17.59443343,7.018621415,57.32838149,0.031674034,1.265333852,3.476470141,0.316540758,1350.782006,-51411.60209,-452.954043,0.844654714,2.510285225,127.9108086,92.0%,2.62155007,84.5%,76.2%,61.9%,7.258206613,78.8%,,ECAL_Bloom(Prather)_20251217.csv,,,,,,,,,,
,,,,,,,,,,,,,,,,,,,,,,,,,,,,,,,,,,,,,ECAL_Bloom(Prather)_20251217.csv,,,,,,,,,,
22,,,1,112.3%,343825.2493,54623.62902,94.47425378,25220.51884,30449.39066,88263.79317,4.370727462,2.666630821,231.3054288,301.2417893,0.802172802,17.56255442,6.977038605,58.46637761,0.023001646,1.014926087,3.50366748,0.285374213,1362.394274,-52087.00407,-463.3462742,0.817062971,2.536890494,124.4218839,90.7%,2.646292326,83.7%,76.1%,61.0%,7.293634339,77.0%,,ECAL_Bloom(Prather)_20251217.csv,,,,,,,,,,
,,,,,,,,,,,,,,,,,,,,,,,,,,,,,,,,,,,,,ECAL_Bloom(Prather)_20251217.csv,,,,,,,,,,
,,,,,,,,,,,,,,,,,,,,,,,,,,,,,,,,,,,,,ECAL_Bloom(Prather)_20251217.csv,,,,,,,,,,
,,,,,,,,,,,,,,,,,,,,,,,,,,,,,,,,,,,,,ECAL_Bloom(Prather)_20251217.csv,,,,,,,,,,
22,,,2,107.6%,363805.9289,55647.34617,94.91789294,25591.144,30067.87776,90759.90833,4.32316792,2.654323968,234.0495149,303.9243456,0.821178286,17.87709326,7.010454313,56.68964935,0.029827573,1.494940756,3.512605558,0.24612127,1380.518736,-51167.36374,-484.1082032,0.870800508,2.507751382,124.6551944,91.4%,2.639634467,84.1%,76.3%,62.2%,7.001157991,79.7%,,ECAL_Bloom(Prather)_20251217.csv,,,,,,,,,,
,,,,,,,,,,,,,,,,,,,,,,,,,,,,,,,,,,,,,ECAL_Bloom(Prather)_20251217.csv,,,,,,,,,,
,,,,,,,,,,,,,,,,,,,,,,,,,,,,,,,,,,,,,ECAL_Bloom(Prather)_20251217.csv,,,,,,,,,,
,,,,,,,,,,,,,,,,,,,,,,,,,,,,,,,,,,,,,ECAL_Bloom(Prather)_20251217.csv,,,,,,,,,,
22,,,3,109.5%,348234.527,56169.64132,92.11289526,25695.6903,30176.21211,88758.50131,4.346941702,2.609365498,228.8390056,300.8910074,0.784419781,17.20910957,6.977874842,56.10773867,0.030912611,0.776645354,3.453268554,0.341718394,1313.556971,-50518.72294,-436.5266968,0.870554537,2.662754461,130.7555286,92.7%,2.513836589,85.7%,74.6%,63.5%,7.108236092,80.6%,,ECAL_Bloom(Prather)_20251217.csv,,,,,,,,,,
,,,,,,,,,,,,,,,,,,,,,,,,,,,,,,,,,,,,,ECAL_Bloom(Prather)_20251217.csv,,,,,,,,,,
,,,,,,,,,,,,,,,,,,,,,,,,,,,,,,,,,,,,,ECAL_Bloom(Prather)_20251217.csv,,,,,,,,,,
,,,,,,,,,,,,,,,,,,,,,,,,,,,,,,,,,,,,,ECAL_Bloom(Prather)_20251217.csv,,,,,,,,,,
22,,,4,109.9%,349820.7685,55250.27316,96.40683126,25358.79547,30888.23368,86891.01327,4.284943648,2.700132697,229.9905866,297.1544128,0.815361859,17.64983876,7.158265662,57.80117547,0.035998197,1.532166299,3.441527109,0.378346912,1349.749136,-52036.83749,-458.1540982,0.828650706,2.570829006,133.1833334,91.7%,2.620077429,85.0%,75.9%,61.5%,7.466828407,78.6%,,ECAL_Bloom(Prather)_20251217.csv,,,,,,,,,,
,,,,,,,,,,,,,,,,,,,,,,,,,,,,,,,,,,,,,ECAL_Bloom(Prather)_20251217.csv,,,,,,,,,,
,,,,,,,,,,,,,,,,,,,,,,,,,,,,,,,,,,,,,ECAL_Bloom(Prather)_20251217.csv,,,,,,,,,,
,,,,,,,,,,,,,,,,,,,,,,,,,,,,,,,,,,,,,ECAL_Bloom(Prather)_20251217.csv,,,,,,,,,,
22,,,5,105.8%,361622.4925,56476.12728,94.21823951,25135.29237,30118.5608,87287.60182,4.267629172,2.665147634,234.3335109,296.7250465,0.79469945,17.67357112,6.969473651,57.57696633,0.038630142,1.507990766,3.471282006,0.331143,1347.690912,-51248.08222,-422.6349428,0.836204848,2.273200779,126.5381026,93.5%,2.687909538,83.8%,78.1%,61.3%,7.421176234,78.0%,,ECAL_Bloom(Prather)_20251217.csv,,,,,,,,,,
,,,,,,,,,,,,,,,,,,,,,,,,,,,,,,,,,,,,,ECAL_Bloom(Prather)_20251217.csv,,,,,,,,,,
,,,,,,,,,,,,,,,,,,,,,,,,,,,,,,,,,,,,,ECAL_Bloom(Prather)_20251217.csv,,,,,,,,,,
,,,,,,,,,,,,,,,,,,,,,,,,,,,,,,,,,,,,,ECAL_Bloom(Prather)_20251217.csv,,,,,,,,,,
,,,Mean:,109.0%,353461.7933,55633.40339,94.42602255,25400.2882,30340.055,88392.16358,4.318681981,2.659120124,231.7036094,299.9873203,0.803566436,17.59443343,7.018621415,57.32838149,0.031674034,1.265333852,3.476470141,0.316540758,1350.782006,-51411.60209,-452.954043,0.844654714,2.510285225,127.9108086,92.0%,2.62155007,84.5%,76.2%,61.9%,7.258206613,78.8%,,ECAL_Bloom(Prather)_20251217.csv,,,,,,,,,,
,,,RSD [%]:,2.259054432,2.478716049,1.322206657,1.637357589,0.939833591,1.120677784,1.718567729,0.987301181,1.229174844,1.05094931,1.007767014,1.863013176,1.388477939,1.134740823,1.626614174,19.09268411,27.49994771,0.8902824,16.26072766,1.819211163,1.279443751,5.287876567,2.925994592,5.767152881,3.041671224,1.214252533,2.482906657,0.985503242,1.647152573,1.574490733,2.754661271,1.778463138,,ECAL_Bloom(Prather)_20251217.csv,,,,,,,,,,
,,,SD:,2.5%,8761.314195,735.5885632,1.546091646,238.7204407,340.0142562,1519.079199,0.042638398,0.032685236,2.435087485,3.023173259,0.014970549,0.244294827,0.079643162,0.932511579,0.006047423,0.347966148,0.030950402,0.051471831,24.57357703,657.7825305,23.9516507,0.024714551,0.144771987,3.890626258,1.1%,0.065090641,0.8%,1.3%,1.0%,0.199939007,1.4%,,ECAL_Bloom(Prather)_20251217.csv,,,,,,,,,,
,,,,,,,,,,,,,,,,,,,,,,,,,,,,,,,,,,,,,ECAL_Bloom(Prather)_20251217.csv,,,,,,,,,,
,,,,,,,,,,,,,,,,,,,,,,,,,,,,,,,,,,,,,ECAL_Bloom(Prather)_20251217.csv,,,,,,,,,,
,,,,,,,,,,,,,,,,,,,,,,,,,,,,,,,,,,,,,ECAL_Bloom(Prather)_20251217.csv,,,,,,,,,,
No,,Sample Type,Label,6Li (KED),23Na (KED) [ppb],24Mg (KED) [ppb],27Al (KED) [ppb],39K (KED) [ppb],44Ca (KED) [ppb],32S (KED) [ppb],51V (KED) [ppb],52Cr (KED) [ppb],55Mn (KED) [ppb],57Fe (KED) [ppb],59Co (KED) [ppb],60Ni (KED) [ppb],63Cu (KED) [ppb],66Zn (KED) [ppb],71Ga (KED) [ppb],72Ge (KED) [ppb],75As (KED) [ppb],77Se (KED) [ppb],88Sr (KED) [ppb],95Mo (KED) [ppb],105Pd (KED) [ppb],107Ag (KED) [ppb],111Cd (KED) [ppb],182W (KED) [ppb],45Sc (KED),208Pb (KED) [ppb],89Y (KED),113In (KED),209Bi (KED),238U (KED) [ppb],159Tb (KED),,ECAL_Bloom(Prather)_20251217.csv,,,,,,,,,,
23,,UNKNOWN,922amSTR,104.4%,354901.8263,55779.55343,279.1555558,25614.81602,31194.59642,79262.7771,4.550642977,2.871415465,242.761167,353.8420092,0.893593777,18.8888146,8.168173297,40.28226193,0.057393275,1.713204794,3.423878238,0.282578984,1379.727678,-48234.88824,-438.413821,1.200084169,1.964860108,139.6596793,87.7%,1.673366179,81.3%,74.1%,60.6%,7.226078642,76.8%,,ECAL_Bloom(Prather)_20251217.csv,,,,,,,,,,
,,,,,,,,,,,,,,,,,,,,,,,,,,,,,,,,,,,,,ECAL_Bloom(Prather)_20251217.csv,,,,,,,,,,
23,,,1,104.3%,350618.1696,55119.28527,294.5198361,25488.75618,31700.45091,78894.6395,4.527174263,2.910719156,243.4354319,355.3878485,0.884301965,18.8016444,8.107037472,40.49112542,0.061615004,1.786776204,3.453171363,0.312328528,1411.809005,-49212.95386,-441.9849829,1.229855023,1.977884142,140.731932,87.0%,1.693841988,79.3%,74.1%,59.5%,7.249701063,74.9%,,ECAL_Bloom(Prather)_20251217.csv,,,,,,,,,,
,,,,,,,,,,,,,,,,,,,,,,,,,,,,,,,,,,,,,ECAL_Bloom(Prather)_20251217.csv,,,,,,,,,,
,,,,,,,,,,,,,,,,,,,,,,,,,,,,,,,,,,,,,ECAL_Bloom(Prather)_20251217.csv,,,,,,,,,,
,,,,,,,,,,,,,,,,,,,,,,,,,,,,,,,,,,,,,ECAL_Bloom(Prather)_20251217.csv,,,,,,,,,,
23,,,2,103.8%,362788.7321,56034.59481,290.551515,25327.5076,30653.02147,81644.19126,4.523309133,2.858588071,244.7522711,352.6850793,0.879517096,18.84953696,8.18635399,40.30153572,0.056233722,1.68344003,3.428671116,0.263638946,1390.968176,-47377.19848,-431.2467857,1.199665757,1.854030599,137.8047556,86.9%,1.698710307,81.3%,74.4%,60.9%,6.951099277,77.7%,,ECAL_Bloom(Prather)_20251217.csv,,,,,,,,,,
,,,,,,,,,,,,,,,,,,,,,,,,,,,,,,,,,,,,,ECAL_Bloom(Prather)_20251217.csv,,,,,,,,,,
,,,,,,,,,,,,,,,,,,,,,,,,,,,,,,,,,,,,,ECAL_Bloom(Prather)_20251217.csv,,,,,,,,,,
,,,,,,,,,,,,,,,,,,,,,,,,,,,,,,,,,,,,,ECAL_Bloom(Prather)_20251217.csv,,,,,,,,,,
23,,,3,104.6%,353611.4536,55763.68122,276.3194759,26049.42417,31090.96696,79682.06883,4.506293584,2.847682422,241.9830491,359.0080015,0.896502363,18.77379827,8.186557179,40.03272498,0.051718728,1.844187665,3.395041428,0.329837632,1330.632001,-48160.98425,-450.2053683,1.214279865,1.982054203,139.7276595,88.2%,1.614598386,83.6%,72.9%,61.6%,7.277861521,79.0%,,ECAL_Bloom(Prather)_20251217.csv,,,,,,,,,,
,,,,,,,,,,,,,,,,,,,,,,,,,,,,,,,,,,,,,ECAL_Bloom(Prather)_20251217.csv,,,,,,,,,,
,,,,,,,,,,,,,,,,,,,,,,,,,,,,,,,,,,,,,ECAL_Bloom(Prather)_20251217.csv,,,,,,,,,,
,,,,,,,,,,,,,,,,,,,,,,,,,,,,,,,,,,,,,ECAL_Bloom(Prather)_20251217.csv,,,,,,,,,,
23,,,4,105.8%,350851.1876,56259.87707,272.9515454,25999.16247,31530.71435,77533.20885,4.658190333,2.879104713,242.1422898,360.2503001,0.930869186,19.09973579,8.231486254,40.83727034,0.044676176,1.41074736,3.414676995,0.249322196,1379.38766,-48819.21486,-437.4962224,1.214687211,2.258794681,141.5715674,87.1%,1.660816376,80.7%,73.0%,60.5%,7.632984601,76.7%,,ECAL_Bloom(Prather)_20251217.csv,,,,,,,,,,
,,,,,,,,,,,,,,,,,,,,,,,,,,,,,,,,,,,,,ECAL_Bloom(Prather)_20251217.csv,,,,,,,,,,
,,,,,,,,,,,,,,,,,,,,,,,,,,,,,,,,,,,,,ECAL_Bloom(Prather)_20251217.csv,,,,,,,,,,
,,,,,,,,,,,,,,,,,,,,,,,,,,,,,,,,,,,,,ECAL_Bloom(Prather)_20251217.csv,,,,,,,,,,
23,,,5,103.3%,356639.5886,55720.32879,261.4354067,25209.22966,30997.82839,78559.77705,4.538247573,2.860982964,241.4927931,341.8788168,0.876778275,18.91935757,8.12943159,39.7486532,0.072722747,1.840872712,3.42783029,0.257767617,1385.841547,-47604.08973,-431.1357456,1.14193299,1.751536916,138.4624822,89.3%,1.698863839,81.3%,75.9%,60.7%,7.018746745,75.8%,,ECAL_Bloom(Prather)_20251217.csv,,,,,,,,,,
,,,,,,,,,,,,,,,,,,,,,,,,,,,,,,,,,,,,,ECAL_Bloom(Prather)_20251217.csv,,,,,,,,,,
,,,,,,,,,,,,,,,,,,,,,,,,,,,,,,,,,,,,,ECAL_Bloom(Prather)_20251217.csv,,,,,,,,,,
,,,,,,,,,,,,,,,,,,,,,,,,,,,,,,,,,,,,,ECAL_Bloom(Prather)_20251217.csv,,,,,,,,,,
,,,Mean:,104.4%,354901.8263,55779.55343,279.1555558,25614.81602,31194.59642,79262.7771,4.550642977,2.871415465,242.761167,353.8420092,0.893593777,18.8888146,8.168173297,40.28226193,0.057393275,1.713204794,3.423878238,0.282578984,1379.727678,-48234.88824,-438.413821,1.200084169,1.964860108,139.6596793,87.7%,1.673366179,81.3%,74.1%,60.6%,7.226078642,76.8%,,ECAL_Bloom(Prather)_20251217.csv,,,,,,,,,,
,,,RSD [%]:,0.887263886,1.420384614,0.768736634,4.827600319,1.511434293,1.352122307,1.941027423,1.345004387,0.860234857,0.545565951,2.07002321,2.480445485,0.689208347,0.609541585,1.03778205,18.44120807,10.57268357,0.62178303,12.75792226,2.175380974,1.618232686,1.828222852,2.851092693,9.678359077,1.114087548,1.155880553,2.179976217,1.944025994,1.681178352,1.255957135,3.709538247,2.092693563,,ECAL_Bloom(Prather)_20251217.csv,,,,,,,,,,
,,,SD:,0.9%,5040.970934,428.7978618,13.4765145,387.1511135,421.7890968,1538.51224,0.061206348,0.024700917,1.324422271,7.324611718,0.022165106,0.130183287,0.049788413,0.418042084,0.010584013,0.181131722,0.021289094,0.036051207,30.0143334,780.5527274,8.015181661,0.034215512,0.190166217,1.555931097,1.0%,0.036478985,1.6%,1.2%,0.8%,0.268054151,1.6%,,ECAL_Bloom(Prather)_20251217.csv,,,,,,,,,,
,,,,,,,,,,,,,,,,,,,,,,,,,,,,,,,,,,,,,ECAL_Bloom(Prather)_20251217.csv,,,,,,,,,,
,,,,,,,,,,,,,,,,,,,,,,,,,,,,,,,,,,,,,ECAL_Bloom(Prather)_20251217.csv,,,,,,,,,,
,,,,,,,,,,,,,,,,,,,,,,,,,,,,,,,,,,,,,ECAL_Bloom(Prather)_20251217.csv,,,,,,,,,,
No,,Sample Type,Label,6Li (KED),23Na (KED) [ppb],24Mg (KED) [ppb],27Al (KED) [ppb],39K (KED) [ppb],44Ca (KED) [ppb],32S (KED) [ppb],51V (KED) [ppb],52Cr (KED) [ppb],55Mn (KED) [ppb],57Fe (KED) [ppb],59Co (KED) [ppb],60Ni (KED) [ppb],63Cu (KED) [ppb],66Zn (KED) [ppb],71Ga (KED) [ppb],72Ge (KED) [ppb],75As (KED) [ppb],77Se (KED) [ppb],88Sr (KED) [ppb],95Mo (KED) [ppb],105Pd (KED) [ppb],107Ag (KED) [ppb],111Cd (KED) [ppb],182W (KED) [ppb],45Sc (KED),208Pb (KED) [ppb],89Y (KED),113In (KED),209Bi (KED),238U (KED) [ppb],159Tb (KED),,ECAL_Bloom(Prather)_20251217.csv,,,,,,,,,,
24,,UNKNOWN,922pmSTR,110.2%,352774.296,56103.20384,53.25430559,25502.21856,31281.17475,75236.1859,4.296288855,2.545274196,264.0805949,293.2593649,0.798109491,23.67847009,5.246134611,65.05642338,0.030435605,1.861083537,2.72060788,0.225027735,1386.849307,-43225.77201,-465.5338861,0.730919869,1.972335976,131.1124483,89.5%,0.726334242,83.7%,76.8%,61.8%,6.839126592,80.3%,,ECAL_Bloom(Prather)_20251217.csv,,,,,,,,,,
,,,,,,,,,,,,,,,,,,,,,,,,,,,,,,,,,,,,,ECAL_Bloom(Prather)_20251217.csv,,,,,,,,,,
24,,,1,112.0%,345310.8537,54977.89023,53.15177346,25458.52342,31265.67282,74645.04579,4.276162893,2.575622215,260.8416948,294.2609786,0.808641485,23.54834114,5.277238807,65.69699288,0.032258849,1.782718697,2.701434408,0.24081065,1373.242088,-44021.89226,-498.743235,0.678774309,2.007027478,133.3901373,89.0%,0.737089684,82.1%,76.5%,60.9%,7.26821263,79.0%,,ECAL_Bloom(Prather)_20251217.csv,,,,,,,,,,
,,,,,,,,,,,,,,,,,,,,,,,,,,,,,,,,,,,,,ECAL_Bloom(Prather)_20251217.csv,,,,,,,,,,
,,,,,,,,,,,,,,,,,,,,,,,,,,,,,,,,,,,,,ECAL_Bloom(Prather)_20251217.csv,,,,,,,,,,
,,,,,,,,,,,,,,,,,,,,,,,,,,,,,,,,,,,,,ECAL_Bloom(Prather)_20251217.csv,,,,,,,,,,
24,,,2,106.9%,364823.9697,57091.33646,53.73221357,24973.00655,31216.13157,75671.90596,4.273009136,2.547176399,264.1704588,289.3627263,0.804909518,24.06429384,5.240439291,65.57263137,0.028123622,1.641827199,2.728620235,0.227073318,1418.624951,-42933.70561,-519.6850269,0.776291852,2.004037709,125.4613674,90.0%,0.737449576,82.8%,77.5%,61.4%,6.684123139,80.3%,,ECAL_Bloom(Prather)_20251217.csv,,,,,,,,,,
,,,,,,,,,,,,,,,,,,,,,,,,,,,,,,,,,,,,,ECAL_Bloom(Prather)_20251217.csv,,,,,,,,,,
,,,,,,,,,,,,,,,,,,,,,,,,,,,,,,,,,,,,,ECAL_Bloom(Prather)_20251217.csv,,,,,,,,,,
,,,,,,,,,,,,,,,,,,,,,,,,,,,,,,,,,,,,,ECAL_Bloom(Prather)_20251217.csv,,,,,,,,,,
24,,,3,108.6%,357853.0539,56690.643,53.15662157,25839.05242,30724.85151,76026.17326,4.311819457,2.530127665,264.6917144,292.0611477,0.776769213,23.38250517,5.174843376,64.20441027,0.027475414,2.013513264,2.700519355,0.239478738,1345.169545,-41602.44342,-407.5329708,0.749244139,2.008205182,127.8399449,90.3%,0.70832408,85.9%,76.7%,62.6%,6.634760107,82.9%,,ECAL_Bloom(Prather)_20251217.csv,,,,,,,,,,
,,,,,,,,,,,,,,,,,,,,,,,,,,,,,,,,,,,,,ECAL_Bloom(Prather)_20251217.csv,,,,,,,,,,
,,,,,,,,,,,,,,,,,,,,,,,,,,,,,,,,,,,,,ECAL_Bloom(Prather)_20251217.csv,,,,,,,,,,
,,,,,,,,,,,,,,,,,,,,,,,,,,,,,,,,,,,,,ECAL_Bloom(Prather)_20251217.csv,,,,,,,,,,
24,,,4,110.5%,351609.9031,57679.64401,53.63641837,26406.89931,31949.67641,76363.72876,4.38825479,2.570149949,267.1559481,297.8068068,0.810725562,23.77824219,5.290047141,65.12964753,0.036344936,1.98878866,2.743634729,0.211145836,1365.664541,-44017.09021,-426.2762347,0.741630646,1.891561049,132.3634986,88.2%,0.706276207,83.9%,76.7%,62.4%,6.868580248,79.9%,,ECAL_Bloom(Prather)_20251217.csv,,,,,,,,,,
,,,,,,,,,,,,,,,,,,,,,,,,,,,,,,,,,,,,,ECAL_Bloom(Prather)_20251217.csv,,,,,,,,,,
,,,,,,,,,,,,,,,,,,,,,,,,,,,,,,,,,,,,,ECAL_Bloom(Prather)_20251217.csv,,,,,,,,,,
,,,,,,,,,,,,,,,,,,,,,,,,,,,,,,,,,,,,,ECAL_Bloom(Prather)_20251217.csv,,,,,,,,,,
24,,,5,112.9%,344273.6995,54076.50549,52.59450095,24833.61111,31249.54144,73474.07571,4.232197998,2.50329475,263.5431582,292.8051651,0.789501676,23.61896811,5.248104438,64.67843484,0.027975206,1.878569866,2.728830674,0.206630134,1431.545411,-43553.72853,-475.4319633,0.7086584,1.950848462,136.5072934,90.0%,0.742531665,83.6%,76.5%,61.7%,6.739956836,79.3%,,ECAL_Bloom(Prather)_20251217.csv,,,,,,,,,,
,,,,,,,,,,,,,,,,,,,,,,,,,,,,,,,,,,,,,ECAL_Bloom(Prather)_20251217.csv,,,,,,,,,,
,,,,,,,,,,,,,,,,,,,,,,,,,,,,,,,,,,,,,ECAL_Bloom(Prather)_20251217.csv,,,,,,,,,,
,,,,,,,,,,,,,,,,,,,,,,,,,,,,,,,,,,,,,ECAL_Bloom(Prather)_20251217.csv,,,,,,,,,,
,,,Mean:,110.2%,352774.296,56103.20384,53.25430559,25502.21856,31281.17475,75236.1859,4.296288855,2.545274196,264.0805949,293.2593649,0.798109491,23.67847009,5.246134611,65.05642338,0.030435605,1.861083537,2.72060788,0.225027735,1386.849307,-43225.77201,-465.5338861,0.730919869,1.972335976,131.1124483,89.5%,0.726334242,83.7%,76.8%,61.8%,6.839126592,80.3%,,ECAL_Bloom(Prather)_20251217.csv,,,,,,,,,,
,,,RSD [%]:,2.220629447,2.45615655,2.700320448,0.855269292,2.526770061,1.395163144,1.564187671,1.364847908,1.167984823,0.859733092,1.058023049,1.822003416,1.09088104,0.853237303,0.957151308,12.55499914,8.239766279,0.695761346,7.002822335,2.644081339,2.338757147,10.21093808,5.175404671,2.59536713,3.378816581,0.970865858,2.412579965,1.719183033,0.558715196,1.117341592,3.732190736,1.930284602,,ECAL_Bloom(Prather)_20251217.csv,,,,,,,,,,
,,,SD:,2.4%,8664.688977,1514.966285,0.455467722,644.3824235,436.4234211,1176.835144,0.058637809,0.029728416,2.270388264,3.102751673,0.014541582,0.258303941,0.044761977,0.622688407,0.00382119,0.153348934,0.018928938,0.015758293,36.66942374,1010.945832,47.53537686,0.037828061,0.05118936,4.430049144,0.9%,0.017523394,1.4%,0.4%,0.7%,0.255249249,1.5%,,ECAL_Bloom(Prather)_20251217.csv,,,,,,,,,,
,,,,,,,,,,,,,,,,,,,,,,,,,,,,,,,,,,,,,ECAL_Bloom(Prather)_20251217.csv,,,,,,,,,,
,,,,,,,,,,,,,,,,,,,,,,,,,,,,,,,,,,,,,ECAL_Bloom(Prather)_20251217.csv,,,,,,,,,,
,,,,,,,,,,,,,,,,,,,,,,,,,,,,,,,,,,,,,ECAL_Bloom(Prather)_20251217.csv,,,,,,,,,,
No,,Sample Type,Label,6Li (KED),23Na (KED) [ppb],24Mg (KED) [ppb],27Al (KED) [ppb],39K (KED) [ppb],44Ca (KED) [ppb],32S (KED) [ppb],51V (KED) [ppb],52Cr (KED) [ppb],55Mn (KED) [ppb],57Fe (KED) [ppb],59Co (KED) [ppb],60Ni (KED) [ppb],63Cu (KED) [ppb],66Zn (KED) [ppb],71Ga (KED) [ppb],72Ge (KED) [ppb],75As (KED) [ppb],77Se (KED) [ppb],88Sr (KED) [ppb],95Mo (KED) [ppb],105Pd (KED) [ppb],107Ag (KED) [ppb],111Cd (KED) [ppb],182W (KED) [ppb],45Sc (KED),208Pb (KED) [ppb],89Y (KED),113In (KED),209Bi (KED),238U (KED) [ppb],159Tb (KED),,ECAL_Bloom(Prather)_20251217.csv,,,,,,,,,,
25,,UNKNOWN,923amSTR,113.2%,346651.1754,53496.4869,73.16440789,24705.01286,29255.06341,79620.86718,6.08431562,1.759859412,220.8353214,346.2945703,1.066668217,16.75952215,6.90203753,44.03733664,0.038186316,1.841526006,3.203918244,0.281017335,1278.59737,-59660.89116,-433.7059219,0.755745658,2.36761736,187.5727605,92.3%,1.589804227,87.5%,79.2%,63.9%,8.225615068,83.9%,,ECAL_Bloom(Prather)_20251217.csv,,,,,,,,,,
,,,,,,,,,,,,,,,,,,,,,,,,,,,,,,,,,,,,,ECAL_Bloom(Prather)_20251217.csv,,,,,,,,,,
25,,,1,110.0%,352140.6923,53722.40907,74.35160382,24847.28129,29232.66074,82039.3977,5.920348042,1.758261318,217.8240838,341.6766302,1.040713393,16.60018326,6.871846108,43.63361196,0.041549378,1.902776239,3.124105967,0.24231196,1260.534594,-58641.68185,-469.5874669,0.777901021,2.248189613,181.7570106,92.6%,1.595410559,89.2%,78.6%,64.1%,8.059179196,85.1%,,ECAL_Bloom(Prather)_20251217.csv,,,,,,,,,,
,,,,,,,,,,,,,,,,,,,,,,,,,,,,,,,,,,,,,ECAL_Bloom(Prather)_20251217.csv,,,,,,,,,,
,,,,,,,,,,,,,,,,,,,,,,,,,,,,,,,,,,,,,ECAL_Bloom(Prather)_20251217.csv,,,,,,,,,,
,,,,,,,,,,,,,,,,,,,,,,,,,,,,,,,,,,,,,ECAL_Bloom(Prather)_20251217.csv,,,,,,,,,,
25,,,2,113.1%,343520.7706,53672.12812,73.35706896,24660.05381,29605.69491,78796.46478,6.08113324,1.767008333,216.5292114,348.2286768,1.06571168,16.70002973,6.925282285,44.42342415,0.033650828,2.135329333,3.157877943,0.292198549,1247.832865,-59844.07001,-435.5630165,0.782421249,2.324765785,192.6025975,91.9%,1.568875244,88.1%,77.5%,63.4%,8.473303034,82.4%,,ECAL_Bloom(Prather)_20251217.csv,,,,,,,,,,
,,,,,,,,,,,,,,,,,,,,,,,,,,,,,,,,,,,,,ECAL_Bloom(Prather)_20251217.csv,,,,,,,,,,
,,,,,,,,,,,,,,,,,,,,,,,,,,,,,,,,,,,,,ECAL_Bloom(Prather)_20251217.csv,,,,,,,,,,
,,,,,,,,,,,,,,,,,,,,,,,,,,,,,,,,,,,,,ECAL_Bloom(Prather)_20251217.csv,,,,,,,,,,
25,,,3,117.1%,336777.8298,51676.9467,72.49459883,24111.94013,29264.29399,77423.86668,6.137130218,1.811423754,222.2600147,344.2778767,1.087043924,16.99803853,6.917515612,44.1175835,0.037169311,1.848971329,3.278854379,0.30757433,1294.624157,-60753.04906,-435.3596213,0.708040411,2.317865892,194.7667164,92.5%,1.651867284,86.1%,81.0%,62.7%,8.312545403,81.8%,,ECAL_Bloom(Prather)_20251217.csv,,,,,,,,,,
,,,,,,,,,,,,,,,,,,,,,,,,,,,,,,,,,,,,,ECAL_Bloom(Prather)_20251217.csv,,,,,,,,,,
,,,,,,,,,,,,,,,,,,,,,,,,,,,,,,,,,,,,,ECAL_Bloom(Prather)_20251217.csv,,,,,,,,,,
,,,,,,,,,,,,,,,,,,,,,,,,,,,,,,,,,,,,,ECAL_Bloom(Prather)_20251217.csv,,,,,,,,,,
25,,,4,110.7%,360211.6347,54173.63498,72.89102864,24844.73091,28844.17429,81577.01975,6.114761686,1.739762956,226.649991,342.9406065,1.048674922,16.65074111,6.81921744,43.88597532,0.049247497,1.803799888,3.153852398,0.295930038,1305.385784,-58585.75278,-412.3177137,0.7606421,2.483975787,182.1796059,92.4%,1.571143933,87.9%,81.4%,64.3%,8.007349585,85.0%,,ECAL_Bloom(Prather)_20251217.csv,,,,,,,,,,
,,,,,,,,,,,,,,,,,,,,,,,,,,,,,,,,,,,,,ECAL_Bloom(Prather)_20251217.csv,,,,,,,,,,
,,,,,,,,,,,,,,,,,,,,,,,,,,,,,,,,,,,,,ECAL_Bloom(Prather)_20251217.csv,,,,,,,,,,
,,,,,,,,,,,,,,,,,,,,,,,,,,,,,,,,,,,,,ECAL_Bloom(Prather)_20251217.csv,,,,,,,,,,
25,,,5,115.2%,340604.9495,54237.31561,72.72773921,25061.05815,29328.49313,78267.58698,6.168204914,1.722840699,220.913306,354.3490613,1.091197165,16.84861811,6.976326206,44.12608829,0.029314568,1.516753243,3.304900533,0.267071798,1284.60945,-60479.90212,-415.7017911,0.749723511,2.463289721,186.557872,91.9%,1.561724117,86.3%,77.6%,64.8%,8.275698123,84.9%,,ECAL_Bloom(Prather)_20251217.csv,,,,,,,,,,
,,,,,,,,,,,,,,,,,,,,,,,,,,,,,,,,,,,,,ECAL_Bloom(Prather)_20251217.csv,,,,,,,,,,
,,,,,,,,,,,,,,,,,,,,,,,,,,,,,,,,,,,,,ECAL_Bloom(Prather)_20251217.csv,,,,,,,,,,
,,,,,,,,,,,,,,,,,,,,,,,,,,,,,,,,,,,,,ECAL_Bloom(Prather)_20251217.csv,,,,,,,,,,
,,,Mean:,113.2%,346651.1754,53496.4869,73.16440789,24705.01286,29255.06341,79620.86718,6.08431562,1.759859412,220.8353214,346.2945703,1.066668217,16.75952215,6.90203753,44.03733664,0.038186316,1.841526006,3.203918244,0.281017335,1278.59737,-59660.89116,-433.7059219,0.755745658,2.36761736,187.5727605,92.3%,1.589804227,87.5%,79.2%,63.9%,8.225615068,83.9%,,ECAL_Bloom(Prather)_20251217.csv,,,,,,,,,,
,,,RSD [%]:,2.648031078,2.728562834,1.960513294,1.004519963,1.459842827,0.932600865,2.590250274,1.594543781,1.903093574,1.803594957,1.481323811,2.104243448,0.969436004,0.859271218,0.671024236,20.02833754,12.05191755,2.555230363,9.322430041,1.868622467,1.695275367,5.251849439,3.935524933,4.29002286,3.165165529,0.387239059,2.323497157,1.479370197,2.3518385,1.25806473,2.328619007,1.923098204,,ECAL_Bloom(Prather)_20251217.csv,,,,,,,,,,
,,,SD:,3.0%,9458.595137,1048.805738,0.734951083,360.6543581,272.8329744,2062.37973,0.097017076,0.033491771,3.98297472,5.129743925,0.022445296,0.162472842,0.059307222,0.295501202,0.007648084,0.221939196,0.081867492,0.026197644,23.89215771,1011.416392,22.77758203,0.029742559,0.101571326,5.936988356,0.4%,0.036939056,1.3%,1.9%,0.8%,0.191543236,1.6%,,ECAL_Bloom(Prather)_20251217.csv,,,,,,,,,,
,,,,,,,,,,,,,,,,,,,,,,,,,,,,,,,,,,,,,ECAL_Bloom(Prather)_20251217.csv,,,,,,,,,,
,,,,,,,,,,,,,,,,,,,,,,,,,,,,,,,,,,,,,ECAL_Bloom(Prather)_20251217.csv,,,,,,,,,,
,,,,,,,,,,,,,,,,,,,,,,,,,,,,,,,,,,,,,ECAL_Bloom(Prather)_20251217.csv,,,,,,,,,,
No,,Sample Type,Label,6Li (KED),23Na (KED) [ppb],24Mg (KED) [ppb],27Al (KED) [ppb],39K (KED) [ppb],44Ca (KED) [ppb],32S (KED) [ppb],51V (KED) [ppb],52Cr (KED) [ppb],55Mn (KED) [ppb],57Fe (KED) [ppb],59Co (KED) [ppb],60Ni (KED) [ppb],63Cu (KED) [ppb],66Zn (KED) [ppb],71Ga (KED) [ppb],72Ge (KED) [ppb],75As (KED) [ppb],77Se (KED) [ppb],88Sr (KED) [ppb],95Mo (KED) [ppb],105Pd (KED) [ppb],107Ag (KED) [ppb],111Cd (KED) [ppb],182W (KED) [ppb],45Sc (KED),208Pb (KED) [ppb],89Y (KED),113In (KED),209Bi (KED),238U (KED) [ppb],159Tb (KED),,ECAL_Bloom(Prather)_20251217.csv,,,,,,,,,,
26,,UNKNOWN,IBA_05032025,104.5%,143897.5299,16519.76913,397.4505379,4681.565071,2137.516373,14493.57199,1.456615861,3.290229197,9.649486236,581.3794218,0.301982308,9.606728346,7.367800282,100.9106637,0.149871078,2.987630144,0.66958335,0.200555691,100.1622864,-16106.56061,-229.1608216,1.936127769,1.929443659,63.97911139,97.3%,10.12399127,91.0%,87.0%,70.2%,0.117670187,90.3%,,ECAL_Bloom(Prather)_20251217.csv,,,,,,,,,,
,,,,,,,,,,,,,,,,,,,,,,,,,,,,,,,,,,,,,ECAL_Bloom(Prather)_20251217.csv,,,,,,,,,,
26,,,1,105.1%,142306.2092,16539.10838,395.9731408,4730.061959,2123.324123,16049.98864,1.468157741,3.257527471,9.572436526,586.1939143,0.304400278,9.473674344,7.330295743,101.2423748,0.152758778,2.805904689,0.687906274,0.229406792,97.42743794,-16070.23356,-243.3273604,1.899251613,1.897987127,59.76531631,96.6%,10.16558623,90.7%,85.6%,70.0%,0.117867313,89.8%,,ECAL_Bloom(Prather)_20251217.csv,,,,,,,,,,
,,,,,,,,,,,,,,,,,,,,,,,,,,,,,,,,,,,,,ECAL_Bloom(Prather)_20251217.csv,,,,,,,,,,
,,,,,,,,,,,,,,,,,,,,,,,,,,,,,,,,,,,,,ECAL_Bloom(Prather)_20251217.csv,,,,,,,,,,
,,,,,,,,,,,,,,,,,,,,,,,,,,,,,,,,,,,,,ECAL_Bloom(Prather)_20251217.csv,,,,,,,,,,
26,,,2,103.8%,146974.6697,16361.90881,401.301048,4647.76161,2151.887567,14941.03389,1.463829314,3.348684948,9.717281251,574.265906,0.306555695,9.851013146,7.423374893,102.5104849,0.150719189,3.261089518,0.679237218,0.212344379,104.9066398,-16301.72942,-249.7104799,1.896589465,1.881905774,66.22048221,97.6%,10.35667209,90.1%,89.2%,70.2%,0.117056553,89.2%,,ECAL_Bloom(Prather)_20251217.csv,,,,,,,,,,
,,,,,,,,,,,,,,,,,,,,,,,,,,,,,,,,,,,,,ECAL_Bloom(Prather)_20251217.csv,,,,,,,,,,
,,,,,,,,,,,,,,,,,,,,,,,,,,,,,,,,,,,,,ECAL_Bloom(Prather)_20251217.csv,,,,,,,,,,
,,,,,,,,,,,,,,,,,,,,,,,,,,,,,,,,,,,,,ECAL_Bloom(Prather)_20251217.csv,,,,,,,,,,
26,,,3,104.7%,142941.5854,16279.99623,392.369963,4661.958767,2125.283482,14754.46532,1.440627942,3.215210421,9.629691016,573.67761,0.297733873,9.606043463,7.32746087,101.1538995,0.149235827,2.826107776,0.645082662,0.18754513,100.0547022,-15847.86376,-234.5577682,1.971746821,1.890876141,59.0638107,98.0%,9.789406622,92.4%,87.5%,72.0%,0.115466733,93.7%,,ECAL_Bloom(Prather)_20251217.csv,,,,,,,,,,
,,,,,,,,,,,,,,,,,,,,,,,,,,,,,,,,,,,,,ECAL_Bloom(Prather)_20251217.csv,,,,,,,,,,
,,,,,,,,,,,,,,,,,,,,,,,,,,,,,,,,,,,,,ECAL_Bloom(Prather)_20251217.csv,,,,,,,,,,
,,,,,,,,,,,,,,,,,,,,,,,,,,,,,,,,,,,,,ECAL_Bloom(Prather)_20251217.csv,,,,,,,,,,
26,,,4,101.7%,145355.8428,17217.15502,402.8664727,4737.836938,2168.079881,14537.41952,1.486633724,3.305649511,9.665550635,589.7406893,0.301737697,9.591046478,7.310111428,99.11573774,0.145465595,3.197160853,0.637546236,0.194855822,97.49565966,-15966.22241,-211.038252,1.977054172,2.041985108,66.7997675,96.5%,10.04384332,92.7%,85.4%,70.3%,0.1175784,90.2%,,ECAL_Bloom(Prather)_20251217.csv,,,,,,,,,,
,,,,,,,,,,,,,,,,,,,,,,,,,,,,,,,,,,,,,ECAL_Bloom(Prather)_20251217.csv,,,,,,,,,,
,,,,,,,,,,,,,,,,,,,,,,,,,,,,,,,,,,,,,ECAL_Bloom(Prather)_20251217.csv,,,,,,,,,,
,,,,,,,,,,,,,,,,,,,,,,,,,,,,,,,,,,,,,ECAL_Bloom(Prather)_20251217.csv,,,,,,,,,,
26,,,5,107.2%,141909.3426,16200.67721,394.7420652,4630.206079,2119.006811,12184.9526,1.423830584,3.324073633,9.662471755,583.0189894,0.299483995,9.5118643,7.447758474,100.5308213,0.151176003,2.847887881,0.69814436,0.178626334,100.9269924,-16346.75389,-207.1702477,1.935996772,1.934464145,68.04618024,97.6%,10.26444807,89.1%,87.3%,68.7%,0.120381936,88.5%,,ECAL_Bloom(Prather)_20251217.csv,,,,,,,,,,
,,,,,,,,,,,,,,,,,,,,,,,,,,,,,,,,,,,,,ECAL_Bloom(Prather)_20251217.csv,,,,,,,,,,
,,,,,,,,,,,,,,,,,,,,,,,,,,,,,,,,,,,,,ECAL_Bloom(Prather)_20251217.csv,,,,,,,,,,
,,,,,,,,,,,,,,,,,,,,,,,,,,,,,,,,,,,,,ECAL_Bloom(Prather)_20251217.csv,,,,,,,,,,
,,,Mean:,104.5%,143897.5299,16519.76913,397.4505379,4681.565071,2137.516373,14493.57199,1.456615861,3.290229197,9.649486236,581.3794218,0.301982308,9.606728346,7.367800282,100.9106637,0.149871078,2.987630144,0.66958335,0.200555691,100.1622864,-16106.56061,-229.1608216,1.936127769,1.929443659,63.97911139,97.3%,10.12399127,91.0%,87.0%,70.2%,0.117670187,90.3%,,ECAL_Bloom(Prather)_20251217.csv,,,,,,,,,,
,,,RSD [%]:,1.943341796,1.514364552,2.4792005,1.121610122,1.050970664,1.001841219,9.771153102,1.68750912,1.629468843,0.552064455,1.233461871,1.183734805,1.531840797,0.854202097,1.223229081,1.844673393,7.434193446,4.001345308,10.13923689,3.064860573,1.330601514,8.348680642,1.978052649,3.42102856,6.605319649,0.663774248,2.175127032,1.685309961,1.775593098,1.635704045,1.510255225,2.225407815,,ECAL_Bloom(Prather)_20251217.csv,,,,,,,,,,
,,,SD:,2.0%,2179.133185,409.5581989,4.457845461,49.20187551,21.41452009,1416.189109,0.024580525,0.05361326,0.053271384,7.171093494,0.00357467,0.147159784,0.062935904,1.234368584,0.002764632,0.222106204,0.026792342,0.020334817,3.069834425,214.3141393,19.13190516,0.038297627,0.066006819,4.226024816,0.6%,0.220209671,1.5%,1.5%,1.1%,0.00177712,2.0%,,ECAL_Bloom(Prather)_20251217.csv,,,,,,,,,,
,,,,,,,,,,,,,,,,,,,,,,,,,,,,,,,,,,,,,ECAL_Bloom(Prather)_20251217.csv,,,,,,,,,,
,,,,,,,,,,,,,,,,,,,,,,,,,,,,,,,,,,,,,ECAL_Bloom(Prather)_20251217.csv,,,,,,,,,,
,,,,,,,,,,,,,,,,,,,,,,,,,,,,,,,,,,,,,ECAL_Bloom(Prather)_20251217.csv,,,,,,,,,,
No,,Sample Type,Label,6Li (KED),23Na (KED) [ppb],24Mg (KED) [ppb],27Al (KED) [ppb],39K (KED) [ppb],44Ca (KED) [ppb],32S (KED) [ppb],51V (KED) [ppb],52Cr (KED) [ppb],55Mn (KED) [ppb],57Fe (KED) [ppb],59Co (KED) [ppb],60Ni (KED) [ppb],63Cu (KED) [ppb],66Zn (KED) [ppb],71Ga (KED) [ppb],72Ge (KED) [ppb],75As (KED) [ppb],77Se (KED) [ppb],88Sr (KED) [ppb],95Mo (KED) [ppb],105Pd (KED) [ppb],107Ag (KED) [ppb],111Cd (KED) [ppb],182W (KED) [ppb],45Sc (KED),208Pb (KED) [ppb],89Y (KED),113In (KED),209Bi (KED),238U (KED) [ppb],159Tb (KED),,ECAL_Bloom(Prather)_20251217.csv,,,,,,,,,,
27,,UNKNOWN,IBA_05042025,113.0%,113460.656,12914.13092,172.2475124,3631.773249,1233.859694,10600.77815,0.710637288,3.325119937,3.941531518,264.9754935,0.140502844,4.233938646,6.526647034,59.81164465,0.059270367,1.57405066,0.373072905,0.202824176,76.89126389,-10812.4951,-174.9026623,4.832716724,1.371295759,25.58852754,106.5%,5.263982162,98.8%,93.6%,78.9%,0.068367221,96.8%,,ECAL_Bloom(Prather)_20251217.csv,,,,,,,,,,
,,,,,,,,,,,,,,,,,,,,,,,,,,,,,,,,,,,,,ECAL_Bloom(Prather)_20251217.csv,,,,,,,,,,
27,,,1,112.8%,113464.5857,12745.97336,169.1404172,3594.085359,1214.307122,11207.42257,0.729985007,3.310192387,3.946980669,266.3137864,0.139476258,4.199764349,6.507486984,59.31596656,0.058199503,1.67085111,0.409226118,0.222661731,75.92645121,-10325.00223,-165.5648788,4.873475142,1.339485591,21.28491981,106.0%,5.416539766,97.0%,94.3%,78.5%,0.067226513,97.4%,,ECAL_Bloom(Prather)_20251217.csv,,,,,,,,,,
,,,,,,,,,,,,,,,,,,,,,,,,,,,,,,,,,,,,,ECAL_Bloom(Prather)_20251217.csv,,,,,,,,,,
,,,,,,,,,,,,,,,,,,,,,,,,,,,,,,,,,,,,,ECAL_Bloom(Prather)_20251217.csv,,,,,,,,,,
,,,,,,,,,,,,,,,,,,,,,,,,,,,,,,,,,,,,,ECAL_Bloom(Prather)_20251217.csv,,,,,,,,,,
27,,,2,110.7%,112636.9554,12988.94939,175.9089149,3751.723234,1256.068295,10938.09908,0.707238103,3.288263077,3.917151659,268.0312066,0.135497276,4.141735912,6.55329467,59.68841063,0.062670275,1.588172034,0.36986147,0.168889175,72.57158426,-11037.32249,-169.2304249,4.890838726,1.357554652,26.85415113,106.7%,5.154867151,100.6%,93.0%,78.9%,0.069322482,97.8%,,ECAL_Bloom(Prather)_20251217.csv,,,,,,,,,,
,,,,,,,,,,,,,,,,,,,,,,,,,,,,,,,,,,,,,ECAL_Bloom(Prather)_20251217.csv,,,,,,,,,,
,,,,,,,,,,,,,,,,,,,,,,,,,,,,,,,,,,,,,ECAL_Bloom(Prather)_20251217.csv,,,,,,,,,,
,,,,,,,,,,,,,,,,,,,,,,,,,,,,,,,,,,,,,ECAL_Bloom(Prather)_20251217.csv,,,,,,,,,,
27,,,3,114.8%,111382.0204,12788.21468,174.4944081,3634.141002,1264.235273,10273.23284,0.722198264,3.391628581,3.897188748,259.7079209,0.13945644,4.226844759,6.443169291,60.62037189,0.057140069,1.424289799,0.353320462,0.223310064,86.14174502,-11141.67024,-194.4618512,4.7759982,1.424501578,27.85084962,106.5%,5.33836224,98.4%,93.0%,77.6%,0.069955732,93.8%,,ECAL_Bloom(Prather)_20251217.csv,,,,,,,,,,
,,,,,,,,,,,,,,,,,,,,,,,,,,,,,,,,,,,,,ECAL_Bloom(Prather)_20251217.csv,,,,,,,,,,
,,,,,,,,,,,,,,,,,,,,,,,,,,,,,,,,,,,,,ECAL_Bloom(Prather)_20251217.csv,,,,,,,,,,
,,,,,,,,,,,,,,,,,,,,,,,,,,,,,,,,,,,,,ECAL_Bloom(Prather)_20251217.csv,,,,,,,,,,
27,,,4,114.0%,114083.2306,12837.46496,171.2291406,3617.896997,1227.117444,10306.365,0.685001284,3.316509546,3.946080513,266.8917997,0.143504379,4.359687046,6.62440532,59.6798703,0.069852236,1.712069467,0.357516249,0.206725809,75.59303285,-10490.32148,-198.9783633,4.703872731,1.291532824,25.79693783,106.7%,5.327880319,98.6%,94.9%,78.2%,0.068087504,95.7%,,ECAL_Bloom(Prather)_20251217.csv,,,,,,,,,,
,,,,,,,,,,,,,,,,,,,,,,,,,,,,,,,,,,,,,ECAL_Bloom(Prather)_20251217.csv,,,,,,,,,,
,,,,,,,,,,,,,,,,,,,,,,,,,,,,,,,,,,,,,ECAL_Bloom(Prather)_20251217.csv,,,,,,,,,,
,,,,,,,,,,,,,,,,,,,,,,,,,,,,,,,,,,,,,ECAL_Bloom(Prather)_20251217.csv,,,,,,,,,,
27,,,5,112.9%,115736.4877,13210.0522,170.4646813,3561.019652,1207.570338,10278.77128,0.708763781,3.319006095,4.000256002,263.9327538,0.144579868,4.241661165,6.504878905,59.75360389,0.048489753,1.474870891,0.375440223,0.192534102,74.2235061,-11068.15906,-146.2777933,4.919398818,1.443404149,26.15577933,106.7%,5.082261336,99.6%,92.9%,81.5%,0.067243873,99.3%,,ECAL_Bloom(Prather)_20251217.csv,,,,,,,,,,
,,,,,,,,,,,,,,,,,,,,,,,,,,,,,,,,,,,,,ECAL_Bloom(Prather)_20251217.csv,,,,,,,,,,
,,,,,,,,,,,,,,,,,,,,,,,,,,,,,,,,,,,,,ECAL_Bloom(Prather)_20251217.csv,,,,,,,,,,
,,,,,,,,,,,,,,,,,,,,,,,,,,,,,,,,,,,,,ECAL_Bloom(Prather)_20251217.csv,,,,,,,,,,
,,,Mean:,113.0%,113460.656,12914.13092,172.2475124,3631.773249,1233.859694,10600.77815,0.710637288,3.325119937,3.941531518,264.9754935,0.140502844,4.233938646,6.526647034,59.81164465,0.059270367,1.57405066,0.373072905,0.202824176,76.89126389,-10812.4951,-174.9026623,4.832716724,1.371295759,25.58852754,106.5%,5.263982162,98.8%,93.6%,78.9%,0.068367221,96.8%,,ECAL_Bloom(Prather)_20251217.csv,,,,,,,,,,
,,,RSD [%]:,1.365879204,1.432467592,1.465011566,1.650363867,1.995681434,2.040211251,4.164167102,2.41718992,1.175987569,0.987477821,1.246473681,2.586719792,1.889192715,1.02999308,0.808616212,13.21620368,7.837949051,5.926050065,11.25890822,6.941882991,3.478100236,12.46405213,1.861471961,4.553108753,9.887736367,0.285118568,2.649688951,1.394910495,0.997114034,1.893353896,1.802917734,2.172494023,,ECAL_Bloom(Prather)_20251217.csv,,,,,,,,,,
,,,SD:,1.5%,1625.287126,189.1935116,2.842710707,72.47862444,25.1733443,441.4341164,0.017177453,0.039102997,0.03892175,3.302849789,0.003634415,0.07998726,0.067224013,0.483646655,0.007833292,0.123373289,0.022108487,0.022835788,5.337701569,376.0694177,21.79995901,0.089959667,0.062436587,2.530126144,0.3%,0.139479154,1.4%,0.9%,1.5%,0.001232605,2.1%,,ECAL_Bloom(Prather)_20251217.csv,,,,,,,,,,
,,,,,,,,,,,,,,,,,,,,,,,,,,,,,,,,,,,,,ECAL_Bloom(Prather)_20251217.csv,,,,,,,,,,
,,,,,,,,,,,,,,,,,,,,,,,,,,,,,,,,,,,,,ECAL_Bloom(Prather)_20251217.csv,,,,,,,,,,
,,,,,,,,,,,,,,,,,,,,,,,,,,,,,,,,,,,,,ECAL_Bloom(Prather)_20251217.csv,,,,,,,,,,
No,,Sample Type,Label,6Li (KED),23Na (KED) [ppb],24Mg (KED) [ppb],27Al (KED) [ppb],39K (KED) [ppb],44Ca (KED) [ppb],32S (KED) [ppb],51V (KED) [ppb],52Cr (KED) [ppb],55Mn (KED) [ppb],57Fe (KED) [ppb],59Co (KED) [ppb],60Ni (KED) [ppb],63Cu (KED) [ppb],66Zn (KED) [ppb],71Ga (KED) [ppb],72Ge (KED) [ppb],75As (KED) [ppb],77Se (KED) [ppb],88Sr (KED) [ppb],95Mo (KED) [ppb],105Pd (KED) [ppb],107Ag (KED) [ppb],111Cd (KED) [ppb],182W (KED) [ppb],45Sc (KED),208Pb (KED) [ppb],89Y (KED),113In (KED),209Bi (KED),238U (KED) [ppb],159Tb (KED),,ECAL_Bloom(Prather)_20251217.csv,,,,,,,,,,
28,,UNKNOWN,IBA_05052025,111.1%,65364.79641,7586.691082,141.2644061,2149.238561,772.7436171,7597.892993,0.811114794,4.259873322,3.026364501,204.5299896,0.125572327,9.542072594,3.494627352,24.10566461,0.052964593,1.302395076,0.300780981,0.159949137,50.00849464,-15025.06789,-228.6289723,16.51869415,0.967348585,22.05448265,107.7%,3.672334897,100.4%,95.5%,82.1%,0.045867375,99.6%,,ECAL_Bloom(Prather)_20251217.csv,,,,,,,,,,
,,,,,,,,,,,,,,,,,,,,,,,,,,,,,,,,,,,,,ECAL_Bloom(Prather)_20251217.csv,,,,,,,,,,
28,,,1,108.6%,66122.47692,7631.699778,141.3721453,2237.452986,773.9373499,8428.045261,0.795886338,4.23169522,3.027890594,209.2869451,0.124308313,9.551491402,3.56315103,23.92138782,0.063910384,1.28696037,0.280528848,0.1887855,49.52499871,-14614.93644,-204.0908078,16.99589329,0.941932312,18.54565224,106.0%,3.603984958,100.2%,93.0%,81.3%,0.044559597,98.3%,,ECAL_Bloom(Prather)_20251217.csv,,,,,,,,,,
,,,,,,,,,,,,,,,,,,,,,,,,,,,,,,,,,,,,,ECAL_Bloom(Prather)_20251217.csv,,,,,,,,,,
,,,,,,,,,,,,,,,,,,,,,,,,,,,,,,,,,,,,,ECAL_Bloom(Prather)_20251217.csv,,,,,,,,,,
,,,,,,,,,,,,,,,,,,,,,,,,,,,,,,,,,,,,,ECAL_Bloom(Prather)_20251217.csv,,,,,,,,,,
28,,,2,113.5%,64139.4025,7497.666235,141.470863,2141.104936,786.1310406,7695.168386,0.825979906,4.313531185,3.037329621,205.8807055,0.123689071,9.590045481,3.530658545,24.50921972,0.053944284,1.216711888,0.311602866,0.15322264,49.73512087,-15554.81651,-255.8232486,16.50795756,1.012129727,23.67893882,108.4%,3.722692016,99.9%,96.1%,82.0%,0.045465734,99.0%,,ECAL_Bloom(Prather)_20251217.csv,,,,,,,,,,
,,,,,,,,,,,,,,,,,,,,,,,,,,,,,,,,,,,,,ECAL_Bloom(Prather)_20251217.csv,,,,,,,,,,
,,,,,,,,,,,,,,,,,,,,,,,,,,,,,,,,,,,,,ECAL_Bloom(Prather)_20251217.csv,,,,,,,,,,
,,,,,,,,,,,,,,,,,,,,,,,,,,,,,,,,,,,,,ECAL_Bloom(Prather)_20251217.csv,,,,,,,,,,
28,,,3,114.1%,64735.77389,7337.686533,136.5074077,2099.341221,765.6088378,7296.522773,0.810221403,4.188929212,3.035277943,198.5721228,0.126857578,9.639487739,3.486117406,24.33071687,0.045873155,1.206238658,0.289274432,0.136003455,50.56934584,-14755.56947,-220.0392878,16.14979384,0.81182652,20.78209582,108.5%,3.787643284,101.3%,98.1%,81.7%,0.04608739,99.9%,,ECAL_Bloom(Prather)_20251217.csv,,,,,,,,,,
,,,,,,,,,,,,,,,,,,,,,,,,,,,,,,,,,,,,,ECAL_Bloom(Prather)_20251217.csv,,,,,,,,,,
,,,,,,,,,,,,,,,,,,,,,,,,,,,,,,,,,,,,,ECAL_Bloom(Prather)_20251217.csv,,,,,,,,,,
,,,,,,,,,,,,,,,,,,,,,,,,,,,,,,,,,,,,,ECAL_Bloom(Prather)_20251217.csv,,,,,,,,,,
28,,,4,109.3%,66745.57434,7695.629952,141.5717969,2114.535929,766.7657174,7271.621721,0.814784583,4.23212736,3.003707821,203.9272127,0.127104098,9.37675064,3.432922101,23.79902841,0.05179287,1.371450799,0.324173305,0.170995925,50.19803814,-14868.87107,-217.3398617,16.34618151,0.989118188,22.87949645,108.8%,3.596091306,100.7%,95.9%,84.0%,0.04602195,102.1%,,ECAL_Bloom(Prather)_20251217.csv,,,,,,,,,,
,,,,,,,,,,,,,,,,,,,,,,,,,,,,,,,,,,,,,ECAL_Bloom(Prather)_20251217.csv,,,,,,,,,,
,,,,,,,,,,,,,,,,,,,,,,,,,,,,,,,,,,,,,ECAL_Bloom(Prather)_20251217.csv,,,,,,,,,,
,,,,,,,,,,,,,,,,,,,,,,,,,,,,,,,,,,,,,ECAL_Bloom(Prather)_20251217.csv,,,,,,,,,,
28,,,5,110.2%,65080.75439,7770.772914,145.3998176,2153.757733,771.2751397,7298.106826,0.808701741,4.333083632,3.027616525,204.9829618,0.125902574,9.552587707,3.460287677,23.96797022,0.049302271,1.430613666,0.298325455,0.150738166,50.01496964,-15331.14597,-245.8516554,16.59364455,1.08173618,24.38622994,106.7%,3.651262921,99.9%,94.7%,81.3%,0.047202202,98.9%,,ECAL_Bloom(Prather)_20251217.csv,,,,,,,,,,
,,,,,,,,,,,,,,,,,,,,,,,,,,,,,,,,,,,,,ECAL_Bloom(Prather)_20251217.csv,,,,,,,,,,
,,,,,,,,,,,,,,,,,,,,,,,,,,,,,,,,,,,,,ECAL_Bloom(Prather)_20251217.csv,,,,,,,,,,
,,,,,,,,,,,,,,,,,,,,,,,,,,,,,,,,,,,,,ECAL_Bloom(Prather)_20251217.csv,,,,,,,,,,
,,,Mean:,111.1%,65364.79641,7586.691082,141.2644061,2149.238561,772.7436171,7597.892993,0.811114794,4.259873322,3.026364501,204.5299896,0.125572327,9.542072594,3.494627352,24.10566461,0.052964593,1.302395076,0.300780981,0.159949137,50.00849464,-15025.06789,-228.6289723,16.51869415,0.967348585,22.05448265,107.7%,3.672334897,100.4%,95.5%,82.1%,0.045867375,99.6%,,ECAL_Bloom(Prather)_20251217.csv,,,,,,,,,,
,,,RSD [%]:,2.257803243,1.615190432,2.261106883,2.235174708,2.501549003,1.062110142,6.533761928,1.340610243,1.42964822,0.442363783,1.901754398,1.211115029,1.039067218,1.504206575,1.245296076,12.86941597,7.487152161,5.789364747,12.72494795,0.811665196,2.661285745,9.379687384,1.91268696,10.38869409,10.79855366,1.151517612,2.22728805,0.585658702,1.968154737,1.380109531,2.104107,1.489065994,,ECAL_Bloom(Prather)_20251217.csv,,,,,,,,,,
,,,SD:,2.5%,1055.765938,171.5431943,3.157506276,53.7642558,8.207388331,496.4282397,0.010873888,0.060901203,0.01338754,3.889658073,0.001520825,0.099148548,0.052566414,0.300186896,0.006816234,0.097512301,0.017413308,0.020353444,0.405901546,399.85999,21.44468287,0.315950909,0.100494885,2.381565144,1.2%,0.081793476,0.6%,1.9%,1.1%,0.000965099,1.5%,,ECAL_Bloom(Prather)_20251217.csv,,,,,,,,,,
,,,,,,,,,,,,,,,,,,,,,,,,,,,,,,,,,,,,,ECAL_Bloom(Prather)_20251217.csv,,,,,,,,,,
,,,,,,,,,,,,,,,,,,,,,,,,,,,,,,,,,,,,,ECAL_Bloom(Prather)_20251217.csv,,,,,,,,,,
,,,,,,,,,,,,,,,,,,,,,,,,,,,,,,,,,,,,,ECAL_Bloom(Prather)_20251217.csv,,,,,,,,,,
No,,Sample Type,Label,6Li (KED),23Na (KED) [ppb],24Mg (KED) [ppb],27Al (KED) [ppb],39K (KED) [ppb],44Ca (KED) [ppb],32S (KED) [ppb],51V (KED) [ppb],52Cr (KED) [ppb],55Mn (KED) [ppb],57Fe (KED) [ppb],59Co (KED) [ppb],60Ni (KED) [ppb],63Cu (KED) [ppb],66Zn (KED) [ppb],71Ga (KED) [ppb],72Ge (KED) [ppb],75As (KED) [ppb],77Se (KED) [ppb],88Sr (KED) [ppb],95Mo (KED) [ppb],105Pd (KED) [ppb],107Ag (KED) [ppb],111Cd (KED) [ppb],182W (KED) [ppb],45Sc (KED),208Pb (KED) [ppb],89Y (KED),113In (KED),209Bi (KED),238U (KED) [ppb],159Tb (KED),,ECAL_Bloom(Prather)_20251217.csv,,,,,,,,,,
29,,UNKNOWN,IBA_05082025,113.5%,97333.88634,10975.28844,196.1944629,3134.741278,961.4057443,8860.834582,0.646846954,2.103453053,5.47429028,267.6132474,0.16211834,3.614658955,9.657149634,24.20200196,0.068723386,1.336165007,0.273775076,0.173707067,67.62753364,-7957.093203,-202.3703851,3.493963862,0.707107332,32.83207633,107.3%,4.36971706,100.7%,95.1%,80.0%,0.049329299,101.3%,,ECAL_Bloom(Prather)_20251217.csv,,,,,,,,,,
,,,,,,,,,,,,,,,,,,,,,,,,,,,,,,,,,,,,,ECAL_Bloom(Prather)_20251217.csv,,,,,,,,,,
29,,,1,113.5%,95621.9433,11010.95614,193.6264646,3169.905042,964.3039111,9167.691091,0.664568213,2.102915498,5.457892466,268.7970647,0.157752338,3.658050707,9.778857027,24.76419429,0.072843412,1.329181879,0.278829462,0.169193461,67.78844719,-7766.136127,-214.7844041,3.618065191,0.826640251,28.27369516,104.0%,4.341667,98.8%,93.3%,78.8%,0.049762385,100.2%,,ECAL_Bloom(Prather)_20251217.csv,,,,,,,,,,
,,,,,,,,,,,,,,,,,,,,,,,,,,,,,,,,,,,,,ECAL_Bloom(Prather)_20251217.csv,,,,,,,,,,
,,,,,,,,,,,,,,,,,,,,,,,,,,,,,,,,,,,,,ECAL_Bloom(Prather)_20251217.csv,,,,,,,,,,
,,,,,,,,,,,,,,,,,,,,,,,,,,,,,,,,,,,,,ECAL_Bloom(Prather)_20251217.csv,,,,,,,,,,
29,,,2,110.8%,97125.4839,10932.7597,199.5867721,3069.344077,954.9038352,8810.186978,0.65472581,2.142468767,5.485349561,262.4730883,0.161698128,3.557352593,9.490377042,23.66946585,0.067695145,1.620210569,0.265918637,0.18413872,68.12132192,-7961.275388,-191.7634842,3.522908837,0.626226574,34.85930479,108.7%,4.45543682,100.3%,94.9%,78.8%,0.049656776,99.4%,,ECAL_Bloom(Prather)_20251217.csv,,,,,,,,,,
,,,,,,,,,,,,,,,,,,,,,,,,,,,,,,,,,,,,,ECAL_Bloom(Prather)_20251217.csv,,,,,,,,,,
,,,,,,,,,,,,,,,,,,,,,,,,,,,,,,,,,,,,,ECAL_Bloom(Prather)_20251217.csv,,,,,,,,,,
,,,,,,,,,,,,,,,,,,,,,,,,,,,,,,,,,,,,,ECAL_Bloom(Prather)_20251217.csv,,,,,,,,,,
29,,,3,117.2%,96881.64089,10789.27696,193.1966882,3047.731802,948.6749151,8602.0467,0.619146751,2.060825631,5.515588695,261.8728894,0.162037489,3.565737066,9.513638481,23.83239896,0.076080468,1.555537151,0.288112806,0.180600961,68.60077094,-7954.444899,-219.922494,3.386438717,0.650056393,33.04168574,109.0%,4.456168045,100.5%,97.1%,80.1%,0.049010098,101.9%,,ECAL_Bloom(Prather)_20251217.csv,,,,,,,,,,
,,,,,,,,,,,,,,,,,,,,,,,,,,,,,,,,,,,,,ECAL_Bloom(Prather)_20251217.csv,,,,,,,,,,
,,,,,,,,,,,,,,,,,,,,,,,,,,,,,,,,,,,,,ECAL_Bloom(Prather)_20251217.csv,,,,,,,,,,
,,,,,,,,,,,,,,,,,,,,,,,,,,,,,,,,,,,,,ECAL_Bloom(Prather)_20251217.csv,,,,,,,,,,
29,,,4,114.3%,97174.44294,10967.66961,196.5484241,3155.068166,947.5732747,8843.768536,0.652229198,2.043028215,5.45893171,271.3711847,0.163270615,3.578736274,9.591733335,23.95814311,0.06132022,0.931196409,0.269390005,0.165014429,64.97208033,-8023.849503,-189.0798432,3.489875952,0.665715259,32.2774642,108.4%,4.305024996,103.3%,94.3%,81.6%,0.048351684,102.7%,,ECAL_Bloom(Prather)_20251217.csv,,,,,,,,,,
,,,,,,,,,,,,,,,,,,,,,,,,,,,,,,,,,,,,,ECAL_Bloom(Prather)_20251217.csv,,,,,,,,,,
,,,,,,,,,,,,,,,,,,,,,,,,,,,,,,,,,,,,,ECAL_Bloom(Prather)_20251217.csv,,,,,,,,,,
,,,,,,,,,,,,,,,,,,,,,,,,,,,,,,,,,,,,,ECAL_Bloom(Prather)_20251217.csv,,,,,,,,,,
29,,,5,111.6%,99865.92066,11175.7798,198.0139656,3231.657305,991.5727856,8880.479604,0.643564795,2.168027152,5.453688966,273.5520101,0.165833127,3.713418134,9.911142286,24.78580758,0.065677684,1.244699029,0.26662447,0.169587762,68.65504783,-8079.760096,-196.3017003,3.452530613,0.766898185,35.70823178,106.2%,4.290288438,100.3%,96.0%,80.6%,0.049865552,102.1%,,ECAL_Bloom(Prather)_20251217.csv,,,,,,,,,,
,,,,,,,,,,,,,,,,,,,,,,,,,,,,,,,,,,,,,ECAL_Bloom(Prather)_20251217.csv,,,,,,,,,,
,,,,,,,,,,,,,,,,,,,,,,,,,,,,,,,,,,,,,ECAL_Bloom(Prather)_20251217.csv,,,,,,,,,,
,,,,,,,,,,,,,,,,,,,,,,,,,,,,,,,,,,,,,ECAL_Bloom(Prather)_20251217.csv,,,,,,,,,,
,,,Mean:,113.5%,97333.88634,10975.28844,196.1944629,3134.741278,961.4057443,8860.834582,0.646846954,2.103453053,5.47429028,267.6132474,0.16211834,3.614658955,9.657149634,24.20200196,0.068723386,1.336165007,0.273775076,0.173707067,67.62753364,-7957.093203,-202.3703851,3.493963862,0.707107332,32.83207633,107.3%,4.36971706,100.7%,95.1%,80.0%,0.049329299,101.3%,,ECAL_Bloom(Prather)_20251217.csv,,,,,,,,,,
,,,RSD [%]:,2.236228908,1.592897967,1.27181244,1.408025242,2.413179357,1.885312794,2.287770844,2.658829743,2.511196549,0.479584226,1.961033146,1.808186653,1.886714471,1.881174403,2.202492348,8.492205772,20.53771307,3.480563645,4.723121459,2.257618639,1.486898022,6.936329897,2.459308304,12.11875186,8.816043827,1.983320328,1.848660302,1.611227263,1.544176754,1.506075361,1.298034042,1.371123012,,ECAL_Bloom(Prather)_20251217.csv,,,,,,,,,,
,,,SD:,2.5%,1550.429496,139.5850837,2.762467562,75.64692943,18.1255055,202.7155901,0.017198559,0.05282184,0.026253833,5.247984484,0.002931402,0.068198294,0.181667827,0.533047241,0.005836131,0.274417735,0.009528916,0.008204396,1.526771805,118.3138614,14.03707753,0.085927343,0.085692583,2.894490239,2.1%,0.080781225,1.6%,1.5%,1.2%,0.000640311,1.4%,,ECAL_Bloom(Prather)_20251217.csv,,,,,,,,,,
,,,,,,,,,,,,,,,,,,,,,,,,,,,,,,,,,,,,,ECAL_Bloom(Prather)_20251217.csv,,,,,,,,,,
,,,,,,,,,,,,,,,,,,,,,,,,,,,,,,,,,,,,,ECAL_Bloom(Prather)_20251217.csv,,,,,,,,,,
,,,,,,,,,,,,,,,,,,,,,,,,,,,,,,,,,,,,,ECAL_Bloom(Prather)_20251217.csv,,,,,,,,,,
No,,Sample Type,Label,6Li (KED),23Na (KED) [ppb],24Mg (KED) [ppb],27Al (KED) [ppb],39K (KED) [ppb],44Ca (KED) [ppb],32S (KED) [ppb],51V (KED) [ppb],52Cr (KED) [ppb],55Mn (KED) [ppb],57Fe (KED) [ppb],59Co (KED) [ppb],60Ni (KED) [ppb],63Cu (KED) [ppb],66Zn (KED) [ppb],71Ga (KED) [ppb],72Ge (KED) [ppb],75As (KED) [ppb],77Se (KED) [ppb],88Sr (KED) [ppb],95Mo (KED) [ppb],105Pd (KED) [ppb],107Ag (KED) [ppb],111Cd (KED) [ppb],182W (KED) [ppb],45Sc (KED),208Pb (KED) [ppb],89Y (KED),113In (KED),209Bi (KED),238U (KED) [ppb],159Tb (KED),,ECAL_Bloom(Prather)_20251217.csv,,,,,,,,,,
30,,UNKNOWN,IBA_05132025,119.3%,8344.403993,1011.441847,57.73133706,339.4113662,204.1843794,4447.148023,0.671516491,1.830093099,2.106566586,71.41197277,0.05375211,2.617992259,2.488093776,13.86668746,0.021727397,0.567757178,0.1817,0.151248714,6.862389126,-13011.38234,-149.7452411,2.017259949,0.339257738,21.38092877,115.4%,6.050983384,107.8%,105.6%,93.4%,0.018704575,108.6%,,ECAL_Bloom(Prather)_20251217.csv,,,,,,,,,,
,,,,,,,,,,,,,,,,,,,,,,,,,,,,,,,,,,,,,ECAL_Bloom(Prather)_20251217.csv,,,,,,,,,,
30,,,1,119.9%,8318.436933,994.5399184,56.74791074,336.5759053,200.4445373,4602.927492,0.662871171,1.825537779,2.125743423,70.84007282,0.05316119,2.611653714,2.4894518,13.9999126,0.026547383,0.558304168,0.177113722,0.156736014,6.930142697,-12467.30425,-172.1082447,1.907430069,0.360763248,17.47268363,116.1%,6.206748204,107.9%,106.3%,92.4%,0.018376651,105.1%,,ECAL_Bloom(Prather)_20251217.csv,,,,,,,,,,
,,,,,,,,,,,,,,,,,,,,,,,,,,,,,,,,,,,,,ECAL_Bloom(Prather)_20251217.csv,,,,,,,,,,
,,,,,,,,,,,,,,,,,,,,,,,,,,,,,,,,,,,,,ECAL_Bloom(Prather)_20251217.csv,,,,,,,,,,
,,,,,,,,,,,,,,,,,,,,,,,,,,,,,,,,,,,,,ECAL_Bloom(Prather)_20251217.csv,,,,,,,,,,
30,,,2,117.2%,8518.43388,1028.193422,57.39894072,336.3264858,203.272569,6027.885865,0.683586778,1.814732283,2.078418079,70.96299092,0.052997638,2.556449209,2.454377986,13.9016768,0.025164654,0.593490425,0.175666616,0.173535706,6.650480525,-13165.39739,-127.0775686,2.043797279,0.362332764,22.28299044,116.7%,6.020636964,108.4%,105.7%,93.9%,0.01826413,109.0%,,ECAL_Bloom(Prather)_20251217.csv,,,,,,,,,,
,,,,,,,,,,,,,,,,,,,,,,,,,,,,,,,,,,,,,ECAL_Bloom(Prather)_20251217.csv,,,,,,,,,,
,,,,,,,,,,,,,,,,,,,,,,,,,,,,,,,,,,,,,ECAL_Bloom(Prather)_20251217.csv,,,,,,,,,,
,,,,,,,,,,,,,,,,,,,,,,,,,,,,,,,,,,,,,ECAL_Bloom(Prather)_20251217.csv,,,,,,,,,,
30,,,3,117.9%,8337.217423,1032.639171,59.38705364,347.4015266,210.2864994,4092.121162,0.67201782,1.845417435,2.102185954,72.87055835,0.05509983,2.581343673,2.512106587,14.01916556,0.022556356,0.620911707,0.171947363,0.128337173,6.99132362,-12963.78255,-109.228776,1.969244043,0.333539471,23.66246451,114.4%,5.970331,107.4%,106.1%,92.3%,0.019208639,108.3%,,ECAL_Bloom(Prather)_20251217.csv,,,,,,,,,,
,,,,,,,,,,,,,,,,,,,,,,,,,,,,,,,,,,,,,ECAL_Bloom(Prather)_20251217.csv,,,,,,,,,,
,,,,,,,,,,,,,,,,,,,,,,,,,,,,,,,,,,,,,ECAL_Bloom(Prather)_20251217.csv,,,,,,,,,,
,,,,,,,,,,,,,,,,,,,,,,,,,,,,,,,,,,,,,ECAL_Bloom(Prather)_20251217.csv,,,,,,,,,,
30,,,4,122.2%,8257.997424,995.0214311,57.25272131,331.3528797,202.9606986,3744.522192,0.674462309,1.862233176,2.161435541,72.07291102,0.056551086,2.727842897,2.512924582,13.81715414,0.015010994,0.566331848,0.19303277,0.176697917,7.040839003,-13555.41528,-173.8815383,1.975407186,0.343416362,21.22175039,114.0%,6.149576744,106.7%,106.6%,93.2%,0.01883716,109.9%,,ECAL_Bloom(Prather)_20251217.csv,,,,,,,,,,
,,,,,,,,,,,,,,,,,,,,,,,,,,,,,,,,,,,,,ECAL_Bloom(Prather)_20251217.csv,,,,,,,,,,
,,,,,,,,,,,,,,,,,,,,,,,,,,,,,,,,,,,,,ECAL_Bloom(Prather)_20251217.csv,,,,,,,,,,
,,,,,,,,,,,,,,,,,,,,,,,,,,,,,,,,,,,,,ECAL_Bloom(Prather)_20251217.csv,,,,,,,,,,
30,,,5,119.4%,8289.934305,1006.815294,57.87005887,345.4000335,203.9575927,3768.283401,0.664644378,1.802544825,2.065049931,70.31333073,0.050950805,2.612671801,2.471607925,13.59552821,0.0193576,0.499747742,0.19073953,0.12093676,6.699159783,-12905.01221,-166.4300777,2.190421168,0.296236844,22.26475487,115.5%,5.907624008,108.8%,103.2%,95.1%,0.018836295,110.5%,,ECAL_Bloom(Prather)_20251217.csv,,,,,,,,,,
,,,,,,,,,,,,,,,,,,,,,,,,,,,,,,,,,,,,,ECAL_Bloom(Prather)_20251217.csv,,,,,,,,,,
,,,,,,,,,,,,,,,,,,,,,,,,,,,,,,,,,,,,,ECAL_Bloom(Prather)_20251217.csv,,,,,,,,,,
,,,,,,,,,,,,,,,,,,,,,,,,,,,,,,,,,,,,,ECAL_Bloom(Prather)_20251217.csv,,,,,,,,,,
,,,Mean:,119.3%,8344.403993,1011.441847,57.73133706,339.4113662,204.1843794,4447.148023,0.671516491,1.830093099,2.106566586,71.41197277,0.05375211,2.617992259,2.488093776,13.86668746,0.021727397,0.567757178,0.1817,0.151248714,6.862389126,-13011.38234,-149.7452411,2.017259949,0.339257738,21.38092877,115.4%,6.050983384,107.8%,105.6%,93.4%,0.018704575,108.6%,,ECAL_Bloom(Prather)_20251217.csv,,,,,,,,,,
,,,RSD [%]:,1.625182007,1.219867717,1.786936276,1.746678726,1.988477059,1.792833943,21.34301279,1.23831289,1.30554229,1.825230186,1.451884884,3.991867806,2.509582335,1.025386405,1.23968893,21.39786131,7.976779055,5.24065405,16.91541601,2.571981082,3.048409371,19.80019924,5.362557854,7.930846822,10.99358773,0.96788075,2.056852205,0.760497175,1.284330866,1.258375,2.054211028,1.937157188,,ECAL_Bloom(Prather)_20251217.csv,,,,,,,,,,
,,,SD:,1.9%,101.7906905,18.07382128,1.008380983,6.749117152,3.66068686,949.1553712,0.008315475,0.023892639,0.038449689,1.036819638,0.002145713,0.065700671,0.025512575,0.171903789,0.004649198,0.045288736,0.009522268,0.025584349,0.17649935,396.6401985,29.64985609,0.108176732,0.026906012,2.350531162,1.1%,0.124459785,0.8%,1.4%,1.2%,0.000384231,2.1%,,ECAL_Bloom(Prather)_20251217.csv,,,,,,,,,,
,,,,,,,,,,,,,,,,,,,,,,,,,,,,,,,,,,,,,ECAL_Bloom(Prather)_20251217.csv,,,,,,,,,,
,,,,,,,,,,,,,,,,,,,,,,,,,,,,,,,,,,,,,ECAL_Bloom(Prather)_20251217.csv,,,,,,,,,,
,,,,,,,,,,,,,,,,,,,,,,,,,,,,,,,,,,,,,ECAL_Bloom(Prather)_20251217.csv,,,,,,,,,,
No,,Sample Type,Label,6Li (KED),23Na (KED) [ppb],24Mg (KED) [ppb],27Al (KED) [ppb],39K (KED) [ppb],44Ca (KED) [ppb],32S (KED) [ppb],51V (KED) [ppb],52Cr (KED) [ppb],55Mn (KED) [ppb],57Fe (KED) [ppb],59Co (KED) [ppb],60Ni (KED) [ppb],63Cu (KED) [ppb],66Zn (KED) [ppb],71Ga (KED) [ppb],72Ge (KED) [ppb],75As (KED) [ppb],77Se (KED) [ppb],88Sr (KED) [ppb],95Mo (KED) [ppb],105Pd (KED) [ppb],107Ag (KED) [ppb],111Cd (KED) [ppb],182W (KED) [ppb],45Sc (KED),208Pb (KED) [ppb],89Y (KED),113In (KED),209Bi (KED),238U (KED) [ppb],159Tb (KED),,ECAL_Bloom(Prather)_20251217.csv,,,,,,,,,,
31,,UNKNOWN,IBA_05142025,113.3%,27490.77868,3212.257335,132.3359319,964.8222726,372.0005751,4923.475941,0.789387301,2.362046902,3.435597415,197.5981146,0.09302618,2.103138724,3.924946994,25.99666649,0.050116049,1.189323411,0.202927675,0.141586131,22.59177682,-13620.28179,-195.2757368,1.547619491,1.138602028,41.40700027,111.5%,2.355215592,104.7%,101.9%,88.9%,0.034898475,107.2%,,ECAL_Bloom(Prather)_20251217.csv,,,,,,,,,,
,,,,,,,,,,,,,,,,,,,,,,,,,,,,,,,,,,,,,ECAL_Bloom(Prather)_20251217.csv,,,,,,,,,,
31,,,1,116.6%,26776.08057,3097.672399,128.2841168,922.9178241,368.5906584,5196.299039,0.788689508,2.376618626,3.519757899,198.3711631,0.096166359,2.128897837,3.914144781,26.2462472,0.049340151,0.951484391,0.19912749,0.149904625,22.75201991,-13280.58048,-232.726508,1.592761403,1.014377001,44.17533075,109.6%,2.384046753,102.5%,100.7%,87.4%,0.034560023,103.5%,,ECAL_Bloom(Prather)_20251217.csv,,,,,,,,,,
,,,,,,,,,,,,,,,,,,,,,,,,,,,,,,,,,,,,,ECAL_Bloom(Prather)_20251217.csv,,,,,,,,,,
,,,,,,,,,,,,,,,,,,,,,,,,,,,,,,,,,,,,,ECAL_Bloom(Prather)_20251217.csv,,,,,,,,,,
,,,,,,,,,,,,,,,,,,,,,,,,,,,,,,,,,,,,,ECAL_Bloom(Prather)_20251217.csv,,,,,,,,,,
31,,,2,109.9%,27981.10526,3281.848249,132.9349482,994.6504786,373.3289449,4962.72583,0.788362474,2.332036704,3.408915885,194.9949625,0.092811054,2.067007278,3.876128118,26.11579017,0.052558448,1.195586447,0.200671425,0.154204207,22.13380431,-13344.46997,-183.0044257,1.502341891,1.200482067,40.08320781,112.2%,2.311349875,103.3%,99.7%,89.1%,0.034676966,108.2%,,ECAL_Bloom(Prather)_20251217.csv,,,,,,,,,,
,,,,,,,,,,,,,,,,,,,,,,,,,,,,,,,,,,,,,ECAL_Bloom(Prather)_20251217.csv,,,,,,,,,,
,,,,,,,,,,,,,,,,,,,,,,,,,,,,,,,,,,,,,ECAL_Bloom(Prather)_20251217.csv,,,,,,,,,,
,,,,,,,,,,,,,,,,,,,,,,,,,,,,,,,,,,,,,ECAL_Bloom(Prather)_20251217.csv,,,,,,,,,,
31,,,3,112.8%,27619.55387,3273.211787,137.4975131,963.6326923,378.8714733,5034.710328,0.794383598,2.417092001,3.456359844,199.4036043,0.090802872,2.086114236,4.019606976,26.076501,0.052553956,1.511169316,0.209542291,0.156494217,22.96784413,-14019.39994,-182.0377177,1.595344106,1.109240194,41.61706328,110.0%,2.375303381,104.8%,102.1%,88.0%,0.036313212,106.7%,,ECAL_Bloom(Prather)_20251217.csv,,,,,,,,,,
,,,,,,,,,,,,,,,,,,,,,,,,,,,,,,,,,,,,,ECAL_Bloom(Prather)_20251217.csv,,,,,,,,,,
,,,,,,,,,,,,,,,,,,,,,,,,,,,,,,,,,,,,,ECAL_Bloom(Prather)_20251217.csv,,,,,,,,,,
,,,,,,,,,,,,,,,,,,,,,,,,,,,,,,,,,,,,,ECAL_Bloom(Prather)_20251217.csv,,,,,,,,,,
31,,,4,116.2%,27318.25513,3191.347114,130.5792825,1002.585968,368.3990092,4738.836422,0.789053895,2.338090103,3.42256305,199.0637118,0.093892766,2.155324608,3.963568709,25.78615209,0.043806803,1.32015738,0.205007028,0.115943784,22.94931727,-13594.79474,-189.174985,1.491463108,1.224246159,41.44345989,112.1%,2.407612432,105.2%,103.7%,89.1%,0.034412619,106.1%,,ECAL_Bloom(Prather)_20251217.csv,,,,,,,,,,
,,,,,,,,,,,,,,,,,,,,,,,,,,,,,,,,,,,,,ECAL_Bloom(Prather)_20251217.csv,,,,,,,,,,
,,,,,,,,,,,,,,,,,,,,,,,,,,,,,,,,,,,,,ECAL_Bloom(Prather)_20251217.csv,,,,,,,,,,
,,,,,,,,,,,,,,,,,,,,,,,,,,,,,,,,,,,,,ECAL_Bloom(Prather)_20251217.csv,,,,,,,,,,
31,,,5,110.9%,27758.89859,3217.207124,132.3837989,940.3243997,370.8127899,4684.808087,0.786447032,2.346397076,3.370390398,196.1571312,0.091457847,2.078349662,3.851286387,25.758642,0.052320887,0.968219522,0.200290145,0.131383823,22.15589845,-13862.16381,-189.4350476,1.556186945,1.144664722,39.71593962,113.6%,2.297765517,107.6%,103.5%,90.6%,0.034529557,111.7%,,ECAL_Bloom(Prather)_20251217.csv,,,,,,,,,,
,,,,,,,,,,,,,,,,,,,,,,,,,,,,,,,,,,,,,ECAL_Bloom(Prather)_20251217.csv,,,,,,,,,,
,,,,,,,,,,,,,,,,,,,,,,,,,,,,,,,,,,,,,ECAL_Bloom(Prather)_20251217.csv,,,,,,,,,,
,,,,,,,,,,,,,,,,,,,,,,,,,,,,,,,,,,,,,ECAL_Bloom(Prather)_20251217.csv,,,,,,,,,,
,,,Mean:,113.3%,27490.77868,3212.257335,132.3359319,964.8222726,372.0005751,4923.475941,0.789387301,2.362046902,3.435597415,197.5981146,0.09302618,2.103138724,3.924946994,25.99666649,0.050116049,1.189323411,0.202927675,0.141586131,22.59177682,-13620.28179,-195.2757368,1.547619491,1.138602028,41.40700027,111.5%,2.355215592,104.7%,101.9%,88.9%,0.034898475,107.2%,,ECAL_Bloom(Prather)_20251217.csv,,,,,,,,,,
,,,RSD [%]:,2.669360325,1.695918912,2.316564734,2.576599851,3.542724716,1.163882404,4.301397953,0.376096703,1.491073863,1.636724425,0.975372256,2.284191963,1.778559944,1.726972356,0.824624817,7.54414443,19.99458393,2.127637543,12.29563561,1.844626285,2.35035772,10.86236996,3.164245668,7.281539881,4.238606761,1.481138306,2.036801871,1.886617045,1.705093168,1.403124275,2.282155973,2.818259025,,ECAL_Bloom(Prather)_20251217.csv,,,,,,,,,,
,,,SD:,3.0%,466.2213147,74.41402057,3.409767424,34.18099711,4.329649237,211.7782933,0.00296886,0.035219864,0.056231262,1.927317189,0.002124897,0.037405583,0.06778275,0.214374963,0.003780827,0.237800268,0.004317565,0.017408915,0.416733853,320.1253445,21.21157297,0.048970483,0.082907761,1.755079913,1.7%,0.047971075,2.0%,1.7%,1.2%,0.000796438,3.0%,,ECAL_Bloom(Prather)_20251217.csv,,,,,,,,,,
,,,,,,,,,,,,,,,,,,,,,,,,,,,,,,,,,,,,,ECAL_Bloom(Prather)_20251217.csv,,,,,,,,,,
,,,,,,,,,,,,,,,,,,,,,,,,,,,,,,,,,,,,,ECAL_Bloom(Prather)_20251217.csv,,,,,,,,,,
,,,,,,,,,,,,,,,,,,,,,,,,,,,,,,,,,,,,,ECAL_Bloom(Prather)_20251217.csv,,,,,,,,,,
No,,Sample Type,Label,6Li (KED),23Na (KED) [ppb],24Mg (KED) [ppb],27Al (KED) [ppb],39K (KED) [ppb],44Ca (KED) [ppb],32S (KED) [ppb],51V (KED) [ppb],52Cr (KED) [ppb],55Mn (KED) [ppb],57Fe (KED) [ppb],59Co (KED) [ppb],60Ni (KED) [ppb],63Cu (KED) [ppb],66Zn (KED) [ppb],71Ga (KED) [ppb],72Ge (KED) [ppb],75As (KED) [ppb],77Se (KED) [ppb],88Sr (KED) [ppb],95Mo (KED) [ppb],105Pd (KED) [ppb],107Ag (KED) [ppb],111Cd (KED) [ppb],182W (KED) [ppb],45Sc (KED),208Pb (KED) [ppb],89Y (KED),113In (KED),209Bi (KED),238U (KED) [ppb],159Tb (KED),,ECAL_Bloom(Prather)_20251217.csv,,,,,,,,,,
32,,UNKNOWN,IBA_05152025,113.0%,14655.6891,1756.791452,233.2724344,570.1938872,275.4707079,4631.605626,0.429071606,1.427871231,4.946472672,160.8387723,0.239009202,1.448724665,3.246250722,10.99744791,0.0526154,0.886596231,0.176213419,0.302945475,12.43380695,-6896.457461,-182.4011318,13.67659727,0.42769509,33.18242306,109.5%,2.521894044,102.6%,100.0%,87.9%,0.035953912,104.7%,,ECAL_Bloom(Prather)_20251217.csv,,,,,,,,,,
,,,,,,,,,,,,,,,,,,,,,,,,,,,,,,,,,,,,,ECAL_Bloom(Prather)_20251217.csv,,,,,,,,,,
32,,,1,112.1%,14657.74546,1749.97144,237.4534445,579.3450235,275.9189737,5380.419551,0.420346594,1.450762944,4.945833415,162.0219697,0.237640452,1.51507742,3.293289515,10.96997737,0.054476364,0.801032828,0.182014995,0.283407423,12.50974788,-6640.582525,-198.5401417,13.69948274,0.445563409,28.54281184,107.7%,2.499369551,101.5%,97.9%,87.6%,0.036459929,103.5%,,ECAL_Bloom(Prather)_20251217.csv,,,,,,,,,,
,,,,,,,,,,,,,,,,,,,,,,,,,,,,,,,,,,,,,ECAL_Bloom(Prather)_20251217.csv,,,,,,,,,,
,,,,,,,,,,,,,,,,,,,,,,,,,,,,,,,,,,,,,ECAL_Bloom(Prather)_20251217.csv,,,,,,,,,,
,,,,,,,,,,,,,,,,,,,,,,,,,,,,,,,,,,,,,ECAL_Bloom(Prather)_20251217.csv,,,,,,,,,,
32,,,2,115.1%,14567.76225,1734.997537,232.9412383,571.970184,275.8761699,4864.857759,0.440475875,1.404296238,4.932426855,160.5847925,0.241963706,1.453359336,3.250466064,11.23110973,0.05305806,0.901861951,0.180814802,0.352708433,12.62348534,-7023.767419,-219.7110895,13.75851073,0.514287606,31.39865026,108.9%,2.57559684,101.0%,98.7%,87.0%,0.036634211,103.1%,,ECAL_Bloom(Prather)_20251217.csv,,,,,,,,,,
,,,,,,,,,,,,,,,,,,,,,,,,,,,,,,,,,,,,,ECAL_Bloom(Prather)_20251217.csv,,,,,,,,,,
,,,,,,,,,,,,,,,,,,,,,,,,,,,,,,,,,,,,,ECAL_Bloom(Prather)_20251217.csv,,,,,,,,,,
,,,,,,,,,,,,,,,,,,,,,,,,,,,,,,,,,,,,,ECAL_Bloom(Prather)_20251217.csv,,,,,,,,,,
32,,,3,111.9%,14711.43279,1737.486156,227.9628534,562.9900773,270.9129845,4399.139186,0.421236842,1.408759065,4.947183499,157.7578925,0.235909983,1.395166885,3.20836996,10.7802202,0.049313318,0.823532311,0.175926602,0.293661571,12.3549183,-6752.692312,-209.7377362,13.97937133,0.394681911,35.15770011,112.0%,2.516210884,102.5%,100.2%,88.7%,0.035714959,105.3%,,ECAL_Bloom(Prather)_20251217.csv,,,,,,,,,,
,,,,,,,,,,,,,,,,,,,,,,,,,,,,,,,,,,,,,ECAL_Bloom(Prather)_20251217.csv,,,,,,,,,,
,,,,,,,,,,,,,,,,,,,,,,,,,,,,,,,,,,,,,ECAL_Bloom(Prather)_20251217.csv,,,,,,,,,,
,,,,,,,,,,,,,,,,,,,,,,,,,,,,,,,,,,,,,ECAL_Bloom(Prather)_20251217.csv,,,,,,,,,,
32,,,4,110.7%,14694.5196,1787.737119,234.874636,568.2045906,277.2252971,4293.132061,0.428989669,1.429012543,4.833322464,160.3093583,0.23364806,1.393708277,3.202438213,10.90232293,0.052410242,1.002247942,0.172946994,0.292201635,12.21080697,-7135.973549,-143.2680002,13.59546873,0.412432822,36.1504217,109.5%,2.432653281,104.2%,101.5%,89.5%,0.035225226,105.8%,,ECAL_Bloom(Prather)_20251217.csv,,,,,,,,,,
,,,,,,,,,,,,,,,,,,,,,,,,,,,,,,,,,,,,,ECAL_Bloom(Prather)_20251217.csv,,,,,,,,,,
,,,,,,,,,,,,,,,,,,,,,,,,,,,,,,,,,,,,,ECAL_Bloom(Prather)_20251217.csv,,,,,,,,,,
,,,,,,,,,,,,,,,,,,,,,,,,,,,,,,,,,,,,,ECAL_Bloom(Prather)_20251217.csv,,,,,,,,,,
32,,,5,115.0%,14646.98539,1773.765009,233.1299996,568.4595606,277.4201144,4220.479572,0.43430905,1.446525365,5.07359713,163.5198485,0.24588381,1.486311406,3.276689856,11.10360933,0.053819017,0.904306124,0.1693637,0.292748314,12.47007625,-6929.271501,-140.7486912,13.35015281,0.371509702,34.66253142,109.4%,2.585639666,104.0%,101.6%,86.8%,0.035735236,105.6%,,ECAL_Bloom(Prather)_20251217.csv,,,,,,,,,,
,,,,,,,,,,,,,,,,,,,,,,,,,,,,,,,,,,,,,ECAL_Bloom(Prather)_20251217.csv,,,,,,,,,,
,,,,,,,,,,,,,,,,,,,,,,,,,,,,,,,,,,,,,ECAL_Bloom(Prather)_20251217.csv,,,,,,,,,,
,,,,,,,,,,,,,,,,,,,,,,,,,,,,,,,,,,,,,ECAL_Bloom(Prather)_20251217.csv,,,,,,,,,,
,,,Mean:,113.0%,14655.6891,1756.791452,233.2724344,570.1938872,275.4707079,4631.605626,0.429071606,1.427871231,4.946472672,160.8387723,0.239009202,1.448724665,3.246250722,10.99744791,0.0526154,0.886596231,0.176213419,0.302945475,12.43380695,-6896.457461,-182.4011318,13.67659727,0.42769509,33.18242306,109.5%,2.521894044,102.6%,100.0%,87.9%,0.035953912,104.7%,,ECAL_Bloom(Prather)_20251217.csv,,,,,,,,,,
,,,RSD [%]:,1.742334459,0.380307034,1.316583266,1.490707679,1.058679567,0.960738148,10.53731212,2.001494357,1.48332514,1.726161898,1.334380948,2.051941765,3.738292879,1.242872764,1.593610641,3.807538206,8.956080654,3.009609119,9.283303127,1.265352514,2.907216908,20.63408879,1.68350606,12.96396629,9.483321141,1.417328395,2.464462983,1.396094644,1.664855686,1.315502705,1.618658037,1.210573564,,ECAL_Bloom(Prather)_20251217.csv,,,,,,,,,,
,,,SD:,2.0%,55.73661645,23.12962228,3.477410093,6.036526175,2.646552176,488.0467408,0.008587844,0.021179973,0.085384127,2.146201935,0.00490433,0.054157571,0.040346766,0.1752565,0.002003351,0.079404274,0.005303335,0.028123347,0.157331489,200.4949774,37.63681148,0.230246344,0.055446247,3.146795742,1.6%,0.062151145,1.4%,1.7%,1.2%,0.000581971,1.3%,,ECAL_Bloom(Prather)_20251217.csv,,,,,,,,,,
,,,,,,,,,,,,,,,,,,,,,,,,,,,,,,,,,,,,,ECAL_Bloom(Prather)_20251217.csv,,,,,,,,,,
,,,,,,,,,,,,,,,,,,,,,,,,,,,,,,,,,,,,,ECAL_Bloom(Prather)_20251217.csv,,,,,,,,,,
,,,,,,,,,,,,,,,,,,,,,,,,,,,,,,,,,,,,,ECAL_Bloom(Prather)_20251217.csv,,,,,,,,,,
No,,Sample Type,Label,6Li (KED),23Na (KED) [ppb],24Mg (KED) [ppb],27Al (KED) [ppb],39K (KED) [ppb],44Ca (KED) [ppb],32S (KED) [ppb],51V (KED) [ppb],52Cr (KED) [ppb],55Mn (KED) [ppb],57Fe (KED) [ppb],59Co (KED) [ppb],60Ni (KED) [ppb],63Cu (KED) [ppb],66Zn (KED) [ppb],71Ga (KED) [ppb],72Ge (KED) [ppb],75As (KED) [ppb],77Se (KED) [ppb],88Sr (KED) [ppb],95Mo (KED) [ppb],105Pd (KED) [ppb],107Ag (KED) [ppb],111Cd (KED) [ppb],182W (KED) [ppb],45Sc (KED),208Pb (KED) [ppb],89Y (KED),113In (KED),209Bi (KED),238U (KED) [ppb],159Tb (KED),,ECAL_Bloom(Prather)_20251217.csv,,,,,,,,,,
33,,UNKNOWN,IBA_05162025,117.3%,15362.28541,1907.928341,246.0470305,666.0822831,780.0077571,4527.176358,1.054464649,5.522252309,6.697333628,308.352899,0.146052833,2.34236567,5.732777661,33.36630971,0.089679299,1.595852157,0.302257012,0.276412623,14.94867065,-44808.11516,-192.1993423,0.613484049,0.840016989,40.02209494,113.8%,2.185142493,107.0%,104.9%,93.7%,0.05028137,110.6%,,ECAL_Bloom(Prather)_20251217.csv,,,,,,,,,,
,,,,,,,,,,,,,,,,,,,,,,,,,,,,,,,,,,,,,ECAL_Bloom(Prather)_20251217.csv,,,,,,,,,,
33,,,1,116.9%,15403.2102,1917.93779,244.4497462,672.9777098,787.235438,5097.734457,1.077632873,4.376473886,6.739067789,314.5512655,0.145864648,2.36000851,5.801270578,33.45380975,0.089759402,1.576277091,0.3041244,0.275980674,14.77279104,-44425.25078,-199.8019099,0.636814723,0.900760991,35.91115305,111.1%,2.16343733,105.6%,102.8%,92.2%,0.05121161,109.1%,,ECAL_Bloom(Prather)_20251217.csv,,,,,,,,,,
,,,,,,,,,,,,,,,,,,,,,,,,,,,,,,,,,,,,,ECAL_Bloom(Prather)_20251217.csv,,,,,,,,,,
,,,,,,,,,,,,,,,,,,,,,,,,,,,,,,,,,,,,,ECAL_Bloom(Prather)_20251217.csv,,,,,,,,,,
,,,,,,,,,,,,,,,,,,,,,,,,,,,,,,,,,,,,,ECAL_Bloom(Prather)_20251217.csv,,,,,,,,,,
33,,,2,116.5%,15329.44649,1924.364637,250.5794555,662.6233485,780.8586241,4727.538018,1.027998712,5.774616841,6.702796676,306.9911713,0.137849627,2.308699236,5.609901949,33.43616275,0.093948174,1.864504549,0.29121811,0.266828904,15.04328495,-44646.6326,-188.6479863,0.580320072,0.804974471,44.22756018,114.6%,2.243788351,107.7%,107.1%,92.0%,0.050356445,108.4%,,ECAL_Bloom(Prather)_20251217.csv,,,,,,,,,,
,,,,,,,,,,,,,,,,,,,,,,,,,,,,,,,,,,,,,ECAL_Bloom(Prather)_20251217.csv,,,,,,,,,,
,,,,,,,,,,,,,,,,,,,,,,,,,,,,,,,,,,,,,ECAL_Bloom(Prather)_20251217.csv,,,,,,,,,,
,,,,,,,,,,,,,,,,,,,,,,,,,,,,,,,,,,,,,ECAL_Bloom(Prather)_20251217.csv,,,,,,,,,,
33,,,3,116.1%,15586.74002,1902.511509,244.273752,656.7970331,772.0410237,4542.498916,1.047396922,5.738972358,6.645177326,305.3660663,0.142298168,2.371384302,5.74009514,33.26613655,0.091185627,1.638795693,0.307108819,0.324374309,14.9261709,-44090.81342,-176.9267046,0.582715396,0.687766941,38.76687271,115.4%,2.184243229,106.7%,105.6%,94.5%,0.047975399,111.5%,,ECAL_Bloom(Prather)_20251217.csv,,,,,,,,,,
,,,,,,,,,,,,,,,,,,,,,,,,,,,,,,,,,,,,,ECAL_Bloom(Prather)_20251217.csv,,,,,,,,,,
,,,,,,,,,,,,,,,,,,,,,,,,,,,,,,,,,,,,,ECAL_Bloom(Prather)_20251217.csv,,,,,,,,,,
,,,,,,,,,,,,,,,,,,,,,,,,,,,,,,,,,,,,,ECAL_Bloom(Prather)_20251217.csv,,,,,,,,,,
33,,,4,118.0%,15121.21663,1885.800877,244.0462983,669.5525522,770.0368733,4151.105389,1.05713373,5.725039947,6.653036336,305.8918756,0.154135552,2.310008131,5.680439745,33.28448817,0.085552226,1.437111663,0.305320875,0.274656359,14.88641547,-45228.43594,-199.0885195,0.613297421,0.83918354,40.26985046,115.3%,2.154868543,108.0%,105.4%,94.0%,0.051116442,113.0%,,ECAL_Bloom(Prather)_20251217.csv,,,,,,,,,,
,,,,,,,,,,,,,,,,,,,,,,,,,,,,,,,,,,,,,ECAL_Bloom(Prather)_20251217.csv,,,,,,,,,,
,,,,,,,,,,,,,,,,,,,,,,,,,,,,,,,,,,,,,ECAL_Bloom(Prather)_20251217.csv,,,,,,,,,,
,,,,,,,,,,,,,,,,,,,,,,,,,,,,,,,,,,,,,ECAL_Bloom(Prather)_20251217.csv,,,,,,,,,,
33,,,5,119.3%,15370.8137,1909.026894,246.8859004,668.4607716,789.8668264,4117.00501,1.062161006,5.996158513,6.746590012,308.9641163,0.150116172,2.361728173,5.832180894,33.39095131,0.087951066,1.46257179,0.303512856,0.240222868,15.1146909,-45649.44305,-196.5315909,0.654272634,0.967399002,40.93503829,112.4%,2.179375011,106.7%,103.6%,96.0%,0.050746955,110.7%,,ECAL_Bloom(Prather)_20251217.csv,,,,,,,,,,
,,,,,,,,,,,,,,,,,,,,,,,,,,,,,,,,,,,,,ECAL_Bloom(Prather)_20251217.csv,,,,,,,,,,
,,,,,,,,,,,,,,,,,,,,,,,,,,,,,,,,,,,,,ECAL_Bloom(Prather)_20251217.csv,,,,,,,,,,
,,,,,,,,,,,,,,,,,,,,,,,,,,,,,,,,,,,,,ECAL_Bloom(Prather)_20251217.csv,,,,,,,,,,
,,,Mean:,117.3%,15362.28541,1907.928341,246.0470305,666.0822831,780.0077571,4527.176358,1.054464649,5.522252309,6.697333628,308.352899,0.146052833,2.34236567,5.732777661,33.36630971,0.089679299,1.595852157,0.302257012,0.276412623,14.94867065,-44808.11516,-192.1993423,0.613484049,0.840016989,40.02209494,113.8%,2.185142493,107.0%,104.9%,93.7%,0.05028137,110.6%,,ECAL_Bloom(Prather)_20251217.csv,,,,,,,,,,
,,,RSD [%]:,1.112143187,1.085927328,0.782039034,1.13044522,0.959630409,1.134172973,9.077848302,1.744499349,11.76768121,0.703529064,1.209368641,4.374300929,1.299947931,1.5714579,0.258998018,3.548976823,10.73356852,2.091454864,11.01068838,0.896439285,1.398930638,5.003300791,5.316150703,12.53155994,7.605025929,1.661733632,1.595345056,0.878118482,1.638464019,1.779420616,2.650156536,1.665386331,,ECAL_Bloom(Prather)_20251217.csv,,,,,,,,,,
,,,SD:,1.3%,166.8232554,14.92074436,2.781426895,6.391928135,8.846637164,410.9702021,0.018395129,0.649841048,0.047117689,3.729123265,0.00638879,0.030449534,0.090088187,0.086418081,0.003182698,0.171291885,0.006321569,0.030434933,0.134005756,626.8344513,9.61631121,0.032613737,0.105267233,3.043690697,1.9%,0.034860563,0.9%,1.7%,1.7%,0.001332535,1.8%,,ECAL_Bloom(Prather)_20251217.csv,,,,,,,,,,
,,,,,,,,,,,,,,,,,,,,,,,,,,,,,,,,,,,,,ECAL_Bloom(Prather)_20251217.csv,,,,,,,,,,
,,,,,,,,,,,,,,,,,,,,,,,,,,,,,,,,,,,,,ECAL_Bloom(Prather)_20251217.csv,,,,,,,,,,
,,,,,,,,,,,,,,,,,,,,,,,,,,,,,,,,,,,,,ECAL_Bloom(Prather)_20251217.csv,,,,,,,,,,
No,,Sample Type,Label,6Li (KED),23Na (KED) [ppb],24Mg (KED) [ppb],27Al (KED) [ppb],39K (KED) [ppb],44Ca (KED) [ppb],32S (KED) [ppb],51V (KED) [ppb],52Cr (KED) [ppb],55Mn (KED) [ppb],57Fe (KED) [ppb],59Co (KED) [ppb],60Ni (KED) [ppb],63Cu (KED) [ppb],66Zn (KED) [ppb],71Ga (KED) [ppb],72Ge (KED) [ppb],75As (KED) [ppb],77Se (KED) [ppb],88Sr (KED) [ppb],95Mo (KED) [ppb],105Pd (KED) [ppb],107Ag (KED) [ppb],111Cd (KED) [ppb],182W (KED) [ppb],45Sc (KED),208Pb (KED) [ppb],89Y (KED),113In (KED),209Bi (KED),238U (KED) [ppb],159Tb (KED),,ECAL_Bloom(Prather)_20251217.csv,,,,,,,,,,
34,,UNKNOWN,IBA_05172025,121.0%,15216.49274,1844.24325,165.761362,626.1337525,366.4442262,4244.843864,0.941004484,1.606833616,5.024077974,232.0752536,0.114471023,2.608628074,5.792913966,27.88942138,0.068599183,1.32576954,0.218011986,0.261417021,13.80578395,-8006.556299,-159.2751345,1.612984579,0.60086579,35.80217662,116.8%,1.338007449,108.9%,107.3%,94.4%,0.039628344,113.7%,,ECAL_Bloom(Prather)_20251217.csv,,,,,,,,,,
,,,,,,,,,,,,,,,,,,,,,,,,,,,,,,,,,,,,,ECAL_Bloom(Prather)_20251217.csv,,,,,,,,,,
34,,,1,116.9%,15188.46115,1803.475703,164.8509029,627.5969175,363.865812,4897.286762,0.920920706,1.581396132,4.945583098,228.6567041,0.125594246,2.619984345,5.755070225,27.80107368,0.064368453,1.405601966,0.203388674,0.199390749,13.79559479,-7439.397483,-163.2250219,1.583750115,0.594942799,32.1441703,115.6%,1.343568565,107.0%,106.2%,93.6%,0.038375327,110.4%,,ECAL_Bloom(Prather)_20251217.csv,,,,,,,,,,
,,,,,,,,,,,,,,,,,,,,,,,,,,,,,,,,,,,,,ECAL_Bloom(Prather)_20251217.csv,,,,,,,,,,
,,,,,,,,,,,,,,,,,,,,,,,,,,,,,,,,,,,,,ECAL_Bloom(Prather)_20251217.csv,,,,,,,,,,
,,,,,,,,,,,,,,,,,,,,,,,,,,,,,,,,,,,,,ECAL_Bloom(Prather)_20251217.csv,,,,,,,,,,
34,,,2,124.7%,14973.56354,1818.21828,161.2444372,631.9401736,368.6128861,4324.003972,0.945670505,1.569998304,5.029744042,227.9255979,0.110134211,2.560689984,5.831025577,27.92676657,0.076655283,1.325502916,0.222944884,0.282228823,13.34338843,-8640.541373,-130.9910611,1.613735387,0.636847832,36.12971116,115.1%,1.338405296,110.3%,105.4%,93.6%,0.040435071,114.6%,,ECAL_Bloom(Prather)_20251217.csv,,,,,,,,,,
,,,,,,,,,,,,,,,,,,,,,,,,,,,,,,,,,,,,,ECAL_Bloom(Prather)_20251217.csv,,,,,,,,,,
,,,,,,,,,,,,,,,,,,,,,,,,,,,,,,,,,,,,,ECAL_Bloom(Prather)_20251217.csv,,,,,,,,,,
,,,,,,,,,,,,,,,,,,,,,,,,,,,,,,,,,,,,,ECAL_Bloom(Prather)_20251217.csv,,,,,,,,,,
34,,,3,122.0%,15158.01156,1851.209828,165.9855998,622.2998146,371.445692,4071.030057,0.952242022,1.667028949,5.032013968,232.3057877,0.116576294,2.597779199,5.843567705,28.18766054,0.071658894,1.391075582,0.227820983,0.25875913,13.83636762,-7918.677878,-176.2850056,1.602767682,0.607083935,39.84027912,116.6%,1.37122953,108.2%,109.1%,92.6%,0.040128618,111.5%,,ECAL_Bloom(Prather)_20251217.csv,,,,,,,,,,
,,,,,,,,,,,,,,,,,,,,,,,,,,,,,,,,,,,,,ECAL_Bloom(Prather)_20251217.csv,,,,,,,,,,
,,,,,,,,,,,,,,,,,,,,,,,,,,,,,,,,,,,,,ECAL_Bloom(Prather)_20251217.csv,,,,,,,,,,
,,,,,,,,,,,,,,,,,,,,,,,,,,,,,,,,,,,,,ECAL_Bloom(Prather)_20251217.csv,,,,,,,,,,
34,,,4,123.6%,15247.93557,1820.33179,165.9840257,616.0162016,360.7595214,3977.627694,0.929256854,1.625891866,5.013983659,235.5987837,0.109829327,2.624086815,5.830288241,27.88570344,0.061256138,1.44016595,0.225693005,0.307504333,14.26025819,-8052.936303,-201.7145114,1.614709456,0.583595817,35.48850625,118.4%,1.340746754,108.1%,108.3%,95.5%,0.039776419,115.1%,,ECAL_Bloom(Prather)_20251217.csv,,,,,,,,,,
,,,,,,,,,,,,,,,,,,,,,,,,,,,,,,,,,,,,,ECAL_Bloom(Prather)_20251217.csv,,,,,,,,,,
,,,,,,,,,,,,,,,,,,,,,,,,,,,,,,,,,,,,,ECAL_Bloom(Prather)_20251217.csv,,,,,,,,,,
,,,,,,,,,,,,,,,,,,,,,,,,,,,,,,,,,,,,,ECAL_Bloom(Prather)_20251217.csv,,,,,,,,,,
34,,,5,117.5%,15514.49189,1927.980649,170.7418441,632.8156554,367.5372196,3954.270834,0.956932334,1.58985283,5.099065103,235.8893946,0.110221038,2.640600027,5.70461808,27.64590269,0.069057145,1.066501284,0.210212382,0.259202069,13.7933107,-7981.228459,-124.1600724,1.649960252,0.581858568,35.4082163,118.1%,1.296087098,110.8%,107.3%,96.7%,0.039426283,116.8%,,ECAL_Bloom(Prather)_20251217.csv,,,,,,,,,,
,,,,,,,,,,,,,,,,,,,,,,,,,,,,,,,,,,,,,ECAL_Bloom(Prather)_20251217.csv,,,,,,,,,,
,,,,,,,,,,,,,,,,,,,,,,,,,,,,,,,,,,,,,ECAL_Bloom(Prather)_20251217.csv,,,,,,,,,,
,,,,,,,,,,,,,,,,,,,,,,,,,,,,,,,,,,,,,ECAL_Bloom(Prather)_20251217.csv,,,,,,,,,,
,,,Mean:,121.0%,15216.49274,1844.24325,165.761362,626.1337525,366.4442262,4244.843864,0.941004484,1.606833616,5.024077974,232.0752536,0.114471023,2.608628074,5.792913966,27.88942138,0.068599183,1.32576954,0.218011986,0.261417021,13.80578395,-8006.556299,-159.2751345,1.612984579,0.60086579,35.80217662,116.8%,1.338007449,108.9%,107.3%,94.4%,0.039628344,113.7%,,ECAL_Bloom(Prather)_20251217.csv,,,,,,,,,,
,,,RSD [%]:,2.939932358,1.285342841,2.707277734,2.04884703,1.122432474,1.14058484,9.259793018,1.631776663,2.465713058,1.089354244,1.61114012,5.966228891,1.182460486,1.044466593,0.711406842,8.815783025,11.37341132,4.887921345,15.320815,2.351441079,5.350670284,20.19643385,1.496225592,3.747351726,7.655428023,1.249736491,2.012247094,1.488373597,1.405154223,1.725736071,2.008435227,2.340820956,,ECAL_Bloom(Prather)_20251217.csv,,,,,,,,,,
,,,SD:,3.6%,195.5841001,49.92878687,3.396196742,7.02792857,4.17960729,393.0637558,0.015355092,0.039619906,0.054730007,3.739057518,0.006829603,0.030845996,0.060505051,0.198407252,0.006047555,0.150785223,0.010656254,0.040051218,0.324634875,428.4044286,32.16789718,0.024133888,0.022516555,2.740809862,1.5%,0.026924016,1.6%,1.5%,1.6%,0.00079591,2.7%,,ECAL_Bloom(Prather)_20251217.csv,,,,,,,,,,
,,,,,,,,,,,,,,,,,,,,,,,,,,,,,,,,,,,,,ECAL_Bloom(Prather)_20251217.csv,,,,,,,,,,
,,,,,,,,,,,,,,,,,,,,,,,,,,,,,,,,,,,,,ECAL_Bloom(Prather)_20251217.csv,,,,,,,,,,
,,,,,,,,,,,,,,,,,,,,,,,,,,,,,,,,,,,,,ECAL_Bloom(Prather)_20251217.csv,,,,,,,,,,
No,,Sample Type,Label,6Li (KED),23Na (KED) [ppb],24Mg (KED) [ppb],27Al (KED) [ppb],39K (KED) [ppb],44Ca (KED) [ppb],32S (KED) [ppb],51V (KED) [ppb],52Cr (KED) [ppb],55Mn (KED) [ppb],57Fe (KED) [ppb],59Co (KED) [ppb],60Ni (KED) [ppb],63Cu (KED) [ppb],66Zn (KED) [ppb],71Ga (KED) [ppb],72Ge (KED) [ppb],75As (KED) [ppb],77Se (KED) [ppb],88Sr (KED) [ppb],95Mo (KED) [ppb],105Pd (KED) [ppb],107Ag (KED) [ppb],111Cd (KED) [ppb],182W (KED) [ppb],45Sc (KED),208Pb (KED) [ppb],89Y (KED),113In (KED),209Bi (KED),238U (KED) [ppb],159Tb (KED),,ECAL_Bloom(Prather)_20251217.csv,,,,,,,,,,
35,,UNKNOWN,IBA_05182025,114.5%,4441.633397,524.244353,54.44693247,186.9150689,138.6284429,3691.731498,0.500674192,1.783635145,1.346739501,61.25639727,0.039024837,1.805601891,2.19693023,16.66067817,0.029357362,0.472620337,0.097922874,0.145321126,3.930376064,-14258.08419,-132.9957772,0.637999472,0.338729529,20.10676806,111.3%,0.96436719,104.4%,104.7%,94.8%,0.016076776,106.4%,,ECAL_Bloom(Prather)_20251217.csv,,,,,,,,,,
,,,,,,,,,,,,,,,,,,,,,,,,,,,,,,,,,,,,,ECAL_Bloom(Prather)_20251217.csv,,,,,,,,,,
35,,,1,110.2%,4527.280594,530.5060432,56.67561318,191.4182579,144.1491029,4405.512978,0.496815672,1.780307755,1.343564374,60.78778287,0.039058739,1.871223892,2.197295684,16.80289924,0.023378802,0.351718195,0.097672017,0.147816625,4.02456741,-13962.32405,-130.9566111,0.690439289,0.324540556,16.58802529,108.2%,0.975659958,102.1%,103.9%,93.3%,0.01594358,103.0%,,ECAL_Bloom(Prather)_20251217.csv,,,,,,,,,,
,,,,,,,,,,,,,,,,,,,,,,,,,,,,,,,,,,,,,ECAL_Bloom(Prather)_20251217.csv,,,,,,,,,,
,,,,,,,,,,,,,,,,,,,,,,,,,,,,,,,,,,,,,ECAL_Bloom(Prather)_20251217.csv,,,,,,,,,,
,,,,,,,,,,,,,,,,,,,,,,,,,,,,,,,,,,,,,ECAL_Bloom(Prather)_20251217.csv,,,,,,,,,,
35,,,2,114.7%,4398.186536,519.7750829,54.02691739,185.5712655,137.1720045,3870.694184,0.485213914,1.754614393,1.301464476,61.57608889,0.039620555,1.842463652,2.156909908,16.77552173,0.030400766,0.634257463,0.097627494,0.164363332,3.904791268,-13798.25654,-135.5606485,0.656586567,0.40120024,19.56598095,112.2%,0.957719784,105.1%,104.5%,97.0%,0.015904382,107.6%,,ECAL_Bloom(Prather)_20251217.csv,,,,,,,,,,
,,,,,,,,,,,,,,,,,,,,,,,,,,,,,,,,,,,,,ECAL_Bloom(Prather)_20251217.csv,,,,,,,,,,
,,,,,,,,,,,,,,,,,,,,,,,,,,,,,,,,,,,,,ECAL_Bloom(Prather)_20251217.csv,,,,,,,,,,
,,,,,,,,,,,,,,,,,,,,,,,,,,,,,,,,,,,,,ECAL_Bloom(Prather)_20251217.csv,,,,,,,,,,
35,,,3,112.6%,4447.504569,539.2183027,54.84056381,189.5742065,136.6676173,3600.60886,0.521034477,1.822990334,1.366110714,62.58004355,0.038650407,1.769155081,2.224846861,16.666747,0.02850798,0.402796358,0.098545419,0.120015405,3.885058844,-15069.26043,-127.3650571,0.590434854,0.330646803,21.12945518,110.7%,0.93165925,104.5%,101.7%,95.0%,0.016522018,107.6%,,ECAL_Bloom(Prather)_20251217.csv,,,,,,,,,,
,,,,,,,,,,,,,,,,,,,,,,,,,,,,,,,,,,,,,ECAL_Bloom(Prather)_20251217.csv,,,,,,,,,,
,,,,,,,,,,,,,,,,,,,,,,,,,,,,,,,,,,,,,ECAL_Bloom(Prather)_20251217.csv,,,,,,,,,,
,,,,,,,,,,,,,,,,,,,,,,,,,,,,,,,,,,,,,ECAL_Bloom(Prather)_20251217.csv,,,,,,,,,,
35,,,4,119.0%,4370.037924,519.7734961,53.74001757,186.3826416,141.1625029,3328.496842,0.517650115,1.796038576,1.369378335,60.54002147,0.03956622,1.814830473,2.198282879,17.03839963,0.030559959,0.526869309,0.103615166,0.130627698,4.001380395,-14398.84891,-134.2750961,0.645594538,0.297018054,22.18824124,110.2%,0.978363465,103.0%,105.6%,93.6%,0.01627875,105.3%,,ECAL_Bloom(Prather)_20251217.csv,,,,,,,,,,
,,,,,,,,,,,,,,,,,,,,,,,,,,,,,,,,,,,,,ECAL_Bloom(Prather)_20251217.csv,,,,,,,,,,
,,,,,,,,,,,,,,,,,,,,,,,,,,,,,,,,,,,,,ECAL_Bloom(Prather)_20251217.csv,,,,,,,,,,
,,,,,,,,,,,,,,,,,,,,,,,,,,,,,,,,,,,,,ECAL_Bloom(Prather)_20251217.csv,,,,,,,,,,
35,,,5,116.1%,4465.15736,511.9488398,52.95155039,181.6289729,133.9909871,3253.344626,0.482656781,1.764224667,1.353179606,60.79804956,0.038228263,1.730336358,2.207315816,16.01982327,0.0339393,0.447460362,0.092154277,0.163782568,3.836082404,-14061.73101,-136.8214729,0.606942112,0.340241994,21.06213764,115.1%,0.978433492,107.2%,107.6%,95.1%,0.015735152,108.4%,,ECAL_Bloom(Prather)_20251217.csv,,,,,,,,,,
,,,,,,,,,,,,,,,,,,,,,,,,,,,,,,,,,,,,,ECAL_Bloom(Prather)_20251217.csv,,,,,,,,,,
,,,,,,,,,,,,,,,,,,,,,,,,,,,,,,,,,,,,,ECAL_Bloom(Prather)_20251217.csv,,,,,,,,,,
,,,,,,,,,,,,,,,,,,,,,,,,,,,,,,,,,,,,,ECAL_Bloom(Prather)_20251217.csv,,,,,,,,,,
,,,Mean:,114.5%,4441.633397,524.244353,54.44693247,186.9150689,138.6284429,3691.731498,0.500674192,1.783635145,1.346739501,61.25639727,0.039024837,1.805601891,2.19693023,16.66067817,0.029357362,0.472620337,0.097922874,0.145321126,3.930376064,-14258.08419,-132.9957772,0.637999472,0.338729529,20.10676806,111.3%,0.96436719,104.4%,104.7%,94.8%,0.016076776,106.4%,,ECAL_Bloom(Prather)_20251217.csv,,,,,,,,,,
,,,RSD [%]:,2.929819073,1.375803881,2.033465812,2.602974178,2.026342507,2.893766191,12.66135165,3.574647356,1.51809572,2.02983105,1.365129938,1.528838132,3.126021169,1.135852988,2.298953729,13.1918553,23.46492621,4.154984702,13.61532516,2.031973077,3.533493093,2.880742094,6.259819237,11.34910079,10.8294375,2.324294534,2.096639237,1.89812834,2.102769185,1.55200214,1.974841946,2.08874002,,ECAL_Bloom(Prather)_20251217.csv,,,,,,,,,,
,,,SD:,3.4%,61.10816467,10.66032969,1.417239593,3.787539492,4.011583013,467.423107,0.017897337,0.027077289,0.027336537,0.836229418,0.000596627,0.056443497,0.024953898,0.383021282,0.003872781,0.110900013,0.00406868,0.019785944,0.079864183,503.80842,3.831265336,0.039937614,0.038442756,2.177449881,2.6%,0.020219301,2.0%,2.2%,1.5%,0.000317491,2.2%,,ECAL_Bloom(Prather)_20251217.csv,,,,,,,,,,
,,,,,,,,,,,,,,,,,,,,,,,,,,,,,,,,,,,,,ECAL_Bloom(Prather)_20251217.csv,,,,,,,,,,
,,,,,,,,,,,,,,,,,,,,,,,,,,,,,,,,,,,,,ECAL_Bloom(Prather)_20251217.csv,,,,,,,,,,
,,,,,,,,,,,,,,,,,,,,,,,,,,,,,,,,,,,,,ECAL_Bloom(Prather)_20251217.csv,,,,,,,,,,
No,,Sample Type,Label,6Li (KED),23Na (KED) [ppb],24Mg (KED) [ppb],27Al (KED) [ppb],39K (KED) [ppb],44Ca (KED) [ppb],32S (KED) [ppb],51V (KED) [ppb],52Cr (KED) [ppb],55Mn (KED) [ppb],57Fe (KED) [ppb],59Co (KED) [ppb],60Ni (KED) [ppb],63Cu (KED) [ppb],66Zn (KED) [ppb],71Ga (KED) [ppb],72Ge (KED) [ppb],75As (KED) [ppb],77Se (KED) [ppb],88Sr (KED) [ppb],95Mo (KED) [ppb],105Pd (KED) [ppb],107Ag (KED) [ppb],111Cd (KED) [ppb],182W (KED) [ppb],45Sc (KED),208Pb (KED) [ppb],89Y (KED),113In (KED),209Bi (KED),238U (KED) [ppb],159Tb (KED),,ECAL_Bloom(Prather)_20251217.csv,,,,,,,,,,
36,,UNKNOWN,IBA_05192025,118.3%,19407.97632,2394.867636,265.0382809,795.1722496,352.6608273,4420.620344,0.762288879,2.549658354,7.780198576,375.3800205,0.157854406,2.393030033,5.443370273,24.02557144,0.104366897,1.854501466,0.383152373,0.186114632,18.57828068,-6853.564996,-148.1650587,2.66946022,0.559668507,27.20958704,113.7%,1.386969041,107.9%,105.9%,92.2%,0.065250098,109.2%,,ECAL_Bloom(Prather)_20251217.csv,,,,,,,,,,
,,,,,,,,,,,,,,,,,,,,,,,,,,,,,,,,,,,,,ECAL_Bloom(Prather)_20251217.csv,,,,,,,,,,
36,,,1,116.6%,19319.03745,2385.325518,261.7974792,796.6610003,354.7793625,4896.732199,0.743611454,2.585809215,7.672443701,373.284074,0.158261189,2.35117328,5.400671746,24.35537948,0.100828006,1.998552661,0.367121781,0.179992496,18.51726433,-6747.197299,-166.5771996,2.629067373,0.585075125,23.3624279,113.6%,1.370891461,106.6%,106.0%,92.6%,0.06587694,107.5%,,ECAL_Bloom(Prather)_20251217.csv,,,,,,,,,,
,,,,,,,,,,,,,,,,,,,,,,,,,,,,,,,,,,,,,ECAL_Bloom(Prather)_20251217.csv,,,,,,,,,,
,,,,,,,,,,,,,,,,,,,,,,,,,,,,,,,,,,,,,ECAL_Bloom(Prather)_20251217.csv,,,,,,,,,,
,,,,,,,,,,,,,,,,,,,,,,,,,,,,,,,,,,,,,ECAL_Bloom(Prather)_20251217.csv,,,,,,,,,,
36,,,2,121.7%,19013.03888,2335.956077,260.3573493,772.3681529,347.6594137,4407.762381,0.761669141,2.525423007,7.743410895,370.4261313,0.154166795,2.473762555,5.531712877,24.31177103,0.105329077,2.064518986,0.414322887,0.185278274,18.91615198,-6917.776175,-143.4774378,2.587380524,0.51430007,26.92744146,115.3%,1.433044982,106.5%,108.1%,91.6%,0.065783167,108.4%,,ECAL_Bloom(Prather)_20251217.csv,,,,,,,,,,
,,,,,,,,,,,,,,,,,,,,,,,,,,,,,,,,,,,,,ECAL_Bloom(Prather)_20251217.csv,,,,,,,,,,
,,,,,,,,,,,,,,,,,,,,,,,,,,,,,,,,,,,,,ECAL_Bloom(Prather)_20251217.csv,,,,,,,,,,
,,,,,,,,,,,,,,,,,,,,,,,,,,,,,,,,,,,,,ECAL_Bloom(Prather)_20251217.csv,,,,,,,,,,
36,,,3,118.3%,19741.46076,2424.04666,263.6531755,789.2577483,346.8127906,4356.331115,0.767726806,2.502988776,7.772498189,372.0572873,0.156561442,2.387455817,5.279816362,23.33100735,0.094066902,1.481763372,0.372636657,0.172666512,18.27764064,-6749.591021,-121.5158809,2.765856738,0.591069064,26.90551934,114.6%,1.343934174,109.9%,105.6%,93.7%,0.063577294,112.6%,,ECAL_Bloom(Prather)_20251217.csv,,,,,,,,,,
,,,,,,,,,,,,,,,,,,,,,,,,,,,,,,,,,,,,,ECAL_Bloom(Prather)_20251217.csv,,,,,,,,,,
,,,,,,,,,,,,,,,,,,,,,,,,,,,,,,,,,,,,,ECAL_Bloom(Prather)_20251217.csv,,,,,,,,,,
,,,,,,,,,,,,,,,,,,,,,,,,,,,,,,,,,,,,,ECAL_Bloom(Prather)_20251217.csv,,,,,,,,,,
36,,,4,116.7%,19433.0785,2440.576859,270.6597024,816.1081326,355.3388617,4383.11865,0.774839751,2.586199852,7.921904599,382.5736226,0.157010127,2.329853655,5.51105335,24.05617346,0.108528385,2.220771979,0.376330682,0.270334357,18.29095365,-6864.574074,-165.0317292,2.730804428,0.558050303,30.35803422,112.1%,1.374961505,108.3%,103.4%,91.4%,0.066975756,109.0%,,ECAL_Bloom(Prather)_20251217.csv,,,,,,,,,,
,,,,,,,,,,,,,,,,,,,,,,,,,,,,,,,,,,,,,ECAL_Bloom(Prather)_20251217.csv,,,,,,,,,,
,,,,,,,,,,,,,,,,,,,,,,,,,,,,,,,,,,,,,ECAL_Bloom(Prather)_20251217.csv,,,,,,,,,,
,,,,,,,,,,,,,,,,,,,,,,,,,,,,,,,,,,,,,ECAL_Bloom(Prather)_20251217.csv,,,,,,,,,,
36,,,5,118.3%,19533.26599,2388.433068,268.7236983,801.4662137,358.7137079,4059.157374,0.763597241,2.547870921,7.790735498,378.5589874,0.163272476,2.422904856,5.493597029,24.07352586,0.113082117,1.506900329,0.385349856,0.122301523,18.8893928,-6988.686412,-144.2230463,2.634192038,0.549847975,28.49451227,112.6%,1.412013082,108.2%,106.2%,91.8%,0.064037334,108.5%,,ECAL_Bloom(Prather)_20251217.csv,,,,,,,,,,
,,,,,,,,,,,,,,,,,,,,,,,,,,,,,,,,,,,,,ECAL_Bloom(Prather)_20251217.csv,,,,,,,,,,
,,,,,,,,,,,,,,,,,,,,,,,,,,,,,,,,,,,,,ECAL_Bloom(Prather)_20251217.csv,,,,,,,,,,
,,,,,,,,,,,,,,,,,,,,,,,,,,,,,,,,,,,,,ECAL_Bloom(Prather)_20251217.csv,,,,,,,,,,
,,,Mean:,118.3%,19407.97632,2394.867636,265.0382809,795.1722496,352.6608273,4420.620344,0.762288879,2.549658354,7.780198576,375.3800205,0.157854406,2.393030033,5.443370273,24.02557144,0.104366897,1.854501466,0.383152373,0.186114632,18.57828068,-6853.564996,-148.1650587,2.66946022,0.559668507,27.20958704,113.7%,1.386969041,107.9%,105.9%,92.2%,0.065250098,109.2%,,ECAL_Bloom(Prather)_20251217.csv,,,,,,,,,,
,,,RSD [%]:,1.749101368,1.390763542,1.688895191,1.682233369,2.023067492,1.47007477,6.814997363,1.521446558,1.44250471,1.171247955,1.344104743,2.13667304,2.399134906,1.915370636,1.711506183,6.988850778,18.26171159,4.866177777,28.66414347,1.675572035,1.541171899,12.4960279,2.820020272,5.499113828,9.466064487,1.183071423,2.550348011,1.312663776,1.595354683,1.039609371,2.157062425,1.836915176,,ECAL_Bloom(Prather)_20251217.csv,,,,,,,,,,
,,,SD:,2.1%,269.9190587,40.44680433,4.458562401,16.08687129,5.184377846,301.2651599,0.011597818,0.036778942,0.091125417,5.04550066,0.003372833,0.057412019,0.104260716,0.411199141,0.007294047,0.338663709,0.018644876,0.053348165,0.311292476,105.6252178,18.51474707,0.075279319,0.030776808,2.575677056,1.3%,0.035372537,1.4%,1.7%,1.0%,0.001407485,2.0%,,ECAL_Bloom(Prather)_20251217.csv,,,,,,,,,,
,,,,,,,,,,,,,,,,,,,,,,,,,,,,,,,,,,,,,ECAL_Bloom(Prather)_20251217.csv,,,,,,,,,,
,,,,,,,,,,,,,,,,,,,,,,,,,,,,,,,,,,,,,ECAL_Bloom(Prather)_20251217.csv,,,,,,,,,,
,,,,,,,,,,,,,,,,,,,,,,,,,,,,,,,,,,,,,ECAL_Bloom(Prather)_20251217.csv,,,,,,,,,,
No,,Sample Type,Label,6Li (KED),23Na (KED) [ppb],24Mg (KED) [ppb],27Al (KED) [ppb],39K (KED) [ppb],44Ca (KED) [ppb],32S (KED) [ppb],51V (KED) [ppb],52Cr (KED) [ppb],55Mn (KED) [ppb],57Fe (KED) [ppb],59Co (KED) [ppb],60Ni (KED) [ppb],63Cu (KED) [ppb],66Zn (KED) [ppb],71Ga (KED) [ppb],72Ge (KED) [ppb],75As (KED) [ppb],77Se (KED) [ppb],88Sr (KED) [ppb],95Mo (KED) [ppb],105Pd (KED) [ppb],107Ag (KED) [ppb],111Cd (KED) [ppb],182W (KED) [ppb],45Sc (KED),208Pb (KED) [ppb],89Y (KED),113In (KED),209Bi (KED),238U (KED) [ppb],159Tb (KED),,ECAL_Bloom(Prather)_20251217.csv,,,,,,,,,,
37,,UNKNOWN,IBA_05202025,117.9%,32451.7046,4030.456751,590.6197873,1303.385382,677.0666207,5361.051159,2.435467402,4.152444271,18.19982049,819.6146042,0.350558705,3.480678907,15.20234395,61.96102419,0.224878686,3.581428812,1.334310473,0.450420982,31.03491714,-17602.83738,-168.3525945,1.55109006,5.580630692,29.29650046,114.5%,5.548883899,108.2%,106.0%,91.2%,0.098065398,109.9%,,ECAL_Bloom(Prather)_20251217.csv,,,,,,,,,,
,,,,,,,,,,,,,,,,,,,,,,,,,,,,,,,,,,,,,ECAL_Bloom(Prather)_20251217.csv,,,,,,,,,,
37,,,1,117.5%,31882.57888,3908.839114,580.1537501,1291.341494,672.0784309,5710.651386,2.41577786,4.133010942,18.27998858,817.4732069,0.35492581,3.479057205,14.8737209,62.02627215,0.238742528,3.955134073,1.324623657,0.473489037,30.72538697,-17456.91687,-189.1339613,1.547282095,5.449390517,24.53841365,114.0%,5.676617506,108.0%,106.9%,89.7%,0.099623018,108.3%,,ECAL_Bloom(Prather)_20251217.csv,,,,,,,,,,
,,,,,,,,,,,,,,,,,,,,,,,,,,,,,,,,,,,,,ECAL_Bloom(Prather)_20251217.csv,,,,,,,,,,
,,,,,,,,,,,,,,,,,,,,,,,,,,,,,,,,,,,,,ECAL_Bloom(Prather)_20251217.csv,,,,,,,,,,
,,,,,,,,,,,,,,,,,,,,,,,,,,,,,,,,,,,,,ECAL_Bloom(Prather)_20251217.csv,,,,,,,,,,
37,,,2,115.0%,33560.80231,4032.62942,581.8906472,1287.118303,662.0356031,5486.704434,2.430248783,4.185827172,18.41730807,833.9638449,0.349522238,3.497201968,15.37560309,62.91476262,0.224650286,3.564541368,1.331746089,0.466558614,31.02677108,-17556.14832,-204.1798011,1.570871084,5.568028431,29.98981502,114.1%,5.479115332,107.3%,105.5%,92.2%,0.095963202,109.4%,,ECAL_Bloom(Prather)_20251217.csv,,,,,,,,,,
,,,,,,,,,,,,,,,,,,,,,,,,,,,,,,,,,,,,,ECAL_Bloom(Prather)_20251217.csv,,,,,,,,,,
,,,,,,,,,,,,,,,,,,,,,,,,,,,,,,,,,,,,,ECAL_Bloom(Prather)_20251217.csv,,,,,,,,,,
,,,,,,,,,,,,,,,,,,,,,,,,,,,,,,,,,,,,,ECAL_Bloom(Prather)_20251217.csv,,,,,,,,,,
37,,,3,113.6%,33078.33211,4241.814534,609.7921052,1330.194576,687.7947533,5561.802743,2.497250775,4.17731099,18.01430505,832.3078341,0.340172396,3.51965335,15.60754685,63.21218579,0.230283694,3.314403418,1.337236442,0.444805278,30.53342592,-17568.32867,-145.4990052,1.564587992,5.655971457,31.08228029,112.6%,5.424474428,107.2%,103.7%,91.2%,0.098312447,110.1%,,ECAL_Bloom(Prather)_20251217.csv,,,,,,,,,,
,,,,,,,,,,,,,,,,,,,,,,,,,,,,,,,,,,,,,ECAL_Bloom(Prather)_20251217.csv,,,,,,,,,,
,,,,,,,,,,,,,,,,,,,,,,,,,,,,,,,,,,,,,ECAL_Bloom(Prather)_20251217.csv,,,,,,,,,,
,,,,,,,,,,,,,,,,,,,,,,,,,,,,,,,,,,,,,ECAL_Bloom(Prather)_20251217.csv,,,,,,,,,,
37,,,4,121.7%,31891.36938,4029.539266,602.5730152,1311.288717,696.604961,5221.160609,2.478748501,4.275776429,18.42440494,820.8060541,0.364992274,3.495225902,15.31223419,61.22374048,0.211461138,3.94308574,1.326767118,0.412935836,31.50861372,-17748.7787,-138.6942679,1.572692031,5.546434097,31.66104495,114.0%,5.567861994,108.5%,106.3%,89.8%,0.100759512,110.8%,,ECAL_Bloom(Prather)_20251217.csv,,,,,,,,,,
,,,,,,,,,,,,,,,,,,,,,,,,,,,,,,,,,,,,,ECAL_Bloom(Prather)_20251217.csv,,,,,,,,,,
,,,,,,,,,,,,,,,,,,,,,,,,,,,,,,,,,,,,,ECAL_Bloom(Prather)_20251217.csv,,,,,,,,,,
,,,,,,,,,,,,,,,,,,,,,,,,,,,,,,,,,,,,,ECAL_Bloom(Prather)_20251217.csv,,,,,,,,,,
37,,,5,121.5%,31845.4403,3939.461419,578.689419,1296.983822,666.8193553,4824.936622,2.35531109,3.990295822,17.86309581,793.5220812,0.34318081,3.412256108,14.8426147,60.42815988,0.219255784,3.129979462,1.351179057,0.454316143,31.38038801,-17684.01436,-164.255937,1.500017097,5.683328956,29.2109484,118.0%,5.596350237,109.9%,107.8%,93.1%,0.095668811,110.9%,,ECAL_Bloom(Prather)_20251217.csv,,,,,,,,,,
,,,,,,,,,,,,,,,,,,,,,,,,,,,,,,,,,,,,,ECAL_Bloom(Prather)_20251217.csv,,,,,,,,,,
,,,,,,,,,,,,,,,,,,,,,,,,,,,,,,,,,,,,,ECAL_Bloom(Prather)_20251217.csv,,,,,,,,,,
,,,,,,,,,,,,,,,,,,,,,,,,,,,,,,,,,,,,,ECAL_Bloom(Prather)_20251217.csv,,,,,,,,,,
,,,Mean:,117.9%,32451.7046,4030.456751,590.6197873,1303.385382,677.0666207,5361.051159,2.435467402,4.152444271,18.19982049,819.6146042,0.350558705,3.480678907,15.20234395,61.96102419,0.224878686,3.581428812,1.334310473,0.450420982,31.03491714,-17602.83738,-168.3525945,1.55109006,5.580630692,29.29650046,114.5%,5.548883899,108.2%,106.0%,91.2%,0.098065398,109.9%,,ECAL_Bloom(Prather)_20251217.csv,,,,,,,,,,
,,,RSD [%]:,3.110520625,2.497821221,3.22898585,2.451435784,1.346405374,2.156385631,6.497173945,2.298105129,2.51464104,1.37902895,1.980379467,2.819530654,1.174768599,2.190763355,1.870429061,4.627280517,10.31450986,0.795286177,5.258983503,1.339344054,0.651151886,16.62682581,1.950994196,1.670792867,9.640520322,1.783995604,1.78574526,0.998871151,1.459473473,1.644593698,2.274948431,0.985108343,,ECAL_Bloom(Prather)_20251217.csv,,,,,,,,,,
,,,SD:,3.7%,810.585564,130.1428782,14.47866481,17.54885084,14.60016732,348.3168191,0.055969601,0.104419068,0.250980793,16.23147933,0.00988411,0.040889923,0.33304738,1.158937003,0.010405768,0.369406828,0.010611587,0.023687565,0.415664317,114.6212075,27.99169263,0.030261677,0.09324078,2.824335081,2.0%,0.099088931,1.1%,1.5%,1.5%,0.002230937,1.1%,,ECAL_Bloom(Prather)_20251217.csv,,,,,,,,,,
,,,,,,,,,,,,,,,,,,,,,,,,,,,,,,,,,,,,,ECAL_Bloom(Prather)_20251217.csv,,,,,,,,,,
,,,,,,,,,,,,,,,,,,,,,,,,,,,,,,,,,,,,,ECAL_Bloom(Prather)_20251217.csv,,,,,,,,,,
,,,,,,,,,,,,,,,,,,,,,,,,,,,,,,,,,,,,,ECAL_Bloom(Prather)_20251217.csv,,,,,,,,,,
No,,Sample Type,Label,6Li (KED),23Na (KED) [ppb],24Mg (KED) [ppb],27Al (KED) [ppb],39K (KED) [ppb],44Ca (KED) [ppb],32S (KED) [ppb],51V (KED) [ppb],52Cr (KED) [ppb],55Mn (KED) [ppb],57Fe (KED) [ppb],59Co (KED) [ppb],60Ni (KED) [ppb],63Cu (KED) [ppb],66Zn (KED) [ppb],71Ga (KED) [ppb],72Ge (KED) [ppb],75As (KED) [ppb],77Se (KED) [ppb],88Sr (KED) [ppb],95Mo (KED) [ppb],105Pd (KED) [ppb],107Ag (KED) [ppb],111Cd (KED) [ppb],182W (KED) [ppb],45Sc (KED),208Pb (KED) [ppb],89Y (KED),113In (KED),209Bi (KED),238U (KED) [ppb],159Tb (KED),,ECAL_Bloom(Prather)_20251217.csv,,,,,,,,,,
38,,UNKNOWN,IBA_05212025,119.1%,35118.22113,4195.536955,202.1236075,1303.237485,499.1582943,5427.246347,1.006663476,2.491423839,8.961801785,299.9746225,0.243388183,5.186361306,6.033499796,142.0859261,0.083638932,1.532908594,0.282620836,0.258533145,29.96400693,-6329.018168,-180.5790408,9.322605295,3.158921657,36.57713389,115.4%,2.860831715,109.1%,105.4%,91.0%,0.05122547,112.0%,,ECAL_Bloom(Prather)_20251217.csv,,,,,,,,,,
,,,,,,,,,,,,,,,,,,,,,,,,,,,,,,,,,,,,,ECAL_Bloom(Prather)_20251217.csv,,,,,,,,,,
38,,,1,115.3%,35216.11339,4282.446528,199.4838607,1291.911671,495.6076063,6040.224801,1.010136808,2.494152165,8.979212628,299.8423363,0.241471731,5.128104891,6.071986023,142.1910443,0.076623843,1.320212734,0.269661371,0.232204964,29.83580919,-6024.635042,-172.7632791,9.259290669,3.198308517,33.32685568,113.4%,2.812151273,109.5%,106.2%,90.9%,0.049821686,112.9%,,ECAL_Bloom(Prather)_20251217.csv,,,,,,,,,,
,,,,,,,,,,,,,,,,,,,,,,,,,,,,,,,,,,,,,ECAL_Bloom(Prather)_20251217.csv,,,,,,,,,,
,,,,,,,,,,,,,,,,,,,,,,,,,,,,,,,,,,,,,ECAL_Bloom(Prather)_20251217.csv,,,,,,,,,,
,,,,,,,,,,,,,,,,,,,,,,,,,,,,,,,,,,,,,ECAL_Bloom(Prather)_20251217.csv,,,,,,,,,,
38,,,2,122.5%,34389.64201,4142.219321,203.1771651,1297.899534,501.8141675,5553.512855,1.003854273,2.538829125,9.016353246,301.0425185,0.249740078,5.2294053,6.099094539,143.0617708,0.085305359,1.408955761,0.289953994,0.267884714,30.50882925,-6377.651565,-211.3325855,9.293088548,3.356352053,38.16609015,114.8%,2.842575461,107.0%,105.0%,90.6%,0.052283927,112.0%,,ECAL_Bloom(Prather)_20251217.csv,,,,,,,,,,
,,,,,,,,,,,,,,,,,,,,,,,,,,,,,,,,,,,,,ECAL_Bloom(Prather)_20251217.csv,,,,,,,,,,
,,,,,,,,,,,,,,,,,,,,,,,,,,,,,,,,,,,,,ECAL_Bloom(Prather)_20251217.csv,,,,,,,,,,
,,,,,,,,,,,,,,,,,,,,,,,,,,,,,,,,,,,,,ECAL_Bloom(Prather)_20251217.csv,,,,,,,,,,
38,,,3,121.1%,35113.13014,4123.673912,204.3432043,1310.826551,504.6108182,5514.796248,1.012327437,2.47155977,9.028225209,303.283583,0.244068837,5.14503682,5.966625841,141.9965762,0.080799339,1.701690832,0.293986139,0.271390017,30.40284214,-6490.404998,-168.2814701,9.160987159,2.903461994,37.96296181,115.6%,2.938211121,108.1%,104.6%,89.3%,0.05136836,109.8%,,ECAL_Bloom(Prather)_20251217.csv,,,,,,,,,,
,,,,,,,,,,,,,,,,,,,,,,,,,,,,,,,,,,,,,ECAL_Bloom(Prather)_20251217.csv,,,,,,,,,,
,,,,,,,,,,,,,,,,,,,,,,,,,,,,,,,,,,,,,ECAL_Bloom(Prather)_20251217.csv,,,,,,,,,,
,,,,,,,,,,,,,,,,,,,,,,,,,,,,,,,,,,,,,ECAL_Bloom(Prather)_20251217.csv,,,,,,,,,,
38,,,4,116.6%,35678.88798,4209.791519,201.1921435,1291.694474,495.0705565,5186.013593,0.98710824,2.452668999,8.804902931,299.1131154,0.240443494,5.177030594,6.074907934,142.7354143,0.090036992,1.640188347,0.284519245,0.255775155,29.68450464,-6272.786872,-178.8142335,9.308339212,3.275992197,35.42360958,116.8%,2.850202922,109.9%,107.1%,92.6%,0.050224239,113.7%,,ECAL_Bloom(Prather)_20251217.csv,,,,,,,,,,
,,,,,,,,,,,,,,,,,,,,,,,,,,,,,,,,,,,,,ECAL_Bloom(Prather)_20251217.csv,,,,,,,,,,
,,,,,,,,,,,,,,,,,,,,,,,,,,,,,,,,,,,,,ECAL_Bloom(Prather)_20251217.csv,,,,,,,,,,
,,,,,,,,,,,,,,,,,,,,,,,,,,,,,,,,,,,,,ECAL_Bloom(Prather)_20251217.csv,,,,,,,,,,
38,,,5,120.2%,35193.33212,4219.553494,202.421664,1323.855196,498.6883228,4841.684236,1.01989062,2.499909136,8.980314912,296.5915596,0.241216775,5.252228923,5.954884644,140.4448251,0.085429127,1.593495297,0.27498343,0.265410875,29.38804943,-6479.612362,-171.7036359,9.591320887,3.060493522,38.00615222,116.5%,2.861017797,111.1%,104.3%,91.5%,0.052429136,111.4%,,ECAL_Bloom(Prather)_20251217.csv,,,,,,,,,,
,,,,,,,,,,,,,,,,,,,,,,,,,,,,,,,,,,,,,ECAL_Bloom(Prather)_20251217.csv,,,,,,,,,,
,,,,,,,,,,,,,,,,,,,,,,,,,,,,,,,,,,,,,ECAL_Bloom(Prather)_20251217.csv,,,,,,,,,,
,,,,,,,,,,,,,,,,,,,,,,,,,,,,,,,,,,,,,ECAL_Bloom(Prather)_20251217.csv,,,,,,,,,,
,,,Mean:,119.1%,35118.22113,4195.536955,202.1236075,1303.237485,499.1582943,5427.246347,1.006663476,2.491423839,8.961801785,299.9746225,0.243388183,5.186361306,6.033499796,142.0859261,0.083638932,1.532908594,0.282620836,0.258533145,29.96400693,-6329.018168,-180.5790408,9.322605295,3.158921657,36.57713389,115.4%,2.860831715,109.1%,105.4%,91.0%,0.05122547,112.0%,,ECAL_Bloom(Prather)_20251217.csv,,,,,,,,,,
,,,RSD [%]:,2.59269014,1.320669312,1.523396083,0.924306914,1.066473033,0.815753616,8.242355496,1.226131832,1.304200772,1.008145676,0.821559168,1.562762391,1.028434692,1.11647891,0.711355856,6.102082909,10.53259672,3.594594121,6.118356289,1.596778125,3.027927048,9.750137633,1.724718257,5.688979831,5.860848666,1.17478636,1.639869125,1.470820613,1.129043059,1.319233595,2.302100476,1.317613593,,ECAL_Bloom(Prather)_20251217.csv,,,,,,,,,,
,,,SD:,3.1%,463.7955695,63.91464564,1.868242479,13.89867633,4.071901833,447.3329375,0.012343021,0.032493169,0.090348017,2.464469013,0.003803579,0.053338339,0.067362753,1.010736556,0.005103717,0.16145508,0.010159072,0.015817979,0.478458708,191.6380529,17.60670502,0.160788676,0.179710416,2.143730464,1.4%,0.046913896,1.6%,1.2%,1.2%,0.001179262,1.5%,,ECAL_Bloom(Prather)_20251217.csv,,,,,,,,,,
,,,,,,,,,,,,,,,,,,,,,,,,,,,,,,,,,,,,,ECAL_Bloom(Prather)_20251217.csv,,,,,,,,,,
,,,,,,,,,,,,,,,,,,,,,,,,,,,,,,,,,,,,,ECAL_Bloom(Prather)_20251217.csv,,,,,,,,,,
,,,,,,,,,,,,,,,,,,,,,,,,,,,,,,,,,,,,,ECAL_Bloom(Prather)_20251217.csv,,,,,,,,,,
No,,Sample Type,Label,6Li (KED),23Na (KED) [ppb],24Mg (KED) [ppb],27Al (KED) [ppb],39K (KED) [ppb],44Ca (KED) [ppb],32S (KED) [ppb],51V (KED) [ppb],52Cr (KED) [ppb],55Mn (KED) [ppb],57Fe (KED) [ppb],59Co (KED) [ppb],60Ni (KED) [ppb],63Cu (KED) [ppb],66Zn (KED) [ppb],71Ga (KED) [ppb],72Ge (KED) [ppb],75As (KED) [ppb],77Se (KED) [ppb],88Sr (KED) [ppb],95Mo (KED) [ppb],105Pd (KED) [ppb],107Ag (KED) [ppb],111Cd (KED) [ppb],182W (KED) [ppb],45Sc (KED),208Pb (KED) [ppb],89Y (KED),113In (KED),209Bi (KED),238U (KED) [ppb],159Tb (KED),,ECAL_Bloom(Prather)_20251217.csv,,,,,,,,,,
39,,UNKNOWN,IBA_05222025,124.4%,12751.05172,1735.982908,495.7109232,681.0171688,405.3065013,4301.36826,2.290524534,3.674794666,13.59903463,646.9152295,0.328498545,3.461706937,8.051430175,32.12771833,0.187015451,2.703809458,0.342378523,0.372709452,14.22706081,-15638.33811,-177.6761971,1.672889525,2.695458131,29.66787527,120.7%,4.089594408,114.5%,111.2%,97.5%,0.084874738,116.3%,,ECAL_Bloom(Prather)_20251217.csv,,,,,,,,,,
,,,,,,,,,,,,,,,,,,,,,,,,,,,,,,,,,,,,,ECAL_Bloom(Prather)_20251217.csv,,,,,,,,,,
39,,,1,124.2%,12752.03323,1706.918311,487.7105515,676.7775808,400.836458,4888.20663,2.294018989,3.778860484,13.68553127,650.9864412,0.324653035,3.480108982,8.12750933,32.74430496,0.186664861,2.830348249,0.349901831,0.353414218,14.4226478,-15704.57767,-205.3172752,1.696553573,2.643460733,26.72788612,118.2%,4.211908386,111.0%,110.9%,96.4%,0.085238409,113.0%,,ECAL_Bloom(Prather)_20251217.csv,,,,,,,,,,
,,,,,,,,,,,,,,,,,,,,,,,,,,,,,,,,,,,,,ECAL_Bloom(Prather)_20251217.csv,,,,,,,,,,
,,,,,,,,,,,,,,,,,,,,,,,,,,,,,,,,,,,,,ECAL_Bloom(Prather)_20251217.csv,,,,,,,,,,
,,,,,,,,,,,,,,,,,,,,,,,,,,,,,,,,,,,,,ECAL_Bloom(Prather)_20251217.csv,,,,,,,,,,
39,,,2,125.8%,12867.47132,1737.793557,491.5246021,679.0995889,402.9149629,4679.321792,2.312031748,3.646073835,13.55753143,653.6721302,0.326560278,3.439326355,8.113296058,32.11540997,0.186949225,2.478157485,0.326963122,0.33974557,14.05846285,-15515.11785,-173.7283925,1.714755519,2.723190337,28.19970862,120.4%,3.938759543,115.0%,111.5%,99.8%,0.082488254,119.9%,,ECAL_Bloom(Prather)_20251217.csv,,,,,,,,,,
,,,,,,,,,,,,,,,,,,,,,,,,,,,,,,,,,,,,,ECAL_Bloom(Prather)_20251217.csv,,,,,,,,,,
,,,,,,,,,,,,,,,,,,,,,,,,,,,,,,,,,,,,,ECAL_Bloom(Prather)_20251217.csv,,,,,,,,,,
,,,,,,,,,,,,,,,,,,,,,,,,,,,,,,,,,,,,,ECAL_Bloom(Prather)_20251217.csv,,,,,,,,,,
39,,,3,122.8%,12832.96676,1783.826789,505.7220015,705.0353788,411.8452091,4355.966293,2.296340935,3.654069195,13.48676821,655.9463192,0.324475645,3.41781423,8.120954238,32.13097748,0.178293941,2.773951758,0.354446703,0.395623445,13.92833573,-15906.35895,-150.8934781,1.635048851,2.818070292,32.4936164,119.0%,4.034455028,115.4%,111.7%,97.2%,0.08633539,117.5%,,ECAL_Bloom(Prather)_20251217.csv,,,,,,,,,,
,,,,,,,,,,,,,,,,,,,,,,,,,,,,,,,,,,,,,ECAL_Bloom(Prather)_20251217.csv,,,,,,,,,,
,,,,,,,,,,,,,,,,,,,,,,,,,,,,,,,,,,,,,ECAL_Bloom(Prather)_20251217.csv,,,,,,,,,,
,,,,,,,,,,,,,,,,,,,,,,,,,,,,,,,,,,,,,ECAL_Bloom(Prather)_20251217.csv,,,,,,,,,,
39,,,4,125.2%,12682.08319,1739.602027,503.9531201,676.9051269,412.3107248,3971.964266,2.265390806,3.689262369,13.76281427,640.8167506,0.33348038,3.482962355,8.010254878,31.83420926,0.177685661,2.674879952,0.334488701,0.372581371,14.61115131,-15535.44255,-205.2141984,1.666181869,2.723062234,30.76574337,120.1%,4.198109648,115.4%,111.0%,96.7%,0.085707214,114.8%,,ECAL_Bloom(Prather)_20251217.csv,,,,,,,,,,
,,,,,,,,,,,,,,,,,,,,,,,,,,,,,,,,,,,,,ECAL_Bloom(Prather)_20251217.csv,,,,,,,,,,
,,,,,,,,,,,,,,,,,,,,,,,,,,,,,,,,,,,,,ECAL_Bloom(Prather)_20251217.csv,,,,,,,,,,
,,,,,,,,,,,,,,,,,,,,,,,,,,,,,,,,,,,,,ECAL_Bloom(Prather)_20251217.csv,,,,,,,,,,
39,,,5,124.3%,12620.7041,1711.773855,489.6443407,667.2681685,398.6251517,3611.382319,2.284840193,3.605707449,13.50252797,633.1545065,0.333323385,3.488322765,7.885136373,31.81368997,0.205483566,2.761709847,0.346092259,0.402182654,14.11470636,-15530.19351,-153.227641,1.651907813,2.569507058,30.15242182,125.6%,4.064739437,115.9%,110.9%,97.4%,0.084604425,116.3%,,ECAL_Bloom(Prather)_20251217.csv,,,,,,,,,,
,,,,,,,,,,,,,,,,,,,,,,,,,,,,,,,,,,,,,ECAL_Bloom(Prather)_20251217.csv,,,,,,,,,,
,,,,,,,,,,,,,,,,,,,,,,,,,,,,,,,,,,,,,ECAL_Bloom(Prather)_20251217.csv,,,,,,,,,,
,,,,,,,,,,,,,,,,,,,,,,,,,,,,,,,,,,,,,ECAL_Bloom(Prather)_20251217.csv,,,,,,,,,,
,,,Mean:,124.4%,12751.05172,1735.982908,495.7109232,681.0171688,405.3065013,4301.36826,2.290524534,3.674794666,13.59903463,646.9152295,0.328498545,3.461706937,8.051430175,32.12771833,0.187015451,2.703809458,0.342378523,0.372709452,14.22706081,-15638.33811,-177.6761971,1.672889525,2.695458131,29.66787527,120.7%,4.089594408,114.5%,111.2%,97.5%,0.084874738,116.3%,,ECAL_Bloom(Prather)_20251217.csv,,,,,,,,,,
,,,RSD [%]:,0.924337345,0.803728243,1.760524554,1.707247031,2.082412407,1.570911205,12.05109573,0.747503685,1.777497311,0.885056113,1.487383426,1.385226285,0.905046553,1.29964393,1.16991353,6.003998488,5.099358259,3.317060101,7.165139628,1.975800965,1.078048539,15.03113509,1.943870316,3.476883384,7.579083332,2.373697064,2.818533451,1.770334219,0.329285606,1.397760904,1.740315118,2.24999086,,ECAL_Bloom(Prather)_20251217.csv,,,,,,,,,,
,,,SD:,1.2%,102.483804,30.56240534,8.463010017,14.18158602,6.367005243,518.3620067,0.017121755,0.065319376,0.120359087,9.622109906,0.004550448,0.031330059,0.104639924,0.375866524,0.011228405,0.137876931,0.011356901,0.026705153,0.281098405,168.5888754,26.70674919,0.032518803,0.093717936,2.248552989,2.9%,0.115266586,2.0%,0.4%,1.4%,0.001477088,2.6%,,ECAL_Bloom(Prather)_20251217.csv,,,,,,,,,,
,,,,,,,,,,,,,,,,,,,,,,,,,,,,,,,,,,,,,ECAL_Bloom(Prather)_20251217.csv,,,,,,,,,,
,,,,,,,,,,,,,,,,,,,,,,,,,,,,,,,,,,,,,ECAL_Bloom(Prather)_20251217.csv,,,,,,,,,,
,,,,,,,,,,,,,,,,,,,,,,,,,,,,,,,,,,,,,ECAL_Bloom(Prather)_20251217.csv,,,,,,,,,,
No,,Sample Type,Label,6Li (KED),23Na (KED) [ppb],24Mg (KED) [ppb],27Al (KED) [ppb],39K (KED) [ppb],44Ca (KED) [ppb],32S (KED) [ppb],51V (KED) [ppb],52Cr (KED) [ppb],55Mn (KED) [ppb],57Fe (KED) [ppb],59Co (KED) [ppb],60Ni (KED) [ppb],63Cu (KED) [ppb],66Zn (KED) [ppb],71Ga (KED) [ppb],72Ge (KED) [ppb],75As (KED) [ppb],77Se (KED) [ppb],88Sr (KED) [ppb],95Mo (KED) [ppb],105Pd (KED) [ppb],107Ag (KED) [ppb],111Cd (KED) [ppb],182W (KED) [ppb],45Sc (KED),208Pb (KED) [ppb],89Y (KED),113In (KED),209Bi (KED),238U (KED) [ppb],159Tb (KED),,ECAL_Bloom(Prather)_20251217.csv,,,,,,,,,,
40,,UNKNOWN,IBA_05232025,124.8%,6916.612663,974.9667165,352.2928864,383.1667135,240.4135211,3416.983134,1.969198835,2.217689332,8.137889571,452.163232,0.212958772,1.745329257,6.377576868,21.92846338,0.132581274,1.751888804,0.21953229,0.248186319,8.538389605,-5070.125837,-140.2722301,3.362300088,2.0561759,15.93268325,123.3%,2.60789099,116.4%,112.4%,101.8%,0.049877711,116.8%,,ECAL_Bloom(Prather)_20251217.csv,,,,,,,,,,
,,,,,,,,,,,,,,,,,,,,,,,,,,,,,,,,,,,,,ECAL_Bloom(Prather)_20251217.csv,,,,,,,,,,
40,,,1,124.7%,6972.3959,994.9375139,359.7428544,388.3785758,238.8259152,3965.564257,1.984308004,2.190590483,8.132054869,462.0010989,0.21625733,1.737272126,6.423723718,21.67729022,0.136287717,1.561172878,0.212705319,0.25662287,8.376211445,-5034.504596,-137.5272012,3.460882985,1.989398464,12.18686413,121.1%,2.553932231,116.4%,111.9%,104.4%,0.049172653,117.1%,,ECAL_Bloom(Prather)_20251217.csv,,,,,,,,,,
,,,,,,,,,,,,,,,,,,,,,,,,,,,,,,,,,,,,,ECAL_Bloom(Prather)_20251217.csv,,,,,,,,,,
,,,,,,,,,,,,,,,,,,,,,,,,,,,,,,,,,,,,,ECAL_Bloom(Prather)_20251217.csv,,,,,,,,,,
,,,,,,,,,,,,,,,,,,,,,,,,,,,,,,,,,,,,,ECAL_Bloom(Prather)_20251217.csv,,,,,,,,,,
40,,,2,127.5%,6713.354841,954.0965057,348.8657566,381.2541334,241.3732911,3559.373638,1.945901851,2.231059363,8.074375578,445.1805891,0.217798292,1.745895125,6.296675895,22.16144861,0.131045512,1.675315044,0.213320112,0.271704088,8.765402085,-4887.140919,-148.8323836,3.24786646,2.203199779,17.24333765,122.8%,2.646484494,116.6%,112.3%,98.6%,0.051524142,113.9%,,ECAL_Bloom(Prather)_20251217.csv,,,,,,,,,,
,,,,,,,,,,,,,,,,,,,,,,,,,,,,,,,,,,,,,ECAL_Bloom(Prather)_20251217.csv,,,,,,,,,,
,,,,,,,,,,,,,,,,,,,,,,,,,,,,,,,,,,,,,ECAL_Bloom(Prather)_20251217.csv,,,,,,,,,,
,,,,,,,,,,,,,,,,,,,,,,,,,,,,,,,,,,,,,ECAL_Bloom(Prather)_20251217.csv,,,,,,,,,,
40,,,3,120.8%,7060.299255,956.914059,355.3995153,380.3367715,239.9910328,3576.98422,1.977967698,2.248934291,8.334512751,450.6814382,0.212604786,1.75003122,6.390712433,22.16483857,0.130718191,1.955928632,0.243257546,0.235934297,8.766594812,-4985.860996,-169.0556036,3.259632806,1.872329801,16.14481644,124.1%,2.725903353,114.3%,115.3%,100.9%,0.049563211,118.3%,,ECAL_Bloom(Prather)_20251217.csv,,,,,,,,,,
,,,,,,,,,,,,,,,,,,,,,,,,,,,,,,,,,,,,,ECAL_Bloom(Prather)_20251217.csv,,,,,,,,,,
,,,,,,,,,,,,,,,,,,,,,,,,,,,,,,,,,,,,,ECAL_Bloom(Prather)_20251217.csv,,,,,,,,,,
,,,,,,,,,,,,,,,,,,,,,,,,,,,,,,,,,,,,,ECAL_Bloom(Prather)_20251217.csv,,,,,,,,,,
40,,,4,122.0%,7019.915568,989.9770949,346.8676347,380.4118182,238.0540324,3047.85995,1.990614703,2.167919637,7.991241535,445.8706472,0.205400043,1.708143758,6.287755334,21.30447449,0.128554216,1.772325205,0.206316185,0.230314644,8.228074455,-5076.010011,-120.1270837,3.427507502,2.255154021,17.33439223,126.0%,2.499294565,119.4%,111.2%,105.1%,0.049226644,119.2%,,ECAL_Bloom(Prather)_20251217.csv,,,,,,,,,,
,,,,,,,,,,,,,,,,,,,,,,,,,,,,,,,,,,,,,ECAL_Bloom(Prather)_20251217.csv,,,,,,,,,,
,,,,,,,,,,,,,,,,,,,,,,,,,,,,,,,,,,,,,ECAL_Bloom(Prather)_20251217.csv,,,,,,,,,,
,,,,,,,,,,,,,,,,,,,,,,,,,,,,,,,,,,,,,ECAL_Bloom(Prather)_20251217.csv,,,,,,,,,,
40,,,5,128.8%,6817.09775,978.9084092,350.5886712,385.4522686,243.8233339,2935.133608,1.94720192,2.249942889,8.157263121,457.0823866,0.212733406,1.785304056,6.489016962,22.33426502,0.136300733,1.794702263,0.222062286,0.246355697,8.555665226,-5367.112665,-125.8188785,3.415610688,1.960797437,16.7540058,122.6%,2.613840307,115.4%,111.2%,100.2%,0.049901907,115.7%,,ECAL_Bloom(Prather)_20251217.csv,,,,,,,,,,
,,,,,,,,,,,,,,,,,,,,,,,,,,,,,,,,,,,,,ECAL_Bloom(Prather)_20251217.csv,,,,,,,,,,
,,,,,,,,,,,,,,,,,,,,,,,,,,,,,,,,,,,,,ECAL_Bloom(Prather)_20251217.csv,,,,,,,,,,
,,,,,,,,,,,,,,,,,,,,,,,,,,,,,,,,,,,,,ECAL_Bloom(Prather)_20251217.csv,,,,,,,,,,
,,,Mean:,124.8%,6916.612663,974.9667165,352.2928864,383.1667135,240.4135211,3416.983134,1.969198835,2.217689332,8.137889571,452.163232,0.212958772,1.745329257,6.377576868,21.92846338,0.132581274,1.751888804,0.21953229,0.248186319,8.538389605,-5070.125837,-140.2722301,3.362300088,2.0561759,15.93268325,123.3%,2.60789099,116.4%,112.4%,101.8%,0.049877711,116.8%,,ECAL_Bloom(Prather)_20251217.csv,,,,,,,,,,
,,,RSD [%]:,2.724715628,2.115583807,1.919648883,1.483369022,0.937754219,0.948834637,12.37528918,1.074383874,1.657807569,1.561734359,1.608281717,2.247245177,1.586816901,1.342761243,1.944521503,2.656510577,8.375542462,6.558263616,6.672973437,2.786992422,3.55689528,13.91533539,2.990772297,8.012215388,13.47358111,1.501176517,3.329438916,1.642833508,1.502868846,2.762470278,1.936374374,1.784378135,,ECAL_Bloom(Prather)_20251217.csv,,,,,,,,,,
,,,SD:,3.4%,146.3267375,18.71593768,5.225803543,3.59316202,2.281126759,422.861544,0.021156755,0.036765022,0.127092218,7.27205859,0.004785706,0.02769518,0.08563563,0.426403686,0.003522036,0.146730191,0.014397506,0.016561407,0.237964271,180.3390666,19.51935127,0.10055874,0.164745242,2.146703,1.9%,0.086828138,1.9%,1.7%,2.8%,0.000965819,2.1%,,ECAL_Bloom(Prather)_20251217.csv,,,,,,,,,,
,,,,,,,,,,,,,,,,,,,,,,,,,,,,,,,,,,,,,ECAL_Bloom(Prather)_20251217.csv,,,,,,,,,,
,,,,,,,,,,,,,,,,,,,,,,,,,,,,,,,,,,,,,ECAL_Bloom(Prather)_20251217.csv,,,,,,,,,,
,,,,,,,,,,,,,,,,,,,,,,,,,,,,,,,,,,,,,ECAL_Bloom(Prather)_20251217.csv,,,,,,,,,,
No,,Sample Type,Label,6Li (KED),23Na (KED) [ppb],24Mg (KED) [ppb],27Al (KED) [ppb],39K (KED) [ppb],44Ca (KED) [ppb],32S (KED) [ppb],51V (KED) [ppb],52Cr (KED) [ppb],55Mn (KED) [ppb],57Fe (KED) [ppb],59Co (KED) [ppb],60Ni (KED) [ppb],63Cu (KED) [ppb],66Zn (KED) [ppb],71Ga (KED) [ppb],72Ge (KED) [ppb],75As (KED) [ppb],77Se (KED) [ppb],88Sr (KED) [ppb],95Mo (KED) [ppb],105Pd (KED) [ppb],107Ag (KED) [ppb],111Cd (KED) [ppb],182W (KED) [ppb],45Sc (KED),208Pb (KED) [ppb],89Y (KED),113In (KED),209Bi (KED),238U (KED) [ppb],159Tb (KED),,ECAL_Bloom(Prather)_20251217.csv,,,,,,,,,,
41,,UNKNOWN,IBA_05242025,124.6%,18102.8431,2230.546947,193.114535,744.2038838,267.1309745,4060.382125,0.912651874,2.504867028,6.709820475,252.2451884,0.146107851,2.287209616,3.175759892,13.86812628,0.076916485,1.395047516,0.224676486,0.320221521,15.48205431,-4339.082369,-160.890737,10.18233892,0.701215784,21.24871737,122.0%,1.674595924,115.3%,112.0%,97.1%,0.053427118,117.7%,,ECAL_Bloom(Prather)_20251217.csv,,,,,,,,,,
,,,,,,,,,,,,,,,,,,,,,,,,,,,,,,,,,,,,,ECAL_Bloom(Prather)_20251217.csv,,,,,,,,,,
41,,,1,125.1%,17717.23562,2220.782913,189.8255974,739.8669272,264.4604938,4428.858282,0.929264042,2.49338037,6.698075932,252.9421424,0.142746883,2.28332254,3.170524025,14.14552,0.073398521,1.585185207,0.228173187,0.256310559,15.70707443,-4208.575121,-190.0827806,10.27391611,0.736294499,19.23542936,120.8%,1.683218075,111.5%,110.7%,96.2%,0.052587067,115.6%,,ECAL_Bloom(Prather)_20251217.csv,,,,,,,,,,
,,,,,,,,,,,,,,,,,,,,,,,,,,,,,,,,,,,,,ECAL_Bloom(Prather)_20251217.csv,,,,,,,,,,
,,,,,,,,,,,,,,,,,,,,,,,,,,,,,,,,,,,,,ECAL_Bloom(Prather)_20251217.csv,,,,,,,,,,
,,,,,,,,,,,,,,,,,,,,,,,,,,,,,,,,,,,,,ECAL_Bloom(Prather)_20251217.csv,,,,,,,,,,
41,,,2,123.1%,18285.3878,2226.473894,197.5328362,734.815239,265.0478734,4307.143644,0.890300453,2.474041845,6.615397134,249.4223728,0.148796681,2.287744927,3.144085007,13.99391407,0.07363602,1.565021084,0.233102555,0.329868347,15.45933571,-4372.523606,-175.8923335,10.12291015,0.737713703,24.05283032,122.6%,1.663687135,115.0%,111.8%,96.6%,0.053553354,117.7%,,ECAL_Bloom(Prather)_20251217.csv,,,,,,,,,,
,,,,,,,,,,,,,,,,,,,,,,,,,,,,,,,,,,,,,ECAL_Bloom(Prather)_20251217.csv,,,,,,,,,,
,,,,,,,,,,,,,,,,,,,,,,,,,,,,,,,,,,,,,ECAL_Bloom(Prather)_20251217.csv,,,,,,,,,,
,,,,,,,,,,,,,,,,,,,,,,,,,,,,,,,,,,,,,ECAL_Bloom(Prather)_20251217.csv,,,,,,,,,,
41,,,3,125.8%,18136.65807,2222.015185,190.9293767,745.8757162,266.0699554,4063.126066,0.917113506,2.493673514,6.717004953,252.2843755,0.139317419,2.267853916,3.134332852,13.5394032,0.077431676,0.9608629,0.211937298,0.354438082,15.26614049,-4227.656305,-141.6104509,10.09680426,0.629910232,21.49224858,121.9%,1.64944057,117.9%,114.1%,99.2%,0.053005986,121.1%,,ECAL_Bloom(Prather)_20251217.csv,,,,,,,,,,
,,,,,,,,,,,,,,,,,,,,,,,,,,,,,,,,,,,,,ECAL_Bloom(Prather)_20251217.csv,,,,,,,,,,
,,,,,,,,,,,,,,,,,,,,,,,,,,,,,,,,,,,,,ECAL_Bloom(Prather)_20251217.csv,,,,,,,,,,
,,,,,,,,,,,,,,,,,,,,,,,,,,,,,,,,,,,,,ECAL_Bloom(Prather)_20251217.csv,,,,,,,,,,
41,,,4,121.9%,18385.29424,2303.335269,195.8005861,757.554982,271.0466457,3964.095683,0.916335276,2.562807108,6.773618027,257.6061243,0.156458977,2.326321327,3.233716899,13.87476106,0.069726475,1.565264312,0.222495002,0.31526991,15.45021252,-4497.749646,-155.8593584,10.21157172,0.711037463,21.23083988,120.9%,1.678457085,116.0%,110.9%,95.9%,0.05410478,116.3%,,ECAL_Bloom(Prather)_20251217.csv,,,,,,,,,,
,,,,,,,,,,,,,,,,,,,,,,,,,,,,,,,,,,,,,ECAL_Bloom(Prather)_20251217.csv,,,,,,,,,,
,,,,,,,,,,,,,,,,,,,,,,,,,,,,,,,,,,,,,ECAL_Bloom(Prather)_20251217.csv,,,,,,,,,,
,,,,,,,,,,,,,,,,,,,,,,,,,,,,,,,,,,,,,ECAL_Bloom(Prather)_20251217.csv,,,,,,,,,,
41,,,5,127.0%,17989.63976,2180.127474,191.4842788,742.9065548,269.029904,3538.686951,0.910246096,2.500432301,6.745006332,248.9709268,0.143219296,2.270805372,3.196140679,13.78703305,0.090389735,1.298904077,0.22767439,0.345220708,15.52750843,-4388.907166,-141.0087614,10.20649234,0.691123021,20.23223871,124.0%,1.698176757,116.3%,112.5%,97.6%,0.053884405,117.7%,,ECAL_Bloom(Prather)_20251217.csv,,,,,,,,,,
,,,,,,,,,,,,,,,,,,,,,,,,,,,,,,,,,,,,,ECAL_Bloom(Prather)_20251217.csv,,,,,,,,,,
,,,,,,,,,,,,,,,,,,,,,,,,,,,,,,,,,,,,,ECAL_Bloom(Prather)_20251217.csv,,,,,,,,,,
,,,,,,,,,,,,,,,,,,,,,,,,,,,,,,,,,,,,,ECAL_Bloom(Prather)_20251217.csv,,,,,,,,,,
,,,Mean:,124.6%,18102.8431,2230.546947,193.114535,744.2038838,267.1309745,4060.382125,0.912651874,2.504867028,6.709820475,252.2451884,0.146107851,2.287209616,3.175759892,13.86812628,0.076916485,1.395047516,0.224676486,0.320221521,15.48205431,-4339.082369,-160.890737,10.18233892,0.701215784,21.24871737,122.0%,1.674595924,115.3%,112.0%,97.1%,0.053427118,117.7%,,ECAL_Bloom(Prather)_20251217.csv,,,,,,,,,,
,,,RSD [%]:,1.661089618,1.450384592,2.008078194,1.736576104,1.14351441,1.051094706,8.51465758,1.563844022,1.351495872,0.894630474,1.372105013,4.592868118,1.022759322,1.271421502,1.642130694,10.41363395,19.36005102,3.583266487,12.09260687,1.025597835,2.780502448,13.43719814,0.706019478,6.315773809,8.487174805,1.073976979,1.116024181,2.05719302,1.223606584,1.3850969,1.171617854,1.795867756,,ECAL_Bloom(Prather)_20251217.csv,,,,,,,,,,
,,,SD:,2.1%,262.560847,44.79112685,3.353580868,8.510078649,2.80779953,345.7276344,0.014272452,0.033853174,0.060028099,3.461068873,0.006710541,0.02339265,0.040377294,0.227732758,0.008009801,0.270081911,0.008050757,0.03872313,0.158783614,120.6482915,21.61920712,0.071889296,0.044287203,1.803415787,1.3%,0.018688895,2.4%,1.4%,1.3%,0.000625962,2.1%,,ECAL_Bloom(Prather)_20251217.csv,,,,,,,,,,
,,,,,,,,,,,,,,,,,,,,,,,,,,,,,,,,,,,,,ECAL_Bloom(Prather)_20251217.csv,,,,,,,,,,
,,,,,,,,,,,,,,,,,,,,,,,,,,,,,,,,,,,,,ECAL_Bloom(Prather)_20251217.csv,,,,,,,,,,
,,,,,,,,,,,,,,,,,,,,,,,,,,,,,,,,,,,,,ECAL_Bloom(Prather)_20251217.csv,,,,,,,,,,
No,,Sample Type,Label,6Li (KED),23Na (KED) [ppb],24Mg (KED) [ppb],27Al (KED) [ppb],39K (KED) [ppb],44Ca (KED) [ppb],32S (KED) [ppb],51V (KED) [ppb],52Cr (KED) [ppb],55Mn (KED) [ppb],57Fe (KED) [ppb],59Co (KED) [ppb],60Ni (KED) [ppb],63Cu (KED) [ppb],66Zn (KED) [ppb],71Ga (KED) [ppb],72Ge (KED) [ppb],75As (KED) [ppb],77Se (KED) [ppb],88Sr (KED) [ppb],95Mo (KED) [ppb],105Pd (KED) [ppb],107Ag (KED) [ppb],111Cd (KED) [ppb],182W (KED) [ppb],45Sc (KED),208Pb (KED) [ppb],89Y (KED),113In (KED),209Bi (KED),238U (KED) [ppb],159Tb (KED),,ECAL_Bloom(Prather)_20251217.csv,,,,,,,,,,
42,,UNKNOWN,IBA_05252025,130.6%,30888.6791,3645.625688,166.1982979,1096.836642,401.5622629,4285.654815,0.64954981,2.529028455,4.299520876,222.9296366,0.120474498,4.517592213,4.49606786,29.87453867,0.062221681,1.249777466,0.433183093,0.227956255,25.08726759,-5251.299128,-201.2936498,6.439747464,2.154761487,18.18010215,127.5%,1.599474604,120.2%,115.8%,98.6%,0.045196801,123.5%,,ECAL_Bloom(Prather)_20251217.csv,,,,,,,,,,
,,,,,,,,,,,,,,,,,,,,,,,,,,,,,,,,,,,,,ECAL_Bloom(Prather)_20251217.csv,,,,,,,,,,
42,,,1,127.3%,31569.42104,3724.042102,166.7232507,1073.177675,395.2063779,5071.276889,0.656777446,2.515740921,4.2796722,223.6303704,0.115480875,4.578678332,4.556738511,30.2563343,0.062288213,1.503573739,0.442501509,0.240005372,24.9558068,-5151.356816,-241.3181662,6.524716285,2.114451226,15.07568604,124.5%,1.5782982,117.0%,114.4%,98.0%,0.044214347,122.4%,,ECAL_Bloom(Prather)_20251217.csv,,,,,,,,,,
,,,,,,,,,,,,,,,,,,,,,,,,,,,,,,,,,,,,,ECAL_Bloom(Prather)_20251217.csv,,,,,,,,,,
,,,,,,,,,,,,,,,,,,,,,,,,,,,,,,,,,,,,,ECAL_Bloom(Prather)_20251217.csv,,,,,,,,,,
,,,,,,,,,,,,,,,,,,,,,,,,,,,,,,,,,,,,,ECAL_Bloom(Prather)_20251217.csv,,,,,,,,,,
42,,,2,131.7%,30676.7233,3622.796663,165.9783376,1088.356328,401.5725985,4391.330842,0.640946755,2.557485987,4.403057643,227.2053648,0.121524194,4.496843094,4.484057124,30.04272272,0.068951497,1.022636624,0.422028919,0.226703541,25.10745781,-5303.748502,-194.9842309,6.326375272,2.343100541,19.52058538,126.7%,1.61561879,119.9%,115.7%,97.3%,0.044771691,122.1%,,ECAL_Bloom(Prather)_20251217.csv,,,,,,,,,,
,,,,,,,,,,,,,,,,,,,,,,,,,,,,,,,,,,,,,ECAL_Bloom(Prather)_20251217.csv,,,,,,,,,,
,,,,,,,,,,,,,,,,,,,,,,,,,,,,,,,,,,,,,ECAL_Bloom(Prather)_20251217.csv,,,,,,,,,,
,,,,,,,,,,,,,,,,,,,,,,,,,,,,,,,,,,,,,ECAL_Bloom(Prather)_20251217.csv,,,,,,,,,,
42,,,3,133.0%,30249.80902,3576.290163,166.6673076,1098.358038,404.1755663,4257.92051,0.635172652,2.568243903,4.310358282,220.0628474,0.123232502,4.535868484,4.427475746,29.67656301,0.060944317,1.308546923,0.437900983,0.238164,25.41345346,-5222.590791,-178.9456519,6.380978804,2.100439727,18.64122094,129.1%,1.626760453,122.1%,116.6%,98.5%,0.044997848,123.9%,,ECAL_Bloom(Prather)_20251217.csv,,,,,,,,,,
,,,,,,,,,,,,,,,,,,,,,,,,,,,,,,,,,,,,,ECAL_Bloom(Prather)_20251217.csv,,,,,,,,,,
,,,,,,,,,,,,,,,,,,,,,,,,,,,,,,,,,,,,,ECAL_Bloom(Prather)_20251217.csv,,,,,,,,,,
,,,,,,,,,,,,,,,,,,,,,,,,,,,,,,,,,,,,,ECAL_Bloom(Prather)_20251217.csv,,,,,,,,,,
42,,,4,126.7%,31287.50478,3664.861887,167.5383155,1103.197547,399.6281363,4035.289279,0.639190086,2.480629676,4.259172206,219.465216,0.119331167,4.459907721,4.421641241,29.0139464,0.059857608,1.166491923,0.438282902,0.229095558,25.08137135,-5319.231849,-189.5154288,6.542393681,2.019510943,19.63057625,129.9%,1.587793458,122.7%,116.2%,100.6%,0.044371844,124.9%,,ECAL_Bloom(Prather)_20251217.csv,,,,,,,,,,
,,,,,,,,,,,,,,,,,,,,,,,,,,,,,,,,,,,,,ECAL_Bloom(Prather)_20251217.csv,,,,,,,,,,
,,,,,,,,,,,,,,,,,,,,,,,,,,,,,,,,,,,,,ECAL_Bloom(Prather)_20251217.csv,,,,,,,,,,
,,,,,,,,,,,,,,,,,,,,,,,,,,,,,,,,,,,,,ECAL_Bloom(Prather)_20251217.csv,,,,,,,,,,
42,,,5,134.2%,30659.93736,3640.137626,164.0842782,1121.093623,407.2286354,3672.456554,0.675662112,2.523041787,4.245344048,224.2843844,0.122803752,4.516663434,4.590426678,30.38312695,0.059066771,1.24763812,0.425201153,0.205812806,24.87824855,-5259.567684,-201.7047713,6.424273279,2.196304999,18.03244215,127.5%,1.588902117,119.3%,116.3%,98.6%,0.047628274,124.1%,,ECAL_Bloom(Prather)_20251217.csv,,,,,,,,,,
,,,,,,,,,,,,,,,,,,,,,,,,,,,,,,,,,,,,,ECAL_Bloom(Prather)_20251217.csv,,,,,,,,,,
,,,,,,,,,,,,,,,,,,,,,,,,,,,,,,,,,,,,,ECAL_Bloom(Prather)_20251217.csv,,,,,,,,,,
,,,,,,,,,,,,,,,,,,,,,,,,,,,,,,,,,,,,,ECAL_Bloom(Prather)_20251217.csv,,,,,,,,,,
,,,Mean:,130.6%,30888.6791,3645.625688,166.1982979,1096.836642,401.5622629,4285.654815,0.64954981,2.529028455,4.299520876,222.9296366,0.120474498,4.517592213,4.49606786,29.87453867,0.062221681,1.249777466,0.433183093,0.227956255,25.08726759,-5251.299128,-201.2936498,6.439747464,2.154761487,18.18010215,127.5%,1.599474604,120.2%,115.8%,98.6%,0.045196801,123.5%,,ECAL_Bloom(Prather)_20251217.csv,,,,,,,,,,
,,,RSD [%]:,2.600653993,1.719099693,1.494744951,0.785007992,1.619951824,1.134888569,12.05603835,2.578571392,1.384286903,1.461510225,1.433131687,2.637204468,0.979014674,1.685565902,1.842955736,6.351259344,14.22366677,2.075161526,5.977090049,0.816443722,1.286164566,11.86087697,1.438015146,5.687022527,10.20661451,1.663360356,1.289583137,1.90942518,0.75222506,1.251131792,3.085317875,0.960045099,,ECAL_Bloom(Prather)_20251217.csv,,,,,,,,,,
,,,SD:,3.4%,531.0071877,54.49280592,1.304669922,17.76822519,4.557284217,516.6801879,0.016749106,0.03500901,0.062837937,3.194875262,0.003177159,0.044227891,0.075784187,0.550574524,0.00395186,0.177764182,0.008989249,0.013625151,0.204823421,67.54034863,23.87519214,0.092604544,0.122541771,1.855572945,2.1%,0.020626555,2.3%,0.9%,1.2%,0.001394465,1.2%,,ECAL_Bloom(Prather)_20251217.csv,,,,,,,,,,
,,,,,,,,,,,,,,,,,,,,,,,,,,,,,,,,,,,,,ECAL_Bloom(Prather)_20251217.csv,,,,,,,,,,
,,,,,,,,,,,,,,,,,,,,,,,,,,,,,,,,,,,,,ECAL_Bloom(Prather)_20251217.csv,,,,,,,,,,
,,,,,,,,,,,,,,,,,,,,,,,,,,,,,,,,,,,,,ECAL_Bloom(Prather)_20251217.csv,,,,,,,,,,
No,,Sample Type,Label,6Li (KED),23Na (KED) [ppb],24Mg (KED) [ppb],27Al (KED) [ppb],39K (KED) [ppb],44Ca (KED) [ppb],32S (KED) [ppb],51V (KED) [ppb],52Cr (KED) [ppb],55Mn (KED) [ppb],57Fe (KED) [ppb],59Co (KED) [ppb],60Ni (KED) [ppb],63Cu (KED) [ppb],66Zn (KED) [ppb],71Ga (KED) [ppb],72Ge (KED) [ppb],75As (KED) [ppb],77Se (KED) [ppb],88Sr (KED) [ppb],95Mo (KED) [ppb],105Pd (KED) [ppb],107Ag (KED) [ppb],111Cd (KED) [ppb],182W (KED) [ppb],45Sc (KED),208Pb (KED) [ppb],89Y (KED),113In (KED),209Bi (KED),238U (KED) [ppb],159Tb (KED),,ECAL_Bloom(Prather)_20251217.csv,,,,,,,,,,
43,,UNKNOWN,IBA_05262025,123.5%,17883.39033,2167.76128,222.2500013,754.1464534,280.5082531,3946.995535,0.914742249,2.251491883,6.387238305,301.8272446,0.15113323,1.305976334,3.141733617,28.90783705,0.090349641,1.425169295,0.294726537,0.195581605,15.80285394,-4687.746114,-172.4829528,0.564082128,3.058108878,18.53040402,120.0%,2.731429458,112.9%,109.4%,94.3%,0.04748704,114.4%,,ECAL_Bloom(Prather)_20251217.csv,,,,,,,,,,
,,,,,,,,,,,,,,,,,,,,,,,,,,,,,,,,,,,,,ECAL_Bloom(Prather)_20251217.csv,,,,,,,,,,
43,,,1,123.2%,17684.34203,2112.224132,217.9943408,751.1156295,280.1349454,4544.655651,0.90002814,2.222083953,6.257337218,300.1822514,0.150831079,1.301992754,3.182305531,29.28371177,0.086965098,1.4547954,0.280382765,0.238912448,15.92009767,-4676.879106,-210.9371995,0.518933099,3.177585887,15.81745267,118.8%,2.766467268,110.7%,106.4%,92.5%,0.049089888,110.9%,,ECAL_Bloom(Prather)_20251217.csv,,,,,,,,,,
,,,,,,,,,,,,,,,,,,,,,,,,,,,,,,,,,,,,,ECAL_Bloom(Prather)_20251217.csv,,,,,,,,,,
,,,,,,,,,,,,,,,,,,,,,,,,,,,,,,,,,,,,,ECAL_Bloom(Prather)_20251217.csv,,,,,,,,,,
,,,,,,,,,,,,,,,,,,,,,,,,,,,,,,,,,,,,,ECAL_Bloom(Prather)_20251217.csv,,,,,,,,,,
43,,,2,119.4%,18494.59205,2219.951665,224.8254572,752.2033475,279.7194053,4189.731133,0.890513384,2.286291132,6.476908153,299.6317076,0.151278902,1.317907667,3.167640784,28.77707194,0.089282907,1.696176143,0.29812717,0.204851767,15.60501459,-4820.492485,-159.823713,0.56503708,2.888008019,18.18719938,119.3%,2.767593719,112.3%,110.6%,93.7%,0.047222408,115.1%,,ECAL_Bloom(Prather)_20251217.csv,,,,,,,,,,
,,,,,,,,,,,,,,,,,,,,,,,,,,,,,,,,,,,,,ECAL_Bloom(Prather)_20251217.csv,,,,,,,,,,
,,,,,,,,,,,,,,,,,,,,,,,,,,,,,,,,,,,,,ECAL_Bloom(Prather)_20251217.csv,,,,,,,,,,
,,,,,,,,,,,,,,,,,,,,,,,,,,,,,,,,,,,,,ECAL_Bloom(Prather)_20251217.csv,,,,,,,,,,
43,,,3,122.7%,18089.25096,2206.761937,221.9641909,751.8003313,274.8690709,3959.195749,0.918566405,2.219751813,6.438125586,300.7095731,0.147055038,1.319839751,3.135739219,28.8561159,0.088933038,1.299274948,0.291176234,0.155376873,15.52591255,-4656.681467,-149.6676395,0.611464238,3.164726121,19.5250223,120.4%,2.684376744,113.3%,108.7%,95.5%,0.045904575,115.7%,,ECAL_Bloom(Prather)_20251217.csv,,,,,,,,,,
,,,,,,,,,,,,,,,,,,,,,,,,,,,,,,,,,,,,,ECAL_Bloom(Prather)_20251217.csv,,,,,,,,,,
,,,,,,,,,,,,,,,,,,,,,,,,,,,,,,,,,,,,,ECAL_Bloom(Prather)_20251217.csv,,,,,,,,,,
,,,,,,,,,,,,,,,,,,,,,,,,,,,,,,,,,,,,,ECAL_Bloom(Prather)_20251217.csv,,,,,,,,,,
43,,,4,123.7%,17704.06485,2182.521013,225.8086377,774.2481717,281.0890568,3721.71009,0.944242613,2.247618789,6.392406246,307.6413785,0.156024071,1.3232136,3.114431474,28.72046723,0.093648099,1.418682787,0.302648444,0.193348076,15.6834321,-4690.780819,-163.1173489,0.55270302,3.018181842,20.17894529,120.3%,2.687557643,114.4%,109.7%,94.9%,0.047596141,115.3%,,ECAL_Bloom(Prather)_20251217.csv,,,,,,,,,,
,,,,,,,,,,,,,,,,,,,,,,,,,,,,,,,,,,,,,ECAL_Bloom(Prather)_20251217.csv,,,,,,,,,,
,,,,,,,,,,,,,,,,,,,,,,,,,,,,,,,,,,,,,ECAL_Bloom(Prather)_20251217.csv,,,,,,,,,,
,,,,,,,,,,,,,,,,,,,,,,,,,,,,,,,,,,,,,ECAL_Bloom(Prather)_20251217.csv,,,,,,,,,,
43,,,5,128.7%,17444.70174,2117.347655,220.6573797,741.364787,286.7287871,3319.685052,0.920360701,2.28171373,6.371414321,300.9713123,0.150477061,1.2669279,3.108551076,28.9018184,0.092919062,1.256917198,0.301298073,0.185418862,16.2798128,-4593.896694,-178.8688628,0.572273204,3.042042522,18.94340049,121.0%,2.751151915,113.8%,111.8%,95.2%,0.047622188,115.0%,,ECAL_Bloom(Prather)_20251217.csv,,,,,,,,,,
,,,,,,,,,,,,,,,,,,,,,,,,,,,,,,,,,,,,,ECAL_Bloom(Prather)_20251217.csv,,,,,,,,,,
,,,,,,,,,,,,,,,,,,,,,,,,,,,,,,,,,,,,,ECAL_Bloom(Prather)_20251217.csv,,,,,,,,,,
,,,,,,,,,,,,,,,,,,,,,,,,,,,,,,,,,,,,,ECAL_Bloom(Prather)_20251217.csv,,,,,,,,,,
,,,Mean:,123.5%,17883.39033,2167.76128,222.2500013,754.1464534,280.5082531,3946.995535,0.914742249,2.251491883,6.387238305,301.8272446,0.15113323,1.305976334,3.141733617,28.90783705,0.090349641,1.425169295,0.294726537,0.195581605,15.80285394,-4687.746114,-172.4829528,0.564082128,3.058108878,18.53040402,120.0%,2.731429458,112.9%,109.4%,94.3%,0.04748704,114.4%,,ECAL_Bloom(Prather)_20251217.csv,,,,,,,,,,
,,,RSD [%]:,2.705971526,2.305841329,2.316727653,1.423303106,1.604840813,1.508217111,11.75137401,2.266919997,1.406561769,1.304774546,1.090228236,2.120824569,1.784419444,1.031356635,0.766132664,3.134522374,12.07825569,3.109040017,15.52560544,1.928044482,1.769469043,13.86607604,5.933549897,3.883887683,9.092569095,0.720894371,1.538437587,1.296366318,1.844210274,1.311788251,2.394902048,1.724005376,,ECAL_Bloom(Prather)_20251217.csv,,,,,,,,,,
,,,SD:,3.3%,412.3626052,50.22112503,3.163291171,12.10285007,4.23067347,463.8262076,0.020736475,0.031668624,0.08333906,3.290605844,0.003205271,0.023304096,0.032402478,0.221472382,0.00283203,0.172135592,0.009163166,0.030365228,0.304686053,82.94821629,23.91661738,0.033470095,0.118773514,1.684889789,0.9%,0.042021337,1.5%,2.0%,1.2%,0.001137268,2.0%,,ECAL_Bloom(Prather)_20251217.csv,,,,,,,,,,
,,,,,,,,,,,,,,,,,,,,,,,,,,,,,,,,,,,,,ECAL_Bloom(Prather)_20251217.csv,,,,,,,,,,
,,,,,,,,,,,,,,,,,,,,,,,,,,,,,,,,,,,,,ECAL_Bloom(Prather)_20251217.csv,,,,,,,,,,
,,,,,,,,,,,,,,,,,,,,,,,,,,,,,,,,,,,,,ECAL_Bloom(Prather)_20251217.csv,,,,,,,,,,
No,,Sample Type,Label,6Li (KED),23Na (KED) [ppb],24Mg (KED) [ppb],27Al (KED) [ppb],39K (KED) [ppb],44Ca (KED) [ppb],32S (KED) [ppb],51V (KED) [ppb],52Cr (KED) [ppb],55Mn (KED) [ppb],57Fe (KED) [ppb],59Co (KED) [ppb],60Ni (KED) [ppb],63Cu (KED) [ppb],66Zn (KED) [ppb],71Ga (KED) [ppb],72Ge (KED) [ppb],75As (KED) [ppb],77Se (KED) [ppb],88Sr (KED) [ppb],95Mo (KED) [ppb],105Pd (KED) [ppb],107Ag (KED) [ppb],111Cd (KED) [ppb],182W (KED) [ppb],45Sc (KED),208Pb (KED) [ppb],89Y (KED),113In (KED),209Bi (KED),238U (KED) [ppb],159Tb (KED),,ECAL_Bloom(Prather)_20251217.csv,,,,,,,,,,
44,,UNKNOWN,IBA_05272025,125.2%,4984.726799,686.3571537,242.1096253,303.3078077,146.6102981,3508.047689,0.947498641,2.086523483,6.768572926,309.0398145,0.154877277,6.667767427,3.543750849,21.2703669,0.100041747,1.333398797,0.32865267,0.223034303,5.794901716,-3884.714177,-115.5783317,0.425601584,1.204482518,15.29089545,120.8%,1.680530938,113.4%,111.4%,99.9%,0.04182354,113.8%,,ECAL_Bloom(Prather)_20251217.csv,,,,,,,,,,
,,,,,,,,,,,,,,,,,,,,,,,,,,,,,,,,,,,,,ECAL_Bloom(Prather)_20251217.csv,,,,,,,,,,
44,,,1,122.5%,5003.093203,698.010727,246.0510181,309.7032761,144.87485,3763.448163,0.945130814,2.088153456,6.645536523,306.0726337,0.14897397,6.498177485,3.494838587,20.77677422,0.085101796,1.393290929,0.325273257,0.214659099,5.865901913,-3778.155011,-155.6596065,0.430750347,1.307799703,11.44662355,119.7%,1.688140414,113.3%,108.0%,99.2%,0.042178191,113.5%,,ECAL_Bloom(Prather)_20251217.csv,,,,,,,,,,
,,,,,,,,,,,,,,,,,,,,,,,,,,,,,,,,,,,,,ECAL_Bloom(Prather)_20251217.csv,,,,,,,,,,
,,,,,,,,,,,,,,,,,,,,,,,,,,,,,,,,,,,,,ECAL_Bloom(Prather)_20251217.csv,,,,,,,,,,
,,,,,,,,,,,,,,,,,,,,,,,,,,,,,,,,,,,,,ECAL_Bloom(Prather)_20251217.csv,,,,,,,,,,
44,,,2,124.4%,4977.702473,672.1521741,240.5346353,301.4509422,147.2260151,4830.91479,0.949555132,2.094818379,6.770815578,311.0043361,0.153948368,6.707421463,3.573315975,21.52704756,0.100776595,1.447871608,0.343178296,0.262848626,5.854509232,-3864.229504,-118.1840332,0.37584582,1.138477194,14.8282932,120.6%,1.713266062,112.8%,112.1%,99.6%,0.042516917,112.7%,,ECAL_Bloom(Prather)_20251217.csv,,,,,,,,,,
,,,,,,,,,,,,,,,,,,,,,,,,,,,,,,,,,,,,,ECAL_Bloom(Prather)_20251217.csv,,,,,,,,,,
,,,,,,,,,,,,,,,,,,,,,,,,,,,,,,,,,,,,,ECAL_Bloom(Prather)_20251217.csv,,,,,,,,,,
,,,,,,,,,,,,,,,,,,,,,,,,,,,,,,,,,,,,,ECAL_Bloom(Prather)_20251217.csv,,,,,,,,,,
44,,,3,125.3%,5040.327399,681.7555324,236.469715,300.7004807,144.9110778,3148.332132,0.926835913,2.071234194,6.824990397,301.432868,0.153566167,6.658909332,3.45870006,21.24519269,0.100052451,1.383378224,0.342618902,0.22489859,5.834653257,-3815.576245,-119.581449,0.476025557,1.246841121,16.41610574,122.1%,1.652675924,113.1%,110.7%,100.3%,0.040934737,113.0%,,ECAL_Bloom(Prather)_20251217.csv,,,,,,,,,,
,,,,,,,,,,,,,,,,,,,,,,,,,,,,,,,,,,,,,ECAL_Bloom(Prather)_20251217.csv,,,,,,,,,,
,,,,,,,,,,,,,,,,,,,,,,,,,,,,,,,,,,,,,ECAL_Bloom(Prather)_20251217.csv,,,,,,,,,,
,,,,,,,,,,,,,,,,,,,,,,,,,,,,,,,,,,,,,ECAL_Bloom(Prather)_20251217.csv,,,,,,,,,,
44,,,4,125.2%,5012.646259,693.7590712,241.025365,300.6402492,147.2612418,2859.720041,0.960010288,2.054951175,6.690794093,312.7411396,0.157718571,6.755051096,3.550709886,20.9074509,0.10165105,1.115399281,0.296128013,0.193630715,5.515884732,-3930.788345,-110.7724508,0.417632266,1.114181195,16.2667224,121.1%,1.650524262,116.1%,112.1%,100.7%,0.0415151,116.9%,,ECAL_Bloom(Prather)_20251217.csv,,,,,,,,,,
,,,,,,,,,,,,,,,,,,,,,,,,,,,,,,,,,,,,,ECAL_Bloom(Prather)_20251217.csv,,,,,,,,,,
,,,,,,,,,,,,,,,,,,,,,,,,,,,,,,,,,,,,,ECAL_Bloom(Prather)_20251217.csv,,,,,,,,,,
,,,,,,,,,,,,,,,,,,,,,,,,,,,,,,,,,,,,,ECAL_Bloom(Prather)_20251217.csv,,,,,,,,,,
44,,,5,128.8%,4889.864662,686.1082635,246.4673933,304.0440903,148.7783059,2937.823321,0.955961059,2.12346021,6.910728039,313.948095,0.160179308,6.71927776,3.641189735,21.89536911,0.112626845,1.327053943,0.336064883,0.219134484,5.903559446,-4034.82178,-73.69411927,0.427753933,1.215113374,17.49673236,120.6%,1.698048029,111.8%,114.0%,99.9%,0.041972757,112.9%,,ECAL_Bloom(Prather)_20251217.csv,,,,,,,,,,
,,,,,,,,,,,,,,,,,,,,,,,,,,,,,,,,,,,,,ECAL_Bloom(Prather)_20251217.csv,,,,,,,,,,
,,,,,,,,,,,,,,,,,,,,,,,,,,,,,,,,,,,,,ECAL_Bloom(Prather)_20251217.csv,,,,,,,,,,
,,,,,,,,,,,,,,,,,,,,,,,,,,,,,,,,,,,,,ECAL_Bloom(Prather)_20251217.csv,,,,,,,,,,
,,,Mean:,125.2%,4984.726799,686.3571537,242.1096253,303.3078077,146.6102981,3508.047689,0.947498641,2.086523483,6.768572926,309.0398145,0.154877277,6.667767427,3.543750849,21.2703669,0.100041747,1.333398797,0.32865267,0.223034303,5.794901716,-3884.714177,-115.5783317,0.425601584,1.204482518,15.29089545,120.8%,1.680530938,113.4%,111.4%,99.9%,0.04182354,113.8%,,ECAL_Bloom(Prather)_20251217.csv,,,,,,,,,,
,,,RSD [%]:,1.817564534,1.154892799,1.481551143,1.727724368,1.264147079,1.151596369,23.37693923,1.360761354,1.237387905,1.559768574,1.683876471,2.769916391,1.512509932,1.997501827,2.144786531,9.803007025,9.688255931,5.951357419,11.29519472,2.726196657,2.612825528,25.24997611,8.400380369,6.575723405,15.36391874,0.750510801,1.659923869,1.436592849,1.978267423,0.57879652,1.470960359,1.553629636,,ECAL_Bloom(Prather)_20251217.csv,,,,,,,,,,
,,,SD:,2.3%,57.56825086,10.16873226,4.182986993,3.834256793,1.688358869,820.0741766,0.012893195,0.025818389,0.105574073,5.203848721,0.004289971,0.100850645,0.070786488,0.456203964,0.0098071,0.129183088,0.019559295,0.025192159,0.157980417,101.5008037,29.18350115,0.035752152,0.079203439,2.349280751,0.9%,0.027895534,1.6%,2.2%,0.6%,0.000615208,1.8%,,ECAL_Bloom(Prather)_20251217.csv,,,,,,,,,,
,,,,,,,,,,,,,,,,,,,,,,,,,,,,,,,,,,,,,ECAL_Bloom(Prather)_20251217.csv,,,,,,,,,,
,,,,,,,,,,,,,,,,,,,,,,,,,,,,,,,,,,,,,ECAL_Bloom(Prather)_20251217.csv,,,,,,,,,,
,,,,,,,,,,,,,,,,,,,,,,,,,,,,,,,,,,,,,ECAL_Bloom(Prather)_20251217.csv,,,,,,,,,,
No,,Sample Type,Label,6Li (KED),23Na (KED) [ppb],24Mg (KED) [ppb],27Al (KED) [ppb],39K (KED) [ppb],44Ca (KED) [ppb],32S (KED) [ppb],51V (KED) [ppb],52Cr (KED) [ppb],55Mn (KED) [ppb],57Fe (KED) [ppb],59Co (KED) [ppb],60Ni (KED) [ppb],63Cu (KED) [ppb],66Zn (KED) [ppb],71Ga (KED) [ppb],72Ge (KED) [ppb],75As (KED) [ppb],77Se (KED) [ppb],88Sr (KED) [ppb],95Mo (KED) [ppb],105Pd (KED) [ppb],107Ag (KED) [ppb],111Cd (KED) [ppb],182W (KED) [ppb],45Sc (KED),208Pb (KED) [ppb],89Y (KED),113In (KED),209Bi (KED),238U (KED) [ppb],159Tb (KED),,ECAL_Bloom(Prather)_20251217.csv,,,,,,,,,,
45,,UNKNOWN,FB_05252025,123.3%,53.45416934,20.40611378,19.38626665,12.31406687,26.85236671,2307.536326,0.011939359,1.775042145,0.21883023,16.77056367,0.034636788,0.59230239,1.074880547,7.919324087,0.003343072,0.533757887,0.008835285,0.000857518,0.280575221,-3451.683197,-143.9992637,0.176182855,0.196671755,9.137940545,121.2%,0.36236844,113.9%,112.6%,101.2%,0.012906225,117.5%,,ECAL_Bloom(Prather)_20251217.csv,,,,,,,,,,
,,,,,,,,,,,,,,,,,,,,,,,,,,,,,,,,,,,,,ECAL_Bloom(Prather)_20251217.csv,,,,,,,,,,
45,,,1,120.2%,53.29437488,20.41343401,19.67433867,12.61725772,26.98688048,2794.799307,0.010410555,1.729786778,0.222056009,15.78295327,0.033965775,0.594759073,1.039190437,7.810004087,0.004482076,0.461116022,0.00761793,-0.001940157,0.278445934,-3302.130859,-150.7085333,0.15305915,0.19678321,4.86821078,119.9%,0.359109097,113.5%,110.6%,101.2%,0.013010951,117.4%,,ECAL_Bloom(Prather)_20251217.csv,,,,,,,,,,
,,,,,,,,,,,,,,,,,,,,,,,,,,,,,,,,,,,,,ECAL_Bloom(Prather)_20251217.csv,,,,,,,,,,
,,,,,,,,,,,,,,,,,,,,,,,,,,,,,,,,,,,,,ECAL_Bloom(Prather)_20251217.csv,,,,,,,,,,
,,,,,,,,,,,,,,,,,,,,,,,,,,,,,,,,,,,,,ECAL_Bloom(Prather)_20251217.csv,,,,,,,,,,
45,,,2,121.7%,54.03420176,20.80346991,19.86191969,12.96185614,27.54126743,2576.976703,0.012249512,1.769548321,0.205955414,17.12765802,0.034129015,0.588846781,1.070116538,8.239082786,0.004049185,0.620607174,0.009106581,0.0063931,0.271266951,-3308.453335,-151.4988979,0.184017335,0.238374128,9.664876006,118.6%,0.363399124,115.7%,110.9%,101.3%,0.013188918,117.6%,,ECAL_Bloom(Prather)_20251217.csv,,,,,,,,,,
,,,,,,,,,,,,,,,,,,,,,,,,,,,,,,,,,,,,,ECAL_Bloom(Prather)_20251217.csv,,,,,,,,,,
,,,,,,,,,,,,,,,,,,,,,,,,,,,,,,,,,,,,,ECAL_Bloom(Prather)_20251217.csv,,,,,,,,,,
,,,,,,,,,,,,,,,,,,,,,,,,,,,,,,,,,,,,,ECAL_Bloom(Prather)_20251217.csv,,,,,,,,,,
45,,,3,125.3%,52.25143612,20.34851788,19.46503311,12.01572984,27.15439968,2154.696643,0.01217469,1.840193718,0.215665515,17.0005008,0.03526945,0.611339736,1.102436836,7.931886314,0.00206165,0.51467311,0.009255905,0.000868052,0.284836313,-3617.120562,-180.8121935,0.18718942,0.231014576,12.07882078,121.7%,0.377175133,112.8%,115.0%,99.2%,0.012850278,116.2%,,ECAL_Bloom(Prather)_20251217.csv,,,,,,,,,,
,,,,,,,,,,,,,,,,,,,,,,,,,,,,,,,,,,,,,ECAL_Bloom(Prather)_20251217.csv,,,,,,,,,,
,,,,,,,,,,,,,,,,,,,,,,,,,,,,,,,,,,,,,ECAL_Bloom(Prather)_20251217.csv,,,,,,,,,,
,,,,,,,,,,,,,,,,,,,,,,,,,,,,,,,,,,,,,ECAL_Bloom(Prather)_20251217.csv,,,,,,,,,,
45,,,4,124.1%,54.71138583,20.37786899,18.91158049,11.94515941,25.76095338,2067.351895,0.012572685,1.784614227,0.237802325,17.11429035,0.035168198,0.582304043,1.086247588,7.924757551,0.004524652,0.465437916,0.00808905,0.000906753,0.288130917,-3578.510046,-123.2624648,0.166455936,0.149706325,9.006080571,121.9%,0.370776075,110.6%,114.3%,100.6%,0.012146303,116.5%,,ECAL_Bloom(Prather)_20251217.csv,,,,,,,,,,
,,,,,,,,,,,,,,,,,,,,,,,,,,,,,,,,,,,,,ECAL_Bloom(Prather)_20251217.csv,,,,,,,,,,
,,,,,,,,,,,,,,,,,,,,,,,,,,,,,,,,,,,,,ECAL_Bloom(Prather)_20251217.csv,,,,,,,,,,
,,,,,,,,,,,,,,,,,,,,,,,,,,,,,,,,,,,,,ECAL_Bloom(Prather)_20251217.csv,,,,,,,,,,
45,,,5,125.1%,52.97944812,20.08727808,19.01846128,12.03033125,26.81833259,1943.85708,0.01228935,1.751067683,0.212671886,16.82741591,0.034651501,0.584262319,1.076411337,7.690889695,0.001597799,0.606955216,0.010106957,-0.001940157,0.280195987,-3452.201184,-113.7142292,0.190192432,0.167480533,10.07171459,123.7%,0.341382769,116.7%,112.1%,103.5%,0.013334674,119.9%,,ECAL_Bloom(Prather)_20251217.csv,,,,,,,,,,
,,,,,,,,,,,,,,,,,,,,,,,,,,,,,,,,,,,,,ECAL_Bloom(Prather)_20251217.csv,,,,,,,,,,
,,,,,,,,,,,,,,,,,,,,,,,,,,,,,,,,,,,,,ECAL_Bloom(Prather)_20251217.csv,,,,,,,,,,
,,,,,,,,,,,,,,,,,,,,,,,,,,,,,,,,,,,,,ECAL_Bloom(Prather)_20251217.csv,,,,,,,,,,
,,,Mean:,123.3%,53.45416934,20.40611378,19.38626665,12.31406687,26.85236671,2307.536326,0.011939359,1.775042145,0.21883023,16.77056367,0.034636788,0.59230239,1.074880547,7.919324087,0.003343072,0.533757887,0.008835285,0.000857518,0.280575221,-3451.683197,-143.9992637,0.176182855,0.196671755,9.137940545,121.2%,0.36236844,113.9%,112.6%,101.2%,0.012906225,117.5%,,ECAL_Bloom(Prather)_20251217.csv,,,,,,,,,,
,,,RSD [%]:,1.832383947,1.778328913,1.258283642,2.120620942,3.670471384,2.481639426,15.67512891,7.268523187,2.35494061,5.521877713,3.369317467,1.702514147,1.970731531,2.175565112,2.576767213,41.98454518,14.27108684,11.18517859,396.7467136,2.299933085,4.256316045,18.38533444,9.010739438,19.65387355,28.97742947,1.626596656,3.758587482,2.116831144,1.745550922,1.542794693,3.582364096,1.240474433,,ECAL_Bloom(Prather)_20251217.csv,,,,,,,,,,
,,,SD:,2.3%,0.950590949,0.256766792,0.41110923,0.451984301,0.666378919,361.7092937,0.000867815,0.041801188,0.012083538,0.565053531,0.000589696,0.01167269,0.023384726,0.204062547,0.001403574,0.076173052,0.000988242,0.003402175,0.006453042,146.9145458,26.47474623,0.015875378,0.038653618,2.647940276,2.0%,0.013619935,2.4%,2.0%,1.6%,0.000462348,1.5%,,ECAL_Bloom(Prather)_20251217.csv,,,,,,,,,,
,,,,,,,,,,,,,,,,,,,,,,,,,,,,,,,,,,,,,ECAL_Bloom(Prather)_20251217.csv,,,,,,,,,,
,,,,,,,,,,,,,,,,,,,,,,,,,,,,,,,,,,,,,ECAL_Bloom(Prather)_20251217.csv,,,,,,,,,,
,,,,,,,,,,,,,,,,,,,,,,,,,,,,,,,,,,,,,ECAL_Bloom(Prather)_20251217.csv,,,,,,,,,,
No,,Sample Type,Label,6Li (KED),23Na (KED) [ppb],24Mg (KED) [ppb],27Al (KED) [ppb],39K (KED) [ppb],44Ca (KED) [ppb],32S (KED) [ppb],51V (KED) [ppb],52Cr (KED) [ppb],55Mn (KED) [ppb],57Fe (KED) [ppb],59Co (KED) [ppb],60Ni (KED) [ppb],63Cu (KED) [ppb],66Zn (KED) [ppb],71Ga (KED) [ppb],72Ge (KED) [ppb],75As (KED) [ppb],77Se (KED) [ppb],88Sr (KED) [ppb],95Mo (KED) [ppb],105Pd (KED) [ppb],107Ag (KED) [ppb],111Cd (KED) [ppb],182W (KED) [ppb],45Sc (KED),208Pb (KED) [ppb],89Y (KED),113In (KED),209Bi (KED),238U (KED) [ppb],159Tb (KED),,ECAL_Bloom(Prather)_20251217.csv,,,,,,,,,,
46,,UNKNOWN,MB_12162025,129.0%,147.9830565,31.63996897,30.9118987,135.8406103,38.96443783,1700.835229,0.017346928,2.940919674,0.39879033,38.87263222,0.021167652,0.847757923,1.183188891,14.15195029,0.007387031,0.234548879,0.005602579,0.003433995,0.644067633,-10383.99133,-126.5677132,0.190103148,0.156648669,7.021247471,126.5%,0.322905399,118.2%,116.9%,105.5%,0.016935916,119.6%,,ECAL_Bloom(Prather)_20251217.csv,,,,,,,,,,
,,,,,,,,,,,,,,,,,,,,,,,,,,,,,,,,,,,,,ECAL_Bloom(Prather)_20251217.csv,,,,,,,,,,
46,,,1,128.9%,146.8820575,30.65432008,31.57478273,136.3038877,39.59166775,2230.547101,0.016250148,2.959351495,0.395350701,39.29061076,0.020528174,0.858174944,1.169553327,14.40860899,0.005867011,0.216559549,0.00392025,0.003500864,0.660086723,-10569.47136,-152.2523924,0.176218705,0.144872551,4.810434179,125.0%,0.331432771,116.7%,113.4%,104.3%,0.016897542,117.0%,,ECAL_Bloom(Prather)_20251217.csv,,,,,,,,,,
,,,,,,,,,,,,,,,,,,,,,,,,,,,,,,,,,,,,,ECAL_Bloom(Prather)_20251217.csv,,,,,,,,,,
,,,,,,,,,,,,,,,,,,,,,,,,,,,,,,,,,,,,,ECAL_Bloom(Prather)_20251217.csv,,,,,,,,,,
,,,,,,,,,,,,,,,,,,,,,,,,,,,,,,,,,,,,,ECAL_Bloom(Prather)_20251217.csv,,,,,,,,,,
46,,,2,129.6%,145.4368129,31.2318141,30.39888775,133.9176539,38.34303514,1758.516662,0.01686659,2.898430317,0.398025143,38.69571234,0.020373158,0.861892755,1.168941127,13.82556701,0.007277701,0.264547214,0.00477109,0.006097195,0.631191921,-10242.36575,-105.7041229,0.193340631,0.166112086,6.285685398,128.6%,0.3265573,117.9%,116.8%,105.0%,0.01681143,120.0%,,ECAL_Bloom(Prather)_20251217.csv,,,,,,,,,,
,,,,,,,,,,,,,,,,,,,,,,,,,,,,,,,,,,,,,ECAL_Bloom(Prather)_20251217.csv,,,,,,,,,,
,,,,,,,,,,,,,,,,,,,,,,,,,,,,,,,,,,,,,ECAL_Bloom(Prather)_20251217.csv,,,,,,,,,,
,,,,,,,,,,,,,,,,,,,,,,,,,,,,,,,,,,,,,ECAL_Bloom(Prather)_20251217.csv,,,,,,,,,,
46,,,3,129.1%,148.7784333,32.46888335,30.81036067,136.6598298,38.0271187,1636.547831,0.017326128,2.95366353,0.408111511,39.93263249,0.021092713,0.818446172,1.1999464,14.16019156,0.010309376,0.194599471,0.007820609,0.003377594,0.618032928,-10257.13314,-105.8326894,0.192078241,0.145466092,8.628497475,126.1%,0.310021063,120.1%,116.9%,107.4%,0.016806665,122.0%,,ECAL_Bloom(Prather)_20251217.csv,,,,,,,,,,
,,,,,,,,,,,,,,,,,,,,,,,,,,,,,,,,,,,,,ECAL_Bloom(Prather)_20251217.csv,,,,,,,,,,
,,,,,,,,,,,,,,,,,,,,,,,,,,,,,,,,,,,,,ECAL_Bloom(Prather)_20251217.csv,,,,,,,,,,
,,,,,,,,,,,,,,,,,,,,,,,,,,,,,,,,,,,,,ECAL_Bloom(Prather)_20251217.csv,,,,,,,,,,
46,,,4,130.5%,146.7782422,31.4049182,30.91543895,134.1336677,39.48331065,1392.285639,0.017176715,2.955118926,0.385232613,37.98013098,0.022636092,0.844630912,1.177048424,13.98515863,0.009209652,0.299790695,0.005835481,0.000740761,0.649300933,-10665.32851,-133.5952424,0.198897883,0.154545785,8.902899714,127.6%,0.320286169,118.2%,117.9%,105.2%,0.017387024,117.5%,,ECAL_Bloom(Prather)_20251217.csv,,,,,,,,,,
,,,,,,,,,,,,,,,,,,,,,,,,,,,,,,,,,,,,,ECAL_Bloom(Prather)_20251217.csv,,,,,,,,,,
,,,,,,,,,,,,,,,,,,,,,,,,,,,,,,,,,,,,,ECAL_Bloom(Prather)_20251217.csv,,,,,,,,,,
,,,,,,,,,,,,,,,,,,,,,,,,,,,,,,,,,,,,,ECAL_Bloom(Prather)_20251217.csv,,,,,,,,,,
46,,,5,127.0%,152.0397363,32.43990911,30.86002339,138.1880124,39.37705693,1486.278911,0.01911506,2.938034104,0.407231684,38.46407454,0.021208122,0.855644833,1.200455175,14.38022525,0.004271415,0.197247467,0.005665465,0.003453563,0.661725659,-10185.65788,-135.4541187,0.189980279,0.17224683,6.478720588,125.5%,0.326229691,118.0%,119.6%,105.7%,0.016776918,121.5%,,ECAL_Bloom(Prather)_20251217.csv,,,,,,,,,,
,,,,,,,,,,,,,,,,,,,,,,,,,,,,,,,,,,,,,ECAL_Bloom(Prather)_20251217.csv,,,,,,,,,,
,,,,,,,,,,,,,,,,,,,,,,,,,,,,,,,,,,,,,ECAL_Bloom(Prather)_20251217.csv,,,,,,,,,,
,,,,,,,,,,,,,,,,,,,,,,,,,,,,,,,,,,,,,ECAL_Bloom(Prather)_20251217.csv,,,,,,,,,,
,,,Mean:,129.0%,147.9830565,31.63996897,30.9118987,135.8406103,38.96443783,1700.835229,0.017346928,2.940919674,0.39879033,38.87263222,0.021167652,0.847757923,1.183188891,14.15195029,0.007387031,0.234548879,0.005602579,0.003433995,0.644067633,-10383.99133,-126.5677132,0.190103148,0.156648669,7.021247471,126.5%,0.322905399,118.2%,116.9%,105.5%,0.016935916,119.6%,,ECAL_Bloom(Prather)_20251217.csv,,,,,,,,,,
,,,RSD [%]:,0.974393416,1.730653796,2.508788572,1.368302839,1.327506294,1.858505696,19.26123514,6.174800887,0.853032205,2.360224545,1.947763137,4.227900826,2.076422986,1.340054261,1.774988044,33.08430305,19.61601062,26.0182298,55.16447641,2.945292519,2.093548453,16.06280147,4.43648492,7.824983324,24.51088566,1.191835108,2.544206375,1.026822781,1.927336789,1.085771357,1.512473974,1.892602023,,ECAL_Bloom(Prather)_20251217.csv,,,,,,,,,,
,,,SD:,1.3%,2.561074383,0.793779926,0.422968387,1.803292651,0.724156296,327.6018727,0.001071138,0.025086992,0.009412347,0.757146801,0.000894947,0.01760304,0.015855373,0.251195426,0.002443948,0.046009133,0.001457692,0.001894346,0.018969676,217.3938898,20.33032049,0.008433897,0.012257732,1.72096994,1.5%,0.00821538,1.2%,2.3%,1.1%,0.000256151,2.3%,,ECAL_Bloom(Prather)_20251217.csv,,,,,,,,,,
,,,,,,,,,,,,,,,,,,,,,,,,,,,,,,,,,,,,,ECAL_Bloom(Prather)_20251217.csv,,,,,,,,,,
,,,,,,,,,,,,,,,,,,,,,,,,,,,,,,,,,,,,,ECAL_Bloom(Prather)_20251217.csv,,,,,,,,,,
,,,,,,,,,,,,,,,,,,,,,,,,,,,,,,,,,,,,,ECAL_Bloom(Prather)_20251217.csv,,,,,,,,,,
No,,Sample Type,Label,6Li (KED),23Na (KED) [ppb],24Mg (KED) [ppb],27Al (KED) [ppb],39K (KED) [ppb],44Ca (KED) [ppb],32S (KED) [ppb],51V (KED) [ppb],52Cr (KED) [ppb],55Mn (KED) [ppb],57Fe (KED) [ppb],59Co (KED) [ppb],60Ni (KED) [ppb],63Cu (KED) [ppb],66Zn (KED) [ppb],71Ga (KED) [ppb],72Ge (KED) [ppb],75As (KED) [ppb],77Se (KED) [ppb],88Sr (KED) [ppb],95Mo (KED) [ppb],105Pd (KED) [ppb],107Ag (KED) [ppb],111Cd (KED) [ppb],182W (KED) [ppb],45Sc (KED),208Pb (KED) [ppb],89Y (KED),113In (KED),209Bi (KED),238U (KED) [ppb],159Tb (KED),,ECAL_Bloom(Prather)_20251217.csv,,,,,,,,,,
47,,UNKNOWN,CCV,126.1%,72.85870309,49.93100628,47.26764817,53.80638368,53.96508997,1258.232609,42.90422862,43.15000519,43.88762279,43.57290589,42.08517915,43.82806618,44.2777462,50.21158632,46.20548788,45.60230265,44.78086833,45.14313822,49.45553081,336.9913665,230.2654886,252.3120835,278.4410667,43.58276469,121.8%,43.42459154,113.1%,317.8%,113.4%,42.76257649,113.4%,,ECAL_Bloom(Prather)_20251217.csv,,,,,,,,,,
,,,,,,,,,,,,,,,,,,,,,,,,,,,,,,,,,,,,,ECAL_Bloom(Prather)_20251217.csv,,,,,,,,,,
47,,,1,126.4%,71.23403351,49.81855463,48.52645642,53.61648229,53.43480535,1594.451826,42.6985598,43.51777394,44.81630822,44.17060782,42.47928035,44.94277077,44.61355331,50.15080257,46.38130178,47.34919116,45.17853679,45.21953884,49.92599047,380.9256937,245.077536,250.7687849,270.992941,39.94144667,120.8%,44.05956156,112.8%,318.8%,111.8%,42.61501948,111.3%,,ECAL_Bloom(Prather)_20251217.csv,,,,,,,,,,
,,,,,,,,,,,,,,,,,,,,,,,,,,,,,,,,,,,,,ECAL_Bloom(Prather)_20251217.csv,,,,,,,,,,
,,,,,,,,,,,,,,,,,,,,,,,,,,,,,,,,,,,,,ECAL_Bloom(Prather)_20251217.csv,,,,,,,,,,
,,,,,,,,,,,,,,,,,,,,,,,,,,,,,,,,,,,,,ECAL_Bloom(Prather)_20251217.csv,,,,,,,,,,
47,,,2,127.9%,68.53647279,49.13014593,46.36788926,53.44409712,54.01716875,1302.132751,43.72495757,42.99465626,43.35642072,43.70814822,41.8615871,43.75861593,44.55092621,50.03644712,45.63475599,45.74135567,44.64971462,44.79595478,48.2302056,338.5959563,229.8680654,256.1019669,284.7033266,43.36049471,122.8%,42.60690237,113.8%,316.3%,114.0%,43.82239627,114.8%,,ECAL_Bloom(Prather)_20251217.csv,,,,,,,,,,
,,,,,,,,,,,,,,,,,,,,,,,,,,,,,,,,,,,,,ECAL_Bloom(Prather)_20251217.csv,,,,,,,,,,
,,,,,,,,,,,,,,,,,,,,,,,,,,,,,,,,,,,,,ECAL_Bloom(Prather)_20251217.csv,,,,,,,,,,
,,,,,,,,,,,,,,,,,,,,,,,,,,,,,,,,,,,,,ECAL_Bloom(Prather)_20251217.csv,,,,,,,,,,
47,,,3,128.8%,67.69152578,48.35679747,46.99356485,53.24626203,52.98641452,1070.06645,42.85882363,43.83529027,43.14104565,43.10881125,42.79028763,43.29243731,44.67876271,51.46085413,45.89936383,44.76051878,45.22396636,45.86462535,49.97312691,308.1777916,227.4760439,242.3071644,286.5675444,49.30034999,121.6%,44.40025753,112.8%,318.9%,112.3%,43.57714702,112.1%,,ECAL_Bloom(Prather)_20251217.csv,,,,,,,,,,
,,,,,,,,,,,,,,,,,,,,,,,,,,,,,,,,,,,,,ECAL_Bloom(Prather)_20251217.csv,,,,,,,,,,
,,,,,,,,,,,,,,,,,,,,,,,,,,,,,,,,,,,,,ECAL_Bloom(Prather)_20251217.csv,,,,,,,,,,
,,,,,,,,,,,,,,,,,,,,,,,,,,,,,,,,,,,,,ECAL_Bloom(Prather)_20251217.csv,,,,,,,,,,
47,,,4,123.0%,75.66992772,49.76912307,46.84279266,53.2161052,54.4375426,1166.897114,42.13549342,42.82073329,44.36059844,43.33397541,41.75027511,43.35699989,43.39663762,50.28950557,46.63914225,44.46482357,44.19450601,44.64503323,49.92201002,343.3621963,225.1267601,247.4853358,267.4865385,42.77403028,123.1%,44.42397301,112.3%,324.3%,114.0%,41.26142494,113.6%,,ECAL_Bloom(Prather)_20251217.csv,,,,,,,,,,
,,,,,,,,,,,,,,,,,,,,,,,,,,,,,,,,,,,,,ECAL_Bloom(Prather)_20251217.csv,,,,,,,,,,
,,,,,,,,,,,,,,,,,,,,,,,,,,,,,,,,,,,,,ECAL_Bloom(Prather)_20251217.csv,,,,,,,,,,
,,,,,,,,,,,,,,,,,,,,,,,,,,,,,,,,,,,,,ECAL_Bloom(Prather)_20251217.csv,,,,,,,,,,
47,,,5,124.4%,81.16155567,52.58041029,47.60753767,55.50897176,54.94951865,1157.614905,43.10330869,42.58157219,43.76374092,43.54298674,41.54446556,43.78950699,44.14885115,49.12032219,46.47287553,45.69562405,44.65761785,45.19053892,49.22632106,313.8951947,223.7790374,264.8971656,282.4549828,42.53750179,120.5%,41.63226325,114.1%,310.5%,115.1%,42.53689471,115.5%,,ECAL_Bloom(Prather)_20251217.csv,,,,,,,,,,
,,,,,,,,,,,,,,,,,,,,,,,,,,,,,,,,,,,,,ECAL_Bloom(Prather)_20251217.csv,,,,,,,,,,
,,,,,,,,,,,,,,,,,,,,,,,,,,,,,,,,,,,,,ECAL_Bloom(Prather)_20251217.csv,,,,,,,,,,
,,,,,,,,,,,,,,,,,,,,,,,,,,,,,,,,,,,,,ECAL_Bloom(Prather)_20251217.csv,,,,,,,,,,
,,,Mean:,126.1%,72.85870309,49.93100628,47.26764817,53.80638368,53.96508997,1258.232609,42.90422862,43.15000519,43.88762279,43.57290589,42.08517915,43.82806618,44.2777462,50.21158632,46.20548788,45.60230265,44.78086833,45.14313822,49.45553081,336.9913665,230.2654886,252.3120835,278.4410667,43.58276469,121.8%,43.42459154,113.1%,317.8%,113.4%,42.76257649,113.4%,,ECAL_Bloom(Prather)_20251217.csv,,,,,,,,,,
,,,RSD [%]:,1.90569859,7.668359777,3.194659609,1.75904991,1.794282266,1.445506818,16.32867079,1.353326114,1.193307698,1.587258613,0.924366062,1.250024046,1.512472119,1.206314307,1.663877028,0.911754627,2.471757217,0.954429218,1.049156879,1.520149126,8.571011958,3.734669569,3.423910771,3.093857871,7.927272056,0.936352239,2.875080945,0.658798255,1.581243547,1.216262112,2.371266958,1.563146995,,ECAL_Bloom(Prather)_20251217.csv,,,,,,,,,,
,,,SD:,2.4%,5.587067482,1.59512569,0.831461523,0.965438401,0.780069055,205.4526606,0.58063413,0.514912334,0.696610073,0.402773154,0.526074859,0.662887281,0.534128787,0.83545905,0.421280673,1.127178207,0.427401692,0.47362234,0.75179782,28.88357032,8.599655128,8.638940605,8.614570859,3.454924327,1.1%,1.248492157,0.7%,5.0%,1.4%,1.014014847,1.8%,,ECAL_Bloom(Prather)_20251217.csv,,,,,,,,,,
,,,,,,,,,,,,,,,,,,,,,,,,,,,,,,,,,,,,,ECAL_Bloom(Prather)_20251217.csv,,,,,,,,,,
,,,,,,,,,,,,,,,,,,,,,,,,,,,,,,,,,,,,,ECAL_Bloom(Prather)_20251217.csv,,,,,,,,,,
1,,UNKNOWN,01_Rinse,3.7%,-2.303420931,-2.94128422,-2.241806528,0.792879283,-0.144176049,41509.87029,-0.001061406,-0.021182895,-0.020339084,-1.409839394,-0.012625828,-0.140661393,-0.067715705,-3.619184141,-0.000225457,-3.38813E-19,-0.000222837,0.000674097,-0.022705468,-1609.476505,-121.7455249,-0.001548499,-0.000620145,-16.5808957,0.1%,0.000432748,0.0%,,0.0%,-0.000190162,,,ECAL_Bloom(Prather)_252403.csv,,-6.611525253,1191.277771,0.0%,-35515.01901,-0.392594539,,,,
,,,,,,,,,,,,,,,,,,,,,,,,,,,,,,,,,,,,,ECAL_Bloom(Prather)_252403.csv,,,,,,,,,,
1,,,1,0.0%,-2.180955864,-2.939164508,-2.214281372,0.399691256,-0.17654213,41022.00288,-0.001379828,-0.020767552,-0.019713271,-1.421368246,-0.010799006,-0.133030874,-0.068652162,-4.115722158,-0.000225457,0.007297769,-0.000891348,0,-0.022761118,-1631.498277,-133.5049869,-0.001719096,-0.000708737,-16.79588593,0.1%,0.002658979,0.0%,,0.0%,-0.000186281,,,ECAL_Bloom(Prather)_252403.csv,,-5.995198533,1193.105461,0.0%,-35579.82307,-0.625698426,,,,
,,,,,,,,,,,,,,,,,,,,,,,,,,,,,,,,,,,,,ECAL_Bloom(Prather)_252403.csv,,,,,,,,,,
,,,,,,,,,,,,,,,,,,,,,,,,,,,,,,,,,,,,,ECAL_Bloom(Prather)_252403.csv,,,,,,,,,,
,,,,,,,,,,,,,,,,,,,,,,,,,,,,,,,,,,,,,ECAL_Bloom(Prather)_252403.csv,,,,,,,,,,
1,,,2,9.3%,-2.38998196,-2.939164497,-2.214281311,0.899321992,-0.073559154,41218.01712,-0.000583773,-0.021522725,-0.021590712,-1.421368246,-0.01322706,-0.142224284,-0.069372517,-3.517480095,-0.000225457,-0.010946653,-0.000519953,0.003370484,-0.022761118,-1631.498093,-123.1289947,-0.00145664,-0.000708737,-16.98283313,0.1%,0.00047121,0.0%,,0.0%,-0.000186281,,,ECAL_Bloom(Prather)_252403.csv,,-5.43489418,1191.27777,0.0%,-38172.13622,-0.134952799,,,,
,,,,,,,,,,,,,,,,,,,,,,,,,,,,,,,,,,,,,ECAL_Bloom(Prather)_252403.csv,,,,,,,,,,
,,,,,,,,,,,,,,,,,,,,,,,,,,,,,,,,,,,,,ECAL_Bloom(Prather)_252403.csv,,,,,,,,,,
,,,,,,,,,,,,,,,,,,,,,,,,,,,,,,,,,,,,,ECAL_Bloom(Prather)_252403.csv,,,,,,,,,,
1,,,3,7.0%,-2.237516648,-2.944463825,-2.244864879,0.959056212,-0.205965859,39106.03864,-0.001379828,-0.022655483,-0.020339084,-1.396663564,-0.013920776,-0.141304947,-0.066311019,-3.333376263,-0.000225457,0.007297769,-0.001262743,0,-0.022204616,-1631.498882,-116.2116596,-0.001587868,-0.000708737,-16.48430493,0.2%,-0.000105781,0.0%,,0.0%,-0.000186281,,,ECAL_Bloom(Prather)_252403.csv,,-7.395943168,1192.496231,0.0%,-32663.47862,-0.073612525,,,,
,,,,,,,,,,,,,,,,,,,,,,,,,,,,,,,,,,,,,ECAL_Bloom(Prather)_252403.csv,,,,,,,,,,
,,,,,,,,,,,,,,,,,,,,,,,,,,,,,,,,,,,,,ECAL_Bloom(Prather)_252403.csv,,,,,,,,,,
,,,,,,,,,,,,,,,,,,,,,,,,,,,,,,,,,,,,,ECAL_Bloom(Prather)_252403.csv,,,,,,,,,,
1,,,4,2.3%,-2.31375016,-2.949763121,-2.260156663,0.910185736,-0.132406405,42126.09203,-0.001379828,-0.019634785,-0.02065199,-1.396663564,-0.012302102,-0.144062929,-0.06577075,-3.424430481,-0.000225457,0.007297769,0.002079813,0,-0.022761118,-1594.795348,-123.1289947,-0.00145664,-0.000708737,-16.20388519,0.2%,-0.000370231,0.0%,,0.0%,-0.000195983,,,ECAL_Bloom(Prather)_252403.csv,,-7.115795473,1190.668542,0.0%,-32987.52222,-0.380327146,,,,
,,,,,,,,,,,,,,,,,,,,,,,,,,,,,,,,,,,,,ECAL_Bloom(Prather)_252403.csv,,,,,,,,,,
,,,,,,,,,,,,,,,,,,,,,,,,,,,,,,,,,,,,,ECAL_Bloom(Prather)_252403.csv,,,,,,,,,,
,,,,,,,,,,,,,,,,,,,,,,,,,,,,,,,,,,,,,ECAL_Bloom(Prather)_252403.csv,,,,,,,,,,
1,,,5,0.0%,-2.394900024,-2.933865148,-2.275448417,0.796141217,-0.132406699,44077.20076,-0.000583774,-0.021333931,-0.019400364,-1.413133352,-0.012880198,-0.142683931,-0.068472075,-3.704911708,-0.000225457,-0.010946653,-0.000519953,0,-0.023039369,-1558.091924,-112.7529886,-0.001522253,-0.000265777,-16.43756932,0.1%,-0.000490437,0.0%,,0.0%,-0.000195983,,,ECAL_Bloom(Prather)_252403.csv,,-7.115794913,1188.840849,0.0%,-38172.13493,-0.748381796,,,,
,,,,,,,,,,,,,,,,,,,,,,,,,,,,,,,,,,,,,ECAL_Bloom(Prather)_252403.csv,,,,,,,,,,
,,,,,,,,,,,,,,,,,,,,,,,,,,,,,,,,,,,,,ECAL_Bloom(Prather)_252403.csv,,,,,,,,,,
,,,,,,,,,,,,,,,,,,,,,,,,,,,,,,,,,,,,,ECAL_Bloom(Prather)_252403.csv,,,,,,,,,,
,,,Mean:,3.7%,-2.303420931,-2.94128422,-2.241806528,0.792879283,-0.144176049,41509.87029,-0.001061406,-0.021182895,-0.020339084,-1.409839394,-0.012625828,-0.140661393,-0.067715705,-3.619184141,-0.000225457,-3.38813E-19,-0.000222837,0.000674097,-0.022705468,-1609.476505,-121.7455249,-0.001548499,-0.000620145,-16.5808957,0.1%,0.000432748,0.0%,,0.0%,-0.000190162,,,ECAL_Bloom(Prather)_252403.csv,,-6.611525253,1191.277771,0.0%,-35515.01901,-0.392594539,,,,
,,,RSD [%]:,113.5368969,4.078865468,0.205425852,1.220210119,28.71284969,34.90336367,4.355100623,41.07918497,5.212126796,4.213221217,0.88583389,9.325387558,3.11396464,2.329128942,8.559426316,0,2.949378e+018,593.9510299,223.6067977,1.342446022,2.03969192,6.540238573,7.090315409,31.94381912,1.858361278,59.26547641,300.0643427,223.6067977,,44.82112977,2.794496343,,,ECAL_Bloom(Prather)_252403.csv,,12.852349,0.140055114,149.0711985,7.534887092,75.25990416,,,,
,,,SD:,4.2%,0.093953441,0.006042158,0.02735475,0.227658237,0.050322291,1807.796619,0.000436017,0.001104079,0.000856931,0.012488835,0.001177407,0.004380146,0.001577186,0.3097814,0,0.009992881,0.001323543,0.001507326,0.000304809,32.82836223,7.962447779,0.000109793,0.000198098,0.308132945,0.1%,0.001298522,0.0%,,0.0%,5.31407E-06,,,ECAL_Bloom(Prather)_252403.csv,,0.8497363,1.668445444,0.0%,2676.016583,0.295466273,,,,
,,,,,,,,,,,,,,,,,,,,,,,,,,,,,,,,,,,,,ECAL_Bloom(Prather)_252403.csv,,,,,,,,,,
,,,,,,,,,,,,,,,,,,,,,,,,,,,,,,,,,,,,,ECAL_Bloom(Prather)_252403.csv,,,,,,,,,,
,,,,,,,,,,,,,,,,,,,,,,,,,,,,,,,,,,,,,ECAL_Bloom(Prather)_252403.csv,,,,,,,,,,
No,,Sample Type,Label,6Li (KED),23Na (KED) [ppb],24Mg (KED) [ppb],27Al (KED) [ppb],39K (KED) [ppb],44Ca (KED) [ppb],32S (KED) [ppb],51V (KED) [ppb],52Cr (KED) [ppb],55Mn (KED) [ppb],57Fe (KED) [ppb],59Co (KED) [ppb],60Ni (KED) [ppb],63Cu (KED) [ppb],66Zn (KED) [ppb],71Ga (KED) [ppb],72Ge (KED) [ppb],75As (KED) [ppb],77Se (KED) [ppb],88Sr (KED) [ppb],95Mo (KED) [ppb],105Pd (KED) [ppb],107Ag (KED) [ppb],111Cd (KED) [ppb],182W (KED) [ppb],45Sc (KED),208Pb (KED) [ppb],89Y (KED),,209Bi (KED),238U (KED) [ppb],,,ECAL_Bloom(Prather)_252403.csv,,31P (KED) [ppb],90Zr (KED) [ppb],115In (KED),118Sn (KED) [ppb],130Te (KED) [ppb],,,,
2,,BLK,,100.0%,0,0,0,0,0,0,0,0,0,0,0,0,0,0,0,0,0,0,0,0,0,0,0,0,100.0%,0,100.0%,,100.0%,0,,,ECAL_Bloom(Prather)_252403.csv,,0,0,100.0%,0,0,,,,
,,,,,,,,,,,,,,,,,,,,,,,,,,,,,,,,,,,,,ECAL_Bloom(Prather)_252403.csv,,,,,,,,,,
2,,BLK,02_Blank,,,,,,,,,,,,,,,,,,,,,,,,,,,,,,,,,,ECAL_Bloom(Prather)_252403.csv,,,,,,,,,,
,,,,,,,,,,,,,,,,,,,,,,,,,,,,,,,,,,,,,ECAL_Bloom(Prather)_252403.csv,,,,,,,,,,
,,,Residuum:,,0.0,0.0,0.0,0.0,0.0,0.0,0.0,0.0,0.0,0.0,0.0,0.0,0.0,0.0,0.0,0.0,0.0,0.0,0.0,0.0,0.0,0.0,0.0,0.0,,0.0,,,,0.0,,,ECAL_Bloom(Prather)_252403.csv,,0.0,0.0,,0.0,0.0,,,,
,,,IDL(LOD):,,1.3,0.4,0.5,0.7,0.3,,0.0,0.0,0.0,0.6,0.0,0.0,0.0,0.2,0.0,0.0,0.0,0.0,0.0,752.5,64.2,0.0,0.0,2.6,,0.0,,,,0.0,,,ECAL_Bloom(Prather)_252403.csv,,5.0,,,"12,830.7",0.7,,,,
,,,,,,,,,,,,,,,,,,,,,,,,,,,,,,,,,,,,,ECAL_Bloom(Prather)_252403.csv,,,,,,,,,,
,,,Mean:,100.0%,0,0,0,0,0,0,0,0,0,0,0,0,0,0,0,0,0,0,0,0,0,0,0,0,100.0%,0,100.0%,,100.0%,0,,,ECAL_Bloom(Prather)_252403.csv,,0,0,100.0%,0,0,,,,
,,,RSD [%]:,,10.34815549,4.166575758,7.071080686,2.489501016,25.05559458,2.125482178,56.72262904,17.72268564,11.32062259,13.91560705,22.71778648,5.008004021,8.636997531,1.240662408,136.9306394,91.28709292,23.69648969,,16.23974801,11.39935505,15.6281029,20.4051357,34.23267411,4.467081544,,6.078420964,,,,24.60354786,,,ECAL_Bloom(Prather)_252403.csv,,19.40517042,1.888013549,,10.0907115,10.82269908,,,,
,,,SD:,,0.445281629,0.124891313,0.163061378,0.239307146,0.11058396,4938.944821,0.000782675,0.004583966,0.003081816,0.200083891,0.003609017,0.007744135,0.006442772,0.068016757,0.000308719,0.009992881,0.000563249,0,0.003786723,250.8312764,21.40482031,0.000457893,0.00024262,0.863023497,,0.000243159,,,,4.82189E-05,,,ECAL_Bloom(Prather)_252403.csv,,1.652648469,22.52599275,,4276.909863,0.227051619,,,,
,,,,,,,,,,,,,,,,,,,,,,,,,,,,,,,,,,,,,ECAL_Bloom(Prather)_252403.csv,,,,,,,,,,
No,,Sample Type,Label,6Li (KED),23Na (KED) [ppb],24Mg (KED) [ppb],27Al (KED) [ppb],39K (KED) [ppb],44Ca (KED) [ppb],32S (KED) [ppb],51V (KED) [ppb],52Cr (KED) [ppb],55Mn (KED) [ppb],57Fe (KED) [ppb],59Co (KED) [ppb],60Ni (KED) [ppb],63Cu (KED) [ppb],66Zn (KED) [ppb],71Ga (KED) [ppb],72Ge (KED) [ppb],75As (KED) [ppb],77Se (KED) [ppb],88Sr (KED) [ppb],95Mo (KED) [ppb],105Pd (KED) [ppb],107Ag (KED) [ppb],111Cd (KED) [ppb],182W (KED) [ppb],45Sc (KED),208Pb (KED) [ppb],89Y (KED),,209Bi (KED),238U (KED) [ppb],,,ECAL_Bloom(Prather)_252403.csv,,31P (KED) [ppb],90Zr (KED) [ppb],115In (KED),118Sn (KED) [ppb],130Te (KED) [ppb],,,,
3,,STD,,,,,,,,,,,,,,,,,,,,,,,,,,,,,,,,,,,ECAL_Bloom(Prather)_252403.csv,,,,,,,,,,
,,,,,,,,,,,,,,,,,,,,,,,,,,,,,,,,,,,,,ECAL_Bloom(Prather)_252403.csv,,,,,,,,,,
3,,STD,03_1ppb,4.2%,11.178 (1.022),7.495 (1.022),4.111 (1.022),2.657 (1.022),2.113 (1.022),"5,578.352 (1.022)",1.167 (1.022),1.235 (1.022),1.162 (1.022),1.853 (1.022),1.194 (1.022),1.394 (1.022),1.451 (1.022),-3.013 (1.022),1.122 (1.022),1.310 (1.022),1.123 (1.022),1.179 (1.022),1.101 (1.022),-45.881 (1.022),-74.708 (1.022),1.188 (1.022),1.156 (1.022),-7.844 (1.022),1.0%,1.050 (1.022),0.1%,,0.1%,0.999 (1.022),,,ECAL_Bloom(Prather)_252403.csv,,0.336 (1.022),690.815 (1.022),0.0%,"-4,601.463 (1.022)",0.209 (1.022),,,,
,,,,,,,,,,,,,,,,,,,,,,,,,,,,,,,,,,,,,ECAL_Bloom(Prather)_252403.csv,,,,,,,,,,
3,,,1,2.3%,11.280 (1.022),6.935 (1.022),4.056 (1.022),2.094 (1.022),2.060 (1.022),"-5,203.588 (1.022)",1.148 (1.022),1.222 (1.022),1.148 (1.022),1.675 (1.022),1.179 (1.022),1.384 (1.022),1.446 (1.022),-3.060 (1.022),1.124 (1.022),1.412 (1.022),1.099 (1.022),1.079 (1.022),1.051 (1.022),-62.398 (1.022),-71.249 (1.022),1.170 (1.022),1.125 (1.022),-9.255 (1.022),0.8%,1.040 (1.022),0.2%,,0.1%,0.981 (1.022),,,ECAL_Bloom(Prather)_252403.csv,,1.289 (1.022),767.834 (1.022),0.0%,"-8,036.324 (1.022)",0.478 (1.022),,,,
3,,,2,0.0%,11.147 (1.022),7.725 (1.022),3.857 (1.022),3.121 (1.022),1.957 (1.022),"6,691.958 (1.022)",1.165 (1.022),1.252 (1.022),1.143 (1.022),1.766 (1.022),1.196 (1.022),1.375 (1.022),1.438 (1.022),-3.018 (1.022),1.135 (1.022),1.303 (1.022),1.148 (1.022),1.267 (1.022),1.126 (1.022),-44.045 (1.022),-85.084 (1.022),1.180 (1.022),1.172 (1.022),-8.398 (1.022),0.8%,1.047 (1.022),0.1%,,0.1%,0.986 (1.022),,,ECAL_Bloom(Prather)_252403.csv,,1.569 (1.022),719.697 (1.022),0.0%,"-2,851.620 (1.022)",-0.319 (1.022),,,,
3,,,3,9.3%,10.842 (1.022),7.524 (1.022),4.469 (1.022),2.474 (1.022),1.971 (1.022),"5,538.086 (1.022)",1.189 (1.022),1.224 (1.022),1.178 (1.022),1.922 (1.022),1.182 (1.022),1.382 (1.022),1.455 (1.022),-2.987 (1.022),1.108 (1.022),1.084 (1.022),1.128 (1.022),1.200 (1.022),1.091 (1.022),-16.518 (1.022),-74.708 (1.022),1.178 (1.022),1.154 (1.022),-7.697 (1.022),0.9%,1.058 (1.022),0.1%,,0.1%,0.988 (1.022),,,ECAL_Bloom(Prather)_252403.csv,,1.009 (1.022),632.563 (1.022),0.0%,-907.353 (1.022),0.294 (1.022),,,,
3,,,4,7.0%,11.268 (1.022),7.794 (1.022),4.040 (1.022),2.947 (1.022),2.016 (1.022),"9,320.328 (1.022)",1.162 (1.022),1.238 (1.022),1.176 (1.022),1.930 (1.022),1.201 (1.022),1.444 (1.022),1.467 (1.022),-2.986 (1.022),1.122 (1.022),1.485 (1.022),1.108 (1.022),1.207 (1.022),1.124 (1.022),56.891 (1.022),-71.249 (1.022),1.198 (1.022),1.166 (1.022),-7.277 (1.022),0.9%,1.062 (1.022),0.0%,,0.1%,1.012 (1.022),,,ECAL_Bloom(Prather)_252403.csv,,-0.953 (1.022),650.843 (1.022),0.0%,"-6,740.178 (1.022)",0.233 (1.022),,,,
3,,,5,2.3%,11.354 (1.022),7.497 (1.022),4.132 (1.022),2.648 (1.022),2.560 (1.022),"11,544.975 (1.022)",1.173 (1.022),1.239 (1.022),1.162 (1.022),1.972 (1.022),1.210 (1.022),1.383 (1.022),1.448 (1.022),-3.016 (1.022),1.123 (1.022),1.266 (1.022),1.132 (1.022),1.143 (1.022),1.115 (1.022),-163.336 (1.022),-71.249 (1.022),1.215 (1.022),1.161 (1.022),-6.591 (1.022),1.5%,1.045 (1.022),0.0%,,0.1%,1.026 (1.022),,,ECAL_Bloom(Prather)_252403.csv,,-1.233 (1.022),683.138 (1.022),0.0%,"-4,471.840 (1.022)",0.356 (1.022),,,,
,,,,,,,,,,,,,,,,,,,,,,,,,,,,,,,,,,,,,ECAL_Bloom(Prather)_252403.csv,,,,,,,,,,
,,,Residuum:,,10.2,6.5,3.1,1.6,1.1,"5,577.3",0.1,0.2,0.1,0.8,0.2,0.4,0.4,-4.0,0.1,0.3,0.1,0.2,0.1,-46.9,-75.7,0.2,0.1,-8.9,,0.0,,,,0.0,,,ECAL_Bloom(Prather)_252403.csv,,-0.7,689.8,,"-4,602.5",-0.8,,,,
,,,Confidence Delta:,,+/-0.3,+/-0.4,+/-0.2,+/-0.2,+/-0.2,,+/-0.1,+/-0.1,+/-0.1,+/-0.1,+/-0.1,+/-0.1,+/-0.1,+/-0.2,+/-0.0,+/-0.1,+/-0.0,+/-0.1,+/-0.0,+/-34.5,+/-12.1,+/-0.1,+/-0.0,+/-0.2,,+/-0.0,,,,+/-0.0,,,ECAL_Bloom(Prather)_252403.csv,,+/-0.0,"+/-3,744.8",,,+/-0.0,,,,
,,,,,,,,,,,,,,,,,,,,,,,,,,,,,,,,,,,,,ECAL_Bloom(Prather)_252403.csv,,,,,,,,,,
4,,STD,04_10ppb,3.3%,19.767 (10.206),17.357 (10.206),14.911 (10.206),13.201 (10.206),14.281 (10.206),"6,650.210 (10.206)",11.653 (10.206),11.830 (10.206),11.499 (10.206),11.126 (10.206),12.109 (10.206),12.367 (10.206),12.797 (10.206),8.518 (10.206),11.313 (10.206),12.940 (10.206),11.115 (10.206),11.956 (10.206),11.327 (10.206),-326.670 (10.206),-63.640 (10.206),12.245 (10.206),11.207 (10.206),1.393 (10.206),0.7%,10.490 (10.206),0.1%,,0.1%,10.285 (10.206),,,ECAL_Bloom(Prather)_252403.csv,,9.917 (10.206),736.879 (10.206),0.0%,"-5,508.765 (10.206)",10.134 (10.206),,,,
,,,,,,,,,,,,,,,,,,,,,,,,,,,,,,,,,,,,,ECAL_Bloom(Prather)_252403.csv,,,,,,,,,,
4,,,1,9.3%,19.764 (10.206),17.068 (10.206),14.379 (10.206),13.561 (10.206),14.404 (10.206),-872.440 (10.206),11.793 (10.206),11.934 (10.206),11.561 (10.206),10.982 (10.206),12.133 (10.206),12.481 (10.206),12.744 (10.206),8.537 (10.206),11.076 (10.206),12.688 (10.206),10.987 (10.206),11.814 (10.206),11.332 (10.206),-466.147 (10.206),-81.625 (10.206),12.147 (10.206),11.211 (10.206),-0.545 (10.206),0.5%,10.417 (10.206),0.1%,,0.1%,10.136 (10.206),,,ECAL_Bloom(Prather)_252403.csv,,10.254 (10.206),840.341 (10.206),0.0%,"-10,304.628 (10.206)",10.048 (10.206),,,,
4,,,2,4.7%,20.043 (10.206),17.264 (10.206),14.761 (10.206),13.154 (10.206),13.727 (10.206),"2,736.653 (10.206)",11.596 (10.206),11.690 (10.206),11.562 (10.206),10.430 (10.206),12.001 (10.206),12.297 (10.206),12.711 (10.206),8.586 (10.206),11.325 (10.206),13.017 (10.206),10.982 (10.206),11.835 (10.206),11.452 (10.206),-255.097 (10.206),-50.497 (10.206),12.156 (10.206),11.049 (10.206),1.792 (10.206),1.1%,10.410 (10.206),0.1%,,0.1%,10.410 (10.206),,,ECAL_Bloom(Prather)_252403.csv,,7.452 (10.206),722.743 (10.206),0.0%,"-6,092.054 (10.206)",9.005 (10.206),,,,
4,,,3,2.3%,19.641 (10.206),17.301 (10.206),14.563 (10.206),12.855 (10.206),14.478 (10.206),"7,005.311 (10.206)",11.547 (10.206),11.829 (10.206),11.359 (10.206),11.163 (10.206),12.091 (10.206),12.403 (10.206),12.856 (10.206),8.578 (10.206),11.334 (10.206),12.469 (10.206),11.272 (10.206),11.929 (10.206),11.203 (10.206),-200.040 (10.206),-71.249 (10.206),12.318 (10.206),11.145 (10.206),1.792 (10.206),0.7%,10.448 (10.206),0.1%,,0.1%,10.347 (10.206),,,ECAL_Bloom(Prather)_252403.csv,,10.534 (10.206),709.339 (10.206),0.1%,"-1,879.449 (10.206)",10.968 (10.206),,,,
4,,,4,0.0%,19.836 (10.206),17.407 (10.206),15.664 (10.206),13.230 (10.206),14.390 (10.206),"10,322.556 (10.206)",11.629 (10.206),11.906 (10.206),11.518 (10.206),12.028 (10.206),12.271 (10.206),12.387 (10.206),12.884 (10.206),8.468 (10.206),11.337 (10.206),13.108 (10.206),11.115 (10.206),12.128 (10.206),11.347 (10.206),-411.090 (10.206),-53.956 (10.206),12.314 (10.206),11.378 (10.206),1.324 (10.206),0.7%,10.692 (10.206),0.1%,,0.1%,10.225 (10.206),,,ECAL_Bloom(Prather)_252403.csv,,11.374 (10.206),713.604 (10.206),0.0%,"-1,555.436 (10.206)",10.416 (10.206),,,,
4,,,5,0.0%,19.552 (10.206),17.742 (10.206),15.190 (10.206),13.203 (10.206),14.404 (10.206),"14,058.968 (10.206)",11.699 (10.206),11.788 (10.206),11.494 (10.206),11.023 (10.206),12.049 (10.206),12.270 (10.206),12.792 (10.206),8.421 (10.206),11.492 (10.206),13.418 (10.206),11.218 (10.206),12.074 (10.206),11.302 (10.206),-300.977 (10.206),-60.873 (10.206),12.290 (10.206),11.252 (10.206),2.602 (10.206),0.6%,10.482 (10.206),0.0%,,0.1%,10.306 (10.206),,,ECAL_Bloom(Prather)_252403.csv,,9.973 (10.206),698.370 (10.206),0.0%,"-7,712.259 (10.206)",10.232 (10.206),,,,
,,,,,,,,,,,,,,,,,,,,,,,,,,,,,,,,,,,,,ECAL_Bloom(Prather)_252403.csv,,,,,,,,,,
,,,Residuum:,,9.6,7.2,4.7,3.0,4.1,"6,640.0",1.4,1.6,1.3,0.9,1.9,2.2,2.6,-1.7,1.1,2.7,0.9,1.7,1.1,-336.9,-73.8,2.0,1.0,-8.8,,0.3,,,,0.1,,,ECAL_Bloom(Prather)_252403.csv,,-0.3,726.7,,"-5,519.0",-0.1,,,,
,,,Confidence Delta:,,+/-0.5,+/-0.9,+/-0.6,+/-0.9,+/-1.1,,+/-0.6,+/-0.6,+/-0.5,+/-0.5,+/-0.7,+/-0.7,+/-0.8,+/-0.4,+/-0.5,+/-0.8,+/-0.2,+/-0.6,+/-0.4,+/-245.4,+/-10.3,+/-0.7,+/-0.4,+/-0.0,,+/-0.4,,,,+/-0.3,,,ECAL_Bloom(Prather)_252403.csv,,+/-0.6,"+/-3,994.5",,,+/-0.3,,,,
,,,,,,,,,,,,,,,,,,,,,,,,,,,,,,,,,,,,,ECAL_Bloom(Prather)_252403.csv,,,,,,,,,,
5,,STD,05_100ppb,1.4%,111.473 (101.543),118.599 (101.543),115.317 (101.543),120.664 (101.543),129.755 (101.543),"8,407.859 (101.543)",113.449 (101.543),117.935 (101.543),112.634 (101.543),114.751 (101.543),120.223 (101.543),119.762 (101.543),122.590 (101.543),114.677 (101.543),111.094 (101.543),120.993 (101.543),109.212 (101.543),116.948 (101.543),112.451 (101.543),-167.007 (101.543),32.512 (101.543),116.460 (101.543),111.526 (101.543),91.800 (101.543),0.6%,106.145 (101.543),0.3%,,0.1%,103.058 (101.543),,,ECAL_Bloom(Prather)_252403.csv,,121.590 (101.543),751.504 (101.543),0.0%,"-3,434.879 (101.543)",103.748 (101.543),,,,
,,,,,,,,,,,,,,,,,,,,,,,,,,,,,,,,,,,,,ECAL_Bloom(Prather)_252403.csv,,,,,,,,,,
5,,,1,4.7%,110.529 (101.543),119.381 (101.543),114.061 (101.543),120.455 (101.543),132.113 (101.543),"2,082.823 (101.543)",114.788 (101.543),116.871 (101.543),111.978 (101.543),114.417 (101.543),120.183 (101.543),122.234 (101.543),123.321 (101.543),115.244 (101.543),112.204 (101.543),121.377 (101.543),110.117 (101.543),118.475 (101.543),114.837 (101.543),-383.564 (101.543),11.760 (101.543),116.797 (101.543),112.606 (101.543),90.929 (101.543),0.5%,105.031 (101.543),0.3%,,0.1%,102.135 (101.543),,,ECAL_Bloom(Prather)_252403.csv,,121.198 (101.543),801.346 (101.543),0.0%,"-1,231.362 (101.543)",107.479 (101.543),,,,
5,,,2,0.0%,112.549 (101.543),119.024 (101.543),117.339 (101.543),120.782 (101.543),130.522 (101.543),"6,525.705 (101.543)",114.106 (101.543),119.198 (101.543),114.111 (101.543),118.158 (101.543),121.214 (101.543),121.150 (101.543),124.890 (101.543),115.176 (101.543),111.024 (101.543),123.752 (101.543),110.641 (101.543),119.015 (101.543),110.959 (101.543),-255.097 (101.543),22.136 (101.543),117.263 (101.543),111.501 (101.543),92.208 (101.543),0.4%,108.081 (101.543),0.4%,,0.1%,102.782 (101.543),,,ECAL_Bloom(Prather)_252403.csv,,132.125 (101.543),748.945 (101.543),0.0%,-259.203 (101.543),104.963 (101.543),,,,
5,,,3,0.0%,112.718 (101.543),118.215 (101.543),116.205 (101.543),121.884 (101.543),131.096 (101.543),"8,246.952 (101.543)",113.895 (101.543),119.732 (101.543),113.191 (101.543),114.789 (101.543),122.645 (101.543),119.483 (101.543),122.247 (101.543),115.146 (101.543),111.589 (101.543),119.806 (101.543),108.711 (101.543),115.383 (101.543),112.067 (101.543),93.597 (101.543),53.264 (101.543),116.230 (101.543),112.091 (101.543),90.976 (101.543),0.6%,106.268 (101.543),0.3%,,0.1%,104.406 (101.543),,,ECAL_Bloom(Prather)_252403.csv,,123.159 (101.543),736.758 (101.543),0.0%,-259.262 (101.543),101.282 (101.543),,,,
5,,,4,2.3%,108.462 (101.543),118.332 (101.543),114.551 (101.543),119.833 (101.543),127.839 (101.543),"8,249.846 (101.543)",112.765 (101.543),116.661 (101.543),112.675 (101.543),114.557 (101.543),119.319 (101.543),118.424 (101.543),121.469 (101.543),114.517 (101.543),109.894 (101.543),121.121 (101.543),108.628 (101.543),116.281 (101.543),112.904 (101.543),-181.689 (101.543),39.429 (101.543),116.093 (101.543),111.432 (101.543),92.520 (101.543),0.7%,105.463 (101.543),0.3%,,0.1%,101.340 (101.543),,,ECAL_Bloom(Prather)_252403.csv,,113.073 (101.543),741.633 (101.543),0.1%,"-8,684.416 (101.543)",103.736 (101.543),,,,
5,,,5,0.0%,113.108 (101.543),118.044 (101.543),114.428 (101.543),120.368 (101.543),127.206 (101.543),"16,933.969 (101.543)",111.693 (101.543),117.211 (101.543),111.214 (101.543),111.832 (101.543),117.754 (101.543),117.520 (101.543),121.026 (101.543),113.304 (101.543),110.762 (101.543),118.911 (101.543),107.961 (101.543),115.586 (101.543),111.487 (101.543),-108.279 (101.543),35.970 (101.543),115.919 (101.543),109.999 (101.543),92.364 (101.543),0.8%,105.884 (101.543),0.4%,,0.1%,104.627 (101.543),,,ECAL_Bloom(Prather)_252403.csv,,118.396 (101.543),728.837 (101.543),0.1%,"-6,740.152 (101.543)",101.282 (101.543),,,,
,,,,,,,,,,,,,,,,,,,,,,,,,,,,,,,,,,,,,ECAL_Bloom(Prather)_252403.csv,,,,,,,,,,
,,,Residuum:,,9.9,17.1,13.8,19.1,28.2,"8,306.3",11.9,16.4,11.1,13.2,18.7,18.2,21.0,13.1,9.6,19.4,7.7,15.4,10.9,-268.6,-69.0,14.9,10.0,-9.7,,4.6,,,,1.5,,,ECAL_Bloom(Prather)_252403.csv,,20.0,650.0,,"-3,536.4",2.2,,,,
,,,Confidence Delta:,,+/-2.7,+/-6.1,+/-4.6,+/-7.8,+/-10.1,,+/-5.5,+/-6.2,+/-5.3,+/-5.3,+/-7.4,+/-7.1,+/-8.1,+/-5.8,+/-4.4,+/-7.4,+/-2.0,+/-5.7,+/-4.2,+/-125.5,+/-5.3,+/-6.7,+/-4.4,+/-2.3,,+/-3.8,,,,+/-3.0,,,ECAL_Bloom(Prather)_252403.csv,,+/-7.1,"+/-4,073.7",,,+/-2.8,,,,
,,,,,,,,,,,,,,,,,,,,,,,,,,,,,,,,,,,,,ECAL_Bloom(Prather)_252403.csv,,,,,,,,,,
6,,STD,06_500ppb,2.3%,513.604 (504.541),537.385 (504.541),530.139 (504.541),547.986 (504.541),553.889 (504.541),239.667 (504.541),538.151 (504.541),539.704 (504.541),537.544 (504.541),536.063 (504.541),545.671 (504.541),544.315 (504.541),548.190 (504.541),539.356 (504.541),532.328 (504.541),544.916 (504.541),515.754 (504.541),537.043 (504.541),529.787 (504.541),374.391 (504.541),516.736 (504.541),544.142 (504.541),531.911 (504.541),516.982 (504.541),0.8%,530.363 (504.541),1.4%,,0.3%,526.148 (504.541),,,ECAL_Bloom(Prather)_252403.csv,,542.476 (504.541),758.693 (504.541),0.2%,"-1,555.424 (504.541)",524.169 (504.541),,,,
,,,,,,,,,,,,,,,,,,,,,,,,,,,,,,,,,,,,,ECAL_Bloom(Prather)_252403.csv,,,,,,,,,,
6,,,1,4.7%,515.959 (504.541),541.805 (504.541),530.952 (504.541),562.948 (504.541),568.478 (504.541),"-10,832.163 (504.541)",547.167 (504.541),547.776 (504.541),539.689 (504.541),546.395 (504.541),549.662 (504.541),551.227 (504.541),560.936 (504.541),540.691 (504.541),538.892 (504.541),559.452 (504.541),526.922 (504.541),544.157 (504.541),530.963 (504.541),662.527 (504.541),565.159 (504.541),550.515 (504.541),540.991 (504.541),528.724 (504.541),0.7%,520.265 (504.541),1.3%,,0.3%,522.889 (504.541),,,ECAL_Bloom(Prather)_252403.csv,,564.784 (504.541),820.843 (504.541),0.2%,"-1,879.488 (504.541)",530.941 (504.541),,,,
6,,,2,2.3%,518.503 (504.541),537.888 (504.541),535.065 (504.541),547.012 (504.541),559.997 (504.541),"-3,490.374 (504.541)",544.413 (504.541),541.241 (504.541),546.904 (504.541),542.073 (504.541),553.902 (504.541),553.550 (504.541),550.426 (504.541),539.063 (504.541),536.788 (504.541),547.667 (504.541),520.119 (504.541),541.148 (504.541),536.208 (504.541),277.121 (504.541),575.536 (504.541),548.556 (504.541),531.218 (504.541),524.203 (504.541),0.8%,533.608 (504.541),1.4%,,0.3%,522.093 (504.541),,,ECAL_Bloom(Prather)_252403.csv,,542.924 (504.541),759.913 (504.541),0.2%,"-4,147.808 (504.541)",518.959 (504.541),,,,
6,,,3,0.0%,519.094 (504.541),540.183 (504.541),537.110 (504.541),547.757 (504.541),557.225 (504.541),"3,035.836 (504.541)",533.908 (504.541),537.771 (504.541),532.355 (504.541),534.897 (504.541),547.690 (504.541),544.649 (504.541),548.782 (504.541),543.264 (504.541),532.145 (504.541),547.777 (504.541),517.126 (504.541),539.920 (504.541),537.142 (504.541),167.007 (504.541),454.478 (504.541),543.697 (504.541),530.234 (504.541),516.282 (504.541),0.8%,529.932 (504.541),1.4%,,0.2%,530.000 (504.541),,,ECAL_Bloom(Prather)_252403.csv,,547.128 (504.541),759.303 (504.541),0.1%,"-2,203.476 (504.541)",520.617 (504.541),,,,
6,,,4,2.3%,508.235 (504.541),536.658 (504.541),530.597 (504.541),542.815 (504.541),545.442 (504.541),"2,084.762 (504.541)",535.571 (504.541),541.227 (504.541),535.630 (504.541),530.010 (504.541),541.100 (504.541),540.325 (504.541),542.822 (504.541),537.145 (504.541),532.960 (504.541),536.803 (504.541),508.837 (504.541),532.685 (504.541),524.973 (504.541),121.126 (504.541),495.984 (504.541),535.446 (504.541),533.438 (504.541),506.900 (504.541),1.1%,529.068 (504.541),1.3%,,0.3%,527.739 (504.541),,,ECAL_Bloom(Prather)_252403.csv,,521.064 (504.541),703.245 (504.541),0.2%,712.905 (504.541),524.305 (504.541),,,,
6,,,5,2.3%,506.229 (504.541),530.391 (504.541),516.972 (504.541),539.397 (504.541),538.300 (504.541),"10,400.276 (504.541)",529.695 (504.541),530.506 (504.541),533.139 (504.541),526.941 (504.541),536.002 (504.541),531.825 (504.541),537.982 (504.541),536.615 (504.541),520.855 (504.541),532.878 (504.541),505.766 (504.541),527.303 (504.541),519.649 (504.541),644.174 (504.541),492.525 (504.541),542.495 (504.541),523.675 (504.541),508.800 (504.541),0.9%,538.940 (504.541),1.3%,,0.3%,528.018 (504.541),,,ECAL_Bloom(Prather)_252403.csv,,536.478 (504.541),750.163 (504.541),0.2%,-259.253 (504.541),526.025 (504.541),,,,
,,,,,,,,,,,,,,,,,,,,,,,,,,,,,,,,,,,,,ECAL_Bloom(Prather)_252403.csv,,,,,,,,,,
,,,Residuum:,,9.1,32.8,25.6,43.4,49.3,-264.9,33.6,35.2,33.0,31.5,41.1,39.8,43.6,34.8,27.8,40.4,11.2,32.5,25.2,-130.1,12.2,39.6,27.4,12.4,,25.8,,,,21.6,,,ECAL_Bloom(Prather)_252403.csv,,37.9,254.2,,"-2,060.0",19.6,,,,
,,,Confidence Delta:,,+/-12.4,+/-27.6,+/-21.0,+/-35.6,+/-43.1,,+/-26.1,+/-28.4,+/-25.4,+/-24.8,+/-33.6,+/-32.5,+/-36.3,+/-27.4,+/-21.2,+/-33.3,+/-9.3,+/-26.2,+/-19.7,+/-281.3,+/-83.7,+/-31.4,+/-21.0,+/-12.9,,+/-18.8,,,,+/-15.3,,,ECAL_Bloom(Prather)_252403.csv,,+/-31.6,"+/-4,112.7",,,+/-13.9,,,,
,,,,,,,,,,,,,,,,,,,,,,,,,,,,,,,,,,,,,ECAL_Bloom(Prather)_252403.csv,,,,,,,,,,
7,,STD,07_1000ppb,4.7%,987.320 (993.049),974.537 (993.049),978.583 (993.049),968.988 (993.049),965.049 (993.049),204.286 (993.049),974.740 (993.049),973.490 (993.049),975.133 (993.049),975.672 (993.049),970.222 (993.049),970.955 (993.049),968.693 (993.049),974.039 (993.049),977.943 (993.049),970.518 (993.049),986.558 (993.049),974.942 (993.049),979.095 (993.049),"1,090.145 (993.049)",994.748 (993.049),971.382 (993.049),978.111 (993.049),987.824 (993.049),1.2%,979.456 (993.049),2.3%,,0.4%,981.915 (993.049),,,ECAL_Bloom(Prather)_252403.csv,,971.729 (993.049),789.281 (993.049),0.3%,"2,462.732 (993.049)",982.852 (993.049),,,,
,,,,,,,,,,,,,,,,,,,,,,,,,,,,,,,,,,,,,ECAL_Bloom(Prather)_252403.csv,,,,,,,,,,
7,,,1,0.0%,"1,036.849 (993.049)",988.227 (993.049),997.481 (993.049),982.598 (993.049),989.113 (993.049),"-13,576.598 (993.049)",976.053 (993.049),978.675 (993.049),972.827 (993.049),980.732 (993.049),964.023 (993.049),967.756 (993.049),972.880 (993.049),983.623 (993.049),993.919 (993.049),991.694 (993.049),992.169 (993.049),992.079 (993.049),986.428 (993.049),"1,332.402 (993.049)",980.221 (993.049),979.806 (993.049),990.676 (993.049),"1,000.943 (993.049)",1.3%,975.279 (993.049),2.3%,,0.4%,981.222 (993.049),,,ECAL_Bloom(Prather)_252403.csv,,"1,000.100 (993.049)",839.732 (993.049),0.3%,"-1,555.459 (993.049)","1,005.819 (993.049)",,,,
7,,,2,7.0%,937.539 (993.049),979.356 (993.049),979.086 (993.049),987.408 (993.049),978.255 (993.049),"-4,770.855 (993.049)",984.201 (993.049),983.377 (993.049),968.358 (993.049),983.762 (993.049),971.766 (993.049),973.193 (993.049),980.784 (993.049),973.579 (993.049),983.531 (993.049),974.757 (993.049),991.192 (993.049),974.994 (993.049),982.832 (993.049),882.758 (993.049),"1,097.823 (993.049)",974.725 (993.049),995.416 (993.049),"1,017.413 (993.049)",1.0%,970.455 (993.049),2.5%,,0.4%,985.656 (993.049),,,ECAL_Bloom(Prather)_252403.csv,,989.167 (993.049),803.783 (993.049),0.3%,"6,221.683 (993.049)",993.018 (993.049),,,,
7,,,3,0.0%,"1,021.619 (993.049)",966.823 (993.049),966.460 (993.049),959.662 (993.049),962.485 (993.049),"7,102.096 (993.049)",969.441 (993.049),969.348 (993.049),974.565 (993.049),978.532 (993.049),977.656 (993.049),977.094 (993.049),966.803 (993.049),981.995 (993.049),972.934 (993.049),973.889 (993.049),987.827 (993.049),978.762 (993.049),984.261 (993.049),"1,047.933 (993.049)","1,032.104 (993.049)",986.064 (993.049),979.567 (993.049),997.365 (993.049),1.3%,998.864 (993.049),2.2%,,0.5%,979.540 (993.049),,,ECAL_Bloom(Prather)_252403.csv,,967.579 (993.049),759.913 (993.049),0.3%,"-1,879.482 (993.049)",989.695 (993.049),,,,
7,,,4,9.3%,"1,016.116 (993.049)",969.312 (993.049),979.171 (993.049),961.176 (993.049),947.434 (993.049),"6,003.799 (993.049)",971.860 (993.049),967.843 (993.049),973.034 (993.049),977.096 (993.049),978.632 (993.049),970.535 (993.049),964.378 (993.049),971.063 (993.049),962.794 (993.049),963.583 (993.049),984.017 (993.049),968.732 (993.049),979.401 (993.049),"1,341.579 (993.049)",866.078 (993.049),966.372 (993.049),969.587 (993.049),957.704 (993.049),1.0%,981.409 (993.049),2.3%,,0.5%,"1,001.746 (993.049)",,,ECAL_Bloom(Prather)_252403.csv,,973.467 (993.049),778.192 (993.049),0.4%,"5,897.616 (993.049)",960.033 (993.049),,,,
7,,,5,7.0%,924.477 (993.049),968.970 (993.049),970.715 (993.049),954.097 (993.049),947.956 (993.049),"6,262.985 (993.049)",972.144 (993.049),968.209 (993.049),986.883 (993.049),958.239 (993.049),959.032 (993.049),966.197 (993.049),958.619 (993.049),959.935 (993.049),976.536 (993.049),948.668 (993.049),977.585 (993.049),960.143 (993.049),962.552 (993.049),846.053 (993.049),997.515 (993.049),949.942 (993.049),955.311 (993.049),965.695 (993.049),1.2%,971.271 (993.049),2.3%,,0.4%,961.412 (993.049),,,ECAL_Bloom(Prather)_252403.csv,,928.332 (993.049),764.787 (993.049),0.3%,"3,629.303 (993.049)",965.695 (993.049),,,,
,,,,,,,,,,,,,,,,,,,,,,,,,,,,,,,,,,,,,ECAL_Bloom(Prather)_252403.csv,,,,,,,,,,
,,,Residuum:,,-5.7,-18.5,-14.5,-24.1,-28.0,-788.8,-18.3,-19.6,-17.9,-17.4,-22.8,-22.1,-24.4,-19.0,-15.1,-22.5,-6.5,-18.1,-14.0,97.1,1.7,-21.7,-14.9,-5.2,,-13.6,,,,-11.1,,,ECAL_Bloom(Prather)_252403.csv,,-21.3,-203.8,,"1,469.7",-10.2,,,,
,,,Confidence Delta:,,+/-23.8,+/-50.1,+/-38.8,+/-63.0,+/-75.1,,+/-47.3,+/-51.3,+/-46.2,+/-45.2,+/-59.8,+/-57.9,+/-64.1,+/-49.5,+/-38.9,+/-59.3,+/-17.7,+/-47.5,+/-36.3,+/-819.1,+/-161.0,+/-56.1,+/-38.6,+/-24.6,,+/-34.8,,,,+/-28.6,,,ECAL_Bloom(Prather)_252403.csv,,+/-56.6,"+/-4,278.5",,,+/-26.1,,,,
,,,,,,,,,,,,,,,,,,,,,,,,,,,,,,,,,,,,,ECAL_Bloom(Prather)_252403.csv,,,,,,,,,,
,,,Calibrations,,,,,,,,,,,,,,,,,,,,,,,,,,,,,,,,,,ECAL_Bloom(Prather)_252403.csv,,,,,,,,,,
,,,,,,,,,,,,,,,,,,,,,,,,,,,,,,,,,,,,,ECAL_Bloom(Prather)_252403.csv,,,,,,,,,,
No,,Sample Type,Label,6Li (KED),23Na (KED) [ppb],24Mg (KED) [ppb],27Al (KED) [ppb],39K (KED) [ppb],44Ca (KED) [ppb],32S (KED) [ppb],51V (KED) [ppb],52Cr (KED) [ppb],55Mn (KED) [ppb],57Fe (KED) [ppb],59Co (KED) [ppb],60Ni (KED) [ppb],63Cu (KED) [ppb],66Zn (KED) [ppb],71Ga (KED) [ppb],72Ge (KED) [ppb],75As (KED) [ppb],77Se (KED) [ppb],88Sr (KED) [ppb],95Mo (KED) [ppb],105Pd (KED) [ppb],107Ag (KED) [ppb],111Cd (KED) [ppb],182W (KED) [ppb],45Sc (KED),208Pb (KED) [ppb],89Y (KED),,209Bi (KED),238U (KED) [ppb],,,ECAL_Bloom(Prather)_252403.csv,,31P (KED) [ppb],90Zr (KED) [ppb],115In (KED),118Sn (KED) [ppb],130Te (KED) [ppb],,,,
8,,UNKNOWN,08_Rinse,5.1%,-2.512933804,-2.944463795,-2.269331703,-0.094493858,-0.158888034,54856.9712,0.023191942,-0.017482535,-0.020213923,-1.408192409,-0.010984029,-0.144338731,-0.063069414,-4.771852836,0.001127285,7.29778E-09,0.052144026,0.049209081,-0.019477754,-1706.74046,-129.3545859,0.023057775,0.015149321,-16.36590608,0.0%,0.021518705,0.0%,,0.0%,0.001109941,,,ECAL_Bloom(Prather)_252403.csv,,-7.900210474,1191.034078,0.0%,-34866.9427,-0.711577411,,,,
,,,,,,,,,,,,,,,,,,,,,,,,,,,,,,,,,,,,,ECAL_Bloom(Prather)_252403.csv,,,,,,,,,,
8,,,1,7.0%,-2.311284517,-2.928565862,-2.29074017,-0.246553504,-0.176542366,53821.86796,0.018787036,-0.016236491,-0.016271295,-1.404898458,-0.008949106,-0.144522596,-0.058207002,-4.807820924,0.000338185,0.007297769,0.039219401,0.053927761,-0.01719609,-1897.59769,-119.6703168,0.029055385,0.017009764,-15.86114608,0.1%,0.028001472,0.0%,,0.0%,0.001598942,,,ECAL_Bloom(Prather)_252403.csv,,-7.956240237,1191.27777,0.0%,-35579.82631,-0.871069093,,,,
,,,,,,,,,,,,,,,,,,,,,,,,,,,,,,,,,,,,,ECAL_Bloom(Prather)_252403.csv,,,,,,,,,,
,,,,,,,,,,,,,,,,,,,,,,,,,,,,,,,,,,,,,ECAL_Bloom(Prather)_252403.csv,,,,,,,,,,
,,,,,,,,,,,,,,,,,,,,,,,,,,,,,,,,,,,,,ECAL_Bloom(Prather)_252403.csv,,,,,,,,,,
8,,,2,2.3%,-2.599001977,-2.965661053,-2.244864848,-0.007608284,-0.161830545,53381.37531,0.026482351,-0.015481312,-0.021277808,-1.396663564,-0.011492763,-0.143143611,-0.060368082,-4.651069489,0.000338185,0.025542227,0.051846908,0.033704845,-0.01858735,-1686.553891,-130.0463159,0.025577562,0.020110504,-16.39083267,0.1%,0.021460928,0.0%,,0.0%,0.001298166,,,ECAL_Bloom(Prather)_252403.csv,,-7.956240237,1190.668541,0.0%,-32339.4415,-0.56435533,,,,
,,,,,,,,,,,,,,,,,,,,,,,,,,,,,,,,,,,,,ECAL_Bloom(Prather)_252403.csv,,,,,,,,,,
,,,,,,,,,,,,,,,,,,,,,,,,,,,,,,,,,,,,,ECAL_Bloom(Prather)_252403.csv,,,,,,,,,,
,,,,,,,,,,,,,,,,,,,,,,,,,,,,,,,,,,,,,ECAL_Bloom(Prather)_252403.csv,,,,,,,,,,
8,,,3,0.0%,-2.515395033,-2.955062439,-2.260156663,0.090150168,-0.323660155,54857.37593,0.021705944,-0.017746852,-0.0209649,-1.421368246,-0.012186477,-0.146361247,-0.065410578,-4.769188935,0.000901827,-0.010946653,0.056675063,0.050557281,-0.020535111,-1723.256764,-133.5049869,0.021181039,0.016566802,-16.79588559,0.0%,0.021629252,0.0%,,0.0%,0.000997393,,,ECAL_Bloom(Prather)_252403.csv,,-7.676091982,1191.277772,0.0%,-35579.82631,-0.196298472,,,,
,,,,,,,,,,,,,,,,,,,,,,,,,,,,,,,,,,,,,ECAL_Bloom(Prather)_252403.csv,,,,,,,,,,
,,,,,,,,,,,,,,,,,,,,,,,,,,,,,,,,,,,,,ECAL_Bloom(Prather)_252403.csv,,,,,,,,,,
,,,,,,,,,,,,,,,,,,,,,,,,,,,,,,,,,,,,,ECAL_Bloom(Prather)_252403.csv,,,,,,,,,,
8,,,4,9.3%,-2.532608365,-2.944463804,-2.24486491,-0.067343459,-0.147118578,56463.9076,0.027809136,-0.01831323,-0.022842337,-1.396663547,-0.011145901,-0.144982255,-0.067031368,-4.810707756,0.000901827,-0.010946653,0.055189479,0.043816302,-0.020535109,-1668.202142,-130.0463228,0.018884393,0.01125124,-16.57778133,0.0%,0.019465193,0.0%,,0.0%,0.000813048,,,ECAL_Bloom(Prather)_252403.csv,,-7.395943168,1192.496231,0.0%,-34607.71495,-0.932410226,,,,
,,,,,,,,,,,,,,,,,,,,,,,,,,,,,,,,,,,,,ECAL_Bloom(Prather)_252403.csv,,,,,,,,,,
,,,,,,,,,,,,,,,,,,,,,,,,,,,,,,,,,,,,,ECAL_Bloom(Prather)_252403.csv,,,,,,,,,,
,,,,,,,,,,,,,,,,,,,,,,,,,,,,,,,,,,,,,ECAL_Bloom(Prather)_252403.csv,,,,,,,,,,
8,,,5,7.0%,-2.606379126,-2.928565819,-2.306031923,-0.241114213,0.014711473,55760.32921,0.021175243,-0.019634791,-0.019713272,-1.42136823,-0.011145899,-0.142683946,-0.064330042,-4.820477076,0.003156399,-0.010946653,0.057789277,0.064039218,-0.02053511,-1558.091814,-133.5049869,0.020590496,0.010808294,-16.20388473,0.0%,0.01703668,0.0%,,0.0%,0.000842156,,,ECAL_Bloom(Prather)_252403.csv,,-8.516536746,1189.450078,0.0%,-36227.90443,-0.993753935,,,,
,,,,,,,,,,,,,,,,,,,,,,,,,,,,,,,,,,,,,ECAL_Bloom(Prather)_252403.csv,,,,,,,,,,
,,,,,,,,,,,,,,,,,,,,,,,,,,,,,,,,,,,,,ECAL_Bloom(Prather)_252403.csv,,,,,,,,,,
,,,,,,,,,,,,,,,,,,,,,,,,,,,,,,,,,,,,,ECAL_Bloom(Prather)_252403.csv,,,,,,,,,,
,,,Mean:,5.1%,-2.512933804,-2.944463795,-2.269331703,-0.094493858,-0.158888034,54856.9712,0.023191942,-0.017482535,-0.020213923,-1.408192409,-0.010984029,-0.144338731,-0.063069414,-4.771852836,0.001127285,7.29778E-09,0.052144026,0.049209081,-0.019477754,-1706.74046,-129.3545859,0.023057775,0.015149321,-16.36590608,0.0%,0.021518705,0.0%,,0.0%,0.001109941,,,ECAL_Bloom(Prather)_252403.csv,,-7.900210474,1191.034078,0.0%,-34866.9427,-0.711577411,,,,
,,,RSD [%]:,74.68945098,4.758491273,0.55472212,1.224098844,156.0717759,75.62020756,2.349930492,16.39403919,9.463801604,12.2182358,0.8868699,11.05505707,1.02205594,5.809903558,1.473038889,103.6822748,2.236065e+008,14.50444734,23.02430276,7.850589628,7.216977142,4.393482189,18.05791543,26.42926459,2.184853777,136.9306394,18.92628883,223.6067977,,63.26074302,30.12028667,,,ECAL_Bloom(Prather)_252403.csv,,5.25969762,0.092921136,70.71072055,4.378841551,46.66320393,,,,
,,,SD:,3.8%,0.119577736,0.016333592,0.027778863,0.147478243,0.120151461,1289.100693,0.003802096,0.001654512,0.002469785,0.012488835,0.001214291,0.001475223,0.003664272,0.070291248,0.001168795,0.016318321,0.007563203,0.011330048,0.001529119,123.1750689,5.683170691,0.004163753,0.004003854,0.357571117,0.0%,0.004072692,0.0%,,0.0%,0.000334317,,,ECAL_Bloom(Prather)_252403.csv,,0.415527182,1.106722396,0.0%,1526.768174,0.332044818,,,,
,,,,,,,,,,,,,,,,,,,,,,,,,,,,,,,,,,,,,ECAL_Bloom(Prather)_252403.csv,,,,,,,,,,
,,,,,,,,,,,,,,,,,,,,,,,,,,,,,,,,,,,,,ECAL_Bloom(Prather)_252403.csv,,,,,,,,,,
,,,,,,,,,,,,,,,,,,,,,,,,,,,,,,,,,,,,,ECAL_Bloom(Prather)_252403.csv,,,,,,,,,,
No,,Sample Type,Label,6Li (KED),23Na (KED) [ppb],24Mg (KED) [ppb],27Al (KED) [ppb],39K (KED) [ppb],44Ca (KED) [ppb],32S (KED) [ppb],51V (KED) [ppb],52Cr (KED) [ppb],55Mn (KED) [ppb],57Fe (KED) [ppb],59Co (KED) [ppb],60Ni (KED) [ppb],63Cu (KED) [ppb],66Zn (KED) [ppb],71Ga (KED) [ppb],72Ge (KED) [ppb],75As (KED) [ppb],77Se (KED) [ppb],88Sr (KED) [ppb],95Mo (KED) [ppb],105Pd (KED) [ppb],107Ag (KED) [ppb],111Cd (KED) [ppb],182W (KED) [ppb],45Sc (KED),208Pb (KED) [ppb],89Y (KED),,209Bi (KED),238U (KED) [ppb],,,ECAL_Bloom(Prather)_252403.csv,,31P (KED) [ppb],90Zr (KED) [ppb],115In (KED),118Sn (KED) [ppb],130Te (KED) [ppb],,,,
9,,UNKNOWN,09_IB_0213SF,621.9%,219307.3373,34639.99805,1592.377665,20127.82595,19009.44912,-2117380.288,15.85323654,5.139445519,262.072121,2216.644374,1.991322112,13.21303551,2.196462223,490.2438545,0.296716869,3.357035934,2.363859445,0.272335593,686.0083545,38102.54718,937.3306777,0.046459676,0.89602569,68.40817652,333.5%,7.072161713,513.1%,,199.1%,0.421968246,,,ECAL_Bloom(Prather)_252403.csv,,6302.689443,-1430.760853,449.5%,235727.9459,69.28852433,,,,
,,,,,,,,,,,,,,,,,,,,,,,,,,,,,,,,,,,,,ECAL_Bloom(Prather)_252403.csv,,,,,,,,,,
9,,,1,658.2%,208748.169,33674.31394,1545.692036,19741.41593,18419.59301,-2080982.691,15.24907406,4.985121165,254.3559618,2183.122592,1.990923997,12.75664325,2.104931079,479.0538184,0.290065149,3.291354045,2.319131888,0.26626875,671.0125179,37612.12726,893.7482327,0.038636174,0.89691144,68.87303813,335.6%,7.385029797,507.0%,,203.1%,0.421620698,,,ECAL_Bloom(Prather)_252403.csv,,6095.478422,-1588.68759,445.3%,228533.0022,70.66292404,,,,
,,,,,,,,,,,,,,,,,,,,,,,,,,,,,,,,,,,,,ECAL_Bloom(Prather)_252403.csv,,,,,,,,,,
,,,,,,,,,,,,,,,,,,,,,,,,,,,,,,,,,,,,,ECAL_Bloom(Prather)_252403.csv,,,,,,,,,,
,,,,,,,,,,,,,,,,,,,,,,,,,,,,,,,,,,,,,ECAL_Bloom(Prather)_252403.csv,,,,,,,,,,
9,,,2,690.7%,217676.2728,34012.66835,1566.655312,19712.11527,18941.98374,-2064457.589,15.71160897,5.111543988,260.3653671,2188.209251,1.981298621,13.21570406,2.188159299,488.4005475,0.303593925,3.127146659,2.353309138,0.279750634,674.5352827,37731.49663,1004.433321,0.067317079,0.874312548,68.62346508,342.2%,6.946792238,510.2%,,197.6%,0.428759522,,,ECAL_Bloom(Prather)_252403.csv,,6191.414555,-1512.465752,448.0%,251867.6402,70.11064462,,,,
,,,,,,,,,,,,,,,,,,,,,,,,,,,,,,,,,,,,,ECAL_Bloom(Prather)_252403.csv,,,,,,,,,,
,,,,,,,,,,,,,,,,,,,,,,,,,,,,,,,,,,,,,ECAL_Bloom(Prather)_252403.csv,,,,,,,,,,
,,,,,,,,,,,,,,,,,,,,,,,,,,,,,,,,,,,,,ECAL_Bloom(Prather)_252403.csv,,,,,,,,,,
9,,,3,565.1%,218731.5429,34672.05393,1574.108044,20148.95741,19116.3964,-2098082.843,16.06751476,5.21176109,263.3035614,2227.418588,1.955427322,13.44736157,2.229318168,492.8090278,0.281609736,3.090656319,2.368168553,0.2696392,695.9598288,38016.23733,897.2076716,0.047758741,0.931919549,68.10867899,329.3%,6.944454174,512.8%,,200.1%,0.421207606,,,ECAL_Bloom(Prather)_252403.csv,,6281.738202,-1344.782121,454.5%,221079.0822,65.57034381,,,,
,,,,,,,,,,,,,,,,,,,,,,,,,,,,,,,,,,,,,ECAL_Bloom(Prather)_252403.csv,,,,,,,,,,
,,,,,,,,,,,,,,,,,,,,,,,,,,,,,,,,,,,,,ECAL_Bloom(Prather)_252403.csv,,,,,,,,,,
,,,,,,,,,,,,,,,,,,,,,,,,,,,,,,,,,,,,,ECAL_Bloom(Prather)_252403.csv,,,,,,,,,,
9,,,4,590.7%,226349.0625,35108.16654,1622.031661,20423.20279,19278.22133,-2170841.718,15.9788039,5.165831536,265.4140953,2246.364217,2.0220229,13.43300727,2.228417858,493.8123529,0.309794889,3.747482214,2.435779969,0.219081764,682.0706085,37731.51595,911.0436492,0.043953054,0.869436624,69.3875641,333.2%,7.112788861,514.4%,,199.2%,0.423476988,,,ECAL_Bloom(Prather)_252403.csv,,6490.844012,-1339.906156,449.2%,240200.3426,71.70597018,,,,
,,,,,,,,,,,,,,,,,,,,,,,,,,,,,,,,,,,,,ECAL_Bloom(Prather)_252403.csv,,,,,,,,,,
,,,,,,,,,,,,,,,,,,,,,,,,,,,,,,,,,,,,,ECAL_Bloom(Prather)_252403.csv,,,,,,,,,,
,,,,,,,,,,,,,,,,,,,,,,,,,,,,,,,,,,,,,ECAL_Bloom(Prather)_252403.csv,,,,,,,,,,
9,,,5,604.7%,225031.6395,35732.78752,1653.401272,20613.43838,19291.05113,-2172536.601,16.25918103,5.222969815,266.9216196,2238.107224,2.00693772,13.2124614,2.23148471,497.1435259,0.298520645,3.528540432,2.342907675,0.326937616,706.4635347,39421.35874,980.2205141,0.034633335,0.90754829,67.04813629,327.5%,6.971743495,521.0%,,195.2%,0.414776415,,,ECAL_Bloom(Prather)_252403.csv,,6453.972025,-1367.962647,450.3%,236959.6622,68.39273903,,,,
,,,,,,,,,,,,,,,,,,,,,,,,,,,,,,,,,,,,,ECAL_Bloom(Prather)_252403.csv,,,,,,,,,,
,,,,,,,,,,,,,,,,,,,,,,,,,,,,,,,,,,,,,ECAL_Bloom(Prather)_252403.csv,,,,,,,,,,
,,,,,,,,,,,,,,,,,,,,,,,,,,,,,,,,,,,,,ECAL_Bloom(Prather)_252403.csv,,,,,,,,,,
,,,Mean:,621.9%,219307.3373,34639.99805,1592.377665,20127.82595,19009.44912,-2117380.288,15.85323654,5.139445519,262.072121,2216.644374,1.991322112,13.21303551,2.196462223,490.2438545,0.296716869,3.357035934,2.363859445,0.272335593,686.0083545,38102.54718,937.3306777,0.046459676,0.89602569,68.40817652,333.5%,7.072161713,513.1%,,199.1%,0.421968246,,,ECAL_Bloom(Prather)_252403.csv,,6302.689443,-1430.760853,449.5%,235727.9459,69.28852433,,,,
,,,RSD [%]:,8.255607377,3.198712064,2.389494197,2.769259545,1.996038253,1.888413058,2.407980564,2.466413509,1.883863923,1.894997857,1.313770062,1.274251305,2.112343145,2.470079028,1.426164051,3.745540709,8.292456815,1.861118829,14.12195333,2.173719304,1.973862004,5.477103546,27.3124635,2.845551982,1.299504917,1.732905694,2.660861948,1.016736408,,1.465922893,1.189768781,,,ECAL_Bloom(Prather)_252403.csv,,2.679070679,7.908023498,0.748263505,4.966998608,3.463491274,,,,
,,,SD:,51.3%,7015.010256,827.7207434,44.09707047,401.7591055,358.9769194,50986.10581,0.391006368,0.09682016,4.966261079,29.12161016,0.025374448,0.27910465,0.054254353,6.991681616,0.011113651,0.278380755,0.043994233,0.038459105,14.91189603,752.0917014,51.33857179,0.012689282,0.025496877,0.888967617,5.8%,0.18818046,5.2%,,2.9%,0.005020446,,,ECAL_Bloom(Prather)_252403.csv,,168.8535048,113.1449045,3.4%,11708.60379,2.399801995,,,,
,,,,,,,,,,,,,,,,,,,,,,,,,,,,,,,,,,,,,ECAL_Bloom(Prather)_252403.csv,,,,,,,,,,
,,,,,,,,,,,,,,,,,,,,,,,,,,,,,,,,,,,,,ECAL_Bloom(Prather)_252403.csv,,,,,,,,,,
,,,,,,,,,,,,,,,,,,,,,,,,,,,,,,,,,,,,,ECAL_Bloom(Prather)_252403.csv,,,,,,,,,,
No,,Sample Type,Label,6Li (KED),23Na (KED) [ppb],24Mg (KED) [ppb],27Al (KED) [ppb],39K (KED) [ppb],44Ca (KED) [ppb],32S (KED) [ppb],51V (KED) [ppb],52Cr (KED) [ppb],55Mn (KED) [ppb],57Fe (KED) [ppb],59Co (KED) [ppb],60Ni (KED) [ppb],63Cu (KED) [ppb],66Zn (KED) [ppb],71Ga (KED) [ppb],72Ge (KED) [ppb],75As (KED) [ppb],77Se (KED) [ppb],88Sr (KED) [ppb],95Mo (KED) [ppb],105Pd (KED) [ppb],107Ag (KED) [ppb],111Cd (KED) [ppb],182W (KED) [ppb],45Sc (KED),208Pb (KED) [ppb],89Y (KED),,209Bi (KED),238U (KED) [ppb],,,ECAL_Bloom(Prather)_252403.csv,,31P (KED) [ppb],90Zr (KED) [ppb],115In (KED),118Sn (KED) [ppb],130Te (KED) [ppb],,,,
10,,UNKNOWN,10_IB_0214SF,622.8%,86671.12077,18348.31585,2608.486234,15777.89459,14126.3062,-1083273.624,32.37476347,3.704862594,313.869471,2112.841379,4.273959426,12.91077022,43.48106966,337.449248,0.921480022,9.881717425,8.222763568,1.315847335,361.0840284,57784.04586,679.300484,0.109437307,0.76255563,35.64168473,666.1%,12.8182913,958.8%,,541.8%,1.405243053,,,ECAL_Bloom(Prather)_252403.csv,,3356.630263,-12891.17949,548.7%,246487.9353,100.7415766,,,,
,,,,,,,,,,,,,,,,,,,,,,,,,,,,,,,,,,,,,ECAL_Bloom(Prather)_252403.csv,,,,,,,,,,
10,,,1,600.0%,86428.06994,18117.37341,2578.309671,15687.82351,14028.4124,-1030031.298,31.92535508,3.666954973,307.355784,2092.437512,4.293762852,12.85605432,43.69273391,337.4443392,0.942905082,9.786840105,8.265214996,1.331351921,357.8982003,56369.11621,603.2071474,0.143528929,0.758656428,36.68932988,646.9%,13.35830291,963.5%,,549.3%,1.406933346,,,ECAL_Bloom(Prather)_252403.csv,,3366.848296,-12609.14959,543.4%,232097.9297,100.6065942,,,,
,,,,,,,,,,,,,,,,,,,,,,,,,,,,,,,,,,,,,ECAL_Bloom(Prather)_252403.csv,,,,,,,,,,
,,,,,,,,,,,,,,,,,,,,,,,,,,,,,,,,,,,,,ECAL_Bloom(Prather)_252403.csv,,,,,,,,,,
,,,,,,,,,,,,,,,,,,,,,,,,,,,,,,,,,,,,,ECAL_Bloom(Prather)_252403.csv,,,,,,,,,,
10,,,2,611.6%,85975.5819,18374.97789,2631.989406,15676.10325,14269.63685,-1119833.101,32.69805111,3.694437824,311.3965401,2136.915069,4.294335205,12.88146056,43.38277442,339.6127034,0.939522738,10.09703323,8.200533174,1.21675354,363.740769,58041.31403,651.6299802,0.075191469,0.78435644,35.64478021,654.6%,13.10824549,965.5%,,539.7%,1.414099869,,,ECAL_Bloom(Prather)_252403.csv,,3358.712826,-12776.23512,550.1%,251867.5948,100.2997566,,,,
,,,,,,,,,,,,,,,,,,,,,,,,,,,,,,,,,,,,,ECAL_Bloom(Prather)_252403.csv,,,,,,,,,,
,,,,,,,,,,,,,,,,,,,,,,,,,,,,,,,,,,,,,ECAL_Bloom(Prather)_252403.csv,,,,,,,,,,
,,,,,,,,,,,,,,,,,,,,,,,,,,,,,,,,,,,,,ECAL_Bloom(Prather)_252403.csv,,,,,,,,,,
10,,,3,600.0%,87501.4569,18454.74355,2603.071186,15756.30832,14101.27598,-1043390.87,32.60862281,3.721541546,315.5407538,2090.43754,4.222017323,12.94248632,43.63482029,336.9120049,0.910767298,9.385411992,8.32357574,1.344834054,363.3128701,58417.99128,682.759126,0.154779151,0.738716524,36.64250523,667.5%,12.43817409,960.3%,,535.9%,1.41568075,,,ECAL_Bloom(Prather)_252403.csv,,3286.820144,-13182.66351,552.9%,244737.9181,102.6928765,,,,
,,,,,,,,,,,,,,,,,,,,,,,,,,,,,,,,,,,,,ECAL_Bloom(Prather)_252403.csv,,,,,,,,,,
,,,,,,,,,,,,,,,,,,,,,,,,,,,,,,,,,,,,,ECAL_Bloom(Prather)_252403.csv,,,,,,,,,,
,,,,,,,,,,,,,,,,,,,,,,,,,,,,,,,,,,,,,ECAL_Bloom(Prather)_252403.csv,,,,,,,,,,
10,,,4,697.7%,86716.24326,18382.26153,2620.038591,15855.27456,14180.79654,-1047530.23,32.44905772,3.676429854,316.0048348,2142.519966,4.257650191,12.90086646,43.17918056,336.3145904,0.916405958,9.622614581,8.185295168,1.311128423,357.1258294,57747.32139,686.2175825,0.079264791,0.767075627,34.81851855,685.0%,12.55579444,942.3%,,545.6%,1.400703383,,,ECAL_Bloom(Prather)_252403.csv,,3386.505028,-12954.94357,553.2%,246034.4951,100.4838792,,,,
,,,,,,,,,,,,,,,,,,,,,,,,,,,,,,,,,,,,,ECAL_Bloom(Prather)_252403.csv,,,,,,,,,,
,,,,,,,,,,,,,,,,,,,,,,,,,,,,,,,,,,,,,ECAL_Bloom(Prather)_252403.csv,,,,,,,,,,
,,,,,,,,,,,,,,,,,,,,,,,,,,,,,,,,,,,,,ECAL_Bloom(Prather)_252403.csv,,,,,,,,,,
10,,,5,604.7%,86734.25184,18412.22286,2609.022318,15913.96333,14051.40921,-1175582.622,32.19273064,3.764948774,319.0494425,2101.896809,4.302031558,12.97298345,43.51583915,336.9626023,0.897799035,10.51668722,8.139198761,1.375168737,363.3424732,58344.48641,772.6885841,0.094422192,0.763973129,34.41328977,676.5%,12.63093958,962.3%,,538.2%,1.388797915,,,ECAL_Bloom(Prather)_252403.csv,,3384.265022,-12932.90568,544.2%,257701.7389,99.62477639,,,,
,,,,,,,,,,,,,,,,,,,,,,,,,,,,,,,,,,,,,ECAL_Bloom(Prather)_252403.csv,,,,,,,,,,
,,,,,,,,,,,,,,,,,,,,,,,,,,,,,,,,,,,,,ECAL_Bloom(Prather)_252403.csv,,,,,,,,,,
,,,,,,,,,,,,,,,,,,,,,,,,,,,,,,,,,,,,,ECAL_Bloom(Prather)_252403.csv,,,,,,,,,,
,,,Mean:,622.8%,86671.12077,18348.31585,2608.486234,15777.89459,14126.3062,-1083273.624,32.37476347,3.704862594,313.869471,2112.841379,4.273959426,12.91077022,43.48106966,337.449248,0.921480022,9.881717425,8.222763568,1.315847335,361.0840284,57784.04586,679.300484,0.109437307,0.76255563,35.64168473,666.1%,12.8182913,958.8%,,541.8%,1.405243053,,,ECAL_Bloom(Prather)_252403.csv,,3356.630263,-12891.17949,548.7%,246487.9353,100.7415766,,,,
,,,RSD [%]:,6.765033926,0.641968003,0.724106468,0.77295443,0.660509231,0.701964525,5.757631083,0.97656311,1.066304817,1.448934321,1.182860727,0.789935866,0.363859279,0.474752108,0.377572027,2.091580387,4.445769665,0.877945147,4.566365166,0.907423527,1.444165302,9.115453205,33.96556638,2.156035277,2.904197365,2.333325665,3.081732282,0.982666501,,1.024121032,0.780593852,,,ECAL_Bloom(Prather)_252403.csv,,1.213661395,1.661584853,0.854587959,3.875600012,1.146341736,,,,
,,,SD:,42.1%,556.4008634,132.8613418,20.1624099,104.2144502,99.16165823,62370.89889,0.316159997,0.039505128,4.547762489,24.9919709,0.033761538,0.046977035,0.206427295,1.274113966,0.019273495,0.439318396,0.072191354,0.060086394,3.276561425,834.4971406,61.92131775,0.037171001,0.016440968,1.035104869,15.5%,0.395025421,9.4%,,5.5%,0.010969241,,,ECAL_Bloom(Prather)_252403.csv,,40.73812568,214.1978858,4.7%,9552.88645,1.154842738,,,,
,,,,,,,,,,,,,,,,,,,,,,,,,,,,,,,,,,,,,ECAL_Bloom(Prather)_252403.csv,,,,,,,,,,
,,,,,,,,,,,,,,,,,,,,,,,,,,,,,,,,,,,,,ECAL_Bloom(Prather)_252403.csv,,,,,,,,,,
,,,,,,,,,,,,,,,,,,,,,,,,,,,,,,,,,,,,,ECAL_Bloom(Prather)_252403.csv,,,,,,,,,,
No,,Sample Type,Label,6Li (KED),23Na (KED) [ppb],24Mg (KED) [ppb],27Al (KED) [ppb],39K (KED) [ppb],44Ca (KED) [ppb],32S (KED) [ppb],51V (KED) [ppb],52Cr (KED) [ppb],55Mn (KED) [ppb],57Fe (KED) [ppb],59Co (KED) [ppb],60Ni (KED) [ppb],63Cu (KED) [ppb],66Zn (KED) [ppb],71Ga (KED) [ppb],72Ge (KED) [ppb],75As (KED) [ppb],77Se (KED) [ppb],88Sr (KED) [ppb],95Mo (KED) [ppb],105Pd (KED) [ppb],107Ag (KED) [ppb],111Cd (KED) [ppb],182W (KED) [ppb],45Sc (KED),208Pb (KED) [ppb],89Y (KED),,209Bi (KED),238U (KED) [ppb],,,ECAL_Bloom(Prather)_252403.csv,,31P (KED) [ppb],90Zr (KED) [ppb],115In (KED),118Sn (KED) [ppb],130Te (KED) [ppb],,,,
11,,UNKNOWN,11_IB_0218SF,752.1%,368042.6548,60537.55175,194.2099641,28391.67745,25974.62651,-3795410.611,5.523310824,1.623736209,275.1485635,503.0823032,0.757221615,6.64469716,0.921331718,129.5716817,0.035396955,0.985204148,1.866522249,0.32019659,1000.488719,64826.05892,1142.097656,0.074473307,0.081063361,40.95475447,358.4%,1.145300099,469.5%,,191.3%,0.511640478,,,ECAL_Bloom(Prather)_252403.csv,,7193.190143,89.4683434,417.8%,157364.2083,59.14027449,,,,
,,,,,,,,,,,,,,,,,,,,,,,,,,,,,,,,,,,,,ECAL_Bloom(Prather)_252403.csv,,,,,,,,,,
11,,,1,672.1%,361172.0941,59866.81945,195.4269949,28184.15885,25749.64507,-3839241.478,5.507054577,1.601042589,273.4542245,507.4434067,0.76148154,6.422855503,0.914264236,129.2742384,0.031338685,0.919523784,1.885244257,0.343790048,992.7736219,63655.38228,1045.939946,0.16262542,0.086556299,39.24600247,366.7%,1.150287902,468.4%,,191.7%,0.500744432,,,ECAL_Bloom(Prather)_252403.csv,,7136.369669,85.93333761,422.4%,154317.7874,59.37340871,,,,
,,,,,,,,,,,,,,,,,,,,,,,,,,,,,,,,,,,,,ECAL_Bloom(Prather)_252403.csv,,,,,,,,,,
,,,,,,,,,,,,,,,,,,,,,,,,,,,,,,,,,,,,,ECAL_Bloom(Prather)_252403.csv,,,,,,,,,,
,,,,,,,,,,,,,,,,,,,,,,,,,,,,,,,,,,,,,ECAL_Bloom(Prather)_252403.csv,,,,,,,,,,
11,,,2,811.7%,371867.0774,60932.67128,199.6126504,28126.78205,25798.18045,-3738426.247,5.483345144,1.610497843,273.4483127,498.0240491,0.766229433,6.693004733,0.931391511,130.235464,0.034156934,0.956012372,1.869642305,0.360642559,1002.039381,63793.18927,1243.097406,0.053927653,0.080797508,41.77174819,359.6%,1.15397339,467.7%,,192.1%,0.504622173,,,ECAL_Bloom(Prather)_252403.csv,,7189.316641,100.5604277,419.1%,151725.1826,58.45310423,,,,
,,,,,,,,,,,,,,,,,,,,,,,,,,,,,,,,,,,,,ECAL_Bloom(Prather)_252403.csv,,,,,,,,,,
,,,,,,,,,,,,,,,,,,,,,,,,,,,,,,,,,,,,,ECAL_Bloom(Prather)_252403.csv,,,,,,,,,,
,,,,,,,,,,,,,,,,,,,,,,,,,,,,,,,,,,,,,ECAL_Bloom(Prather)_252403.csv,,,,,,,,,,
11,,,3,800.0%,369974.3363,60450.49459,191.088666,28470.78047,25954.19566,-3773564.789,5.5110544,1.642648762,276.3273883,506.9512269,0.771785946,6.833166066,0.937522321,130.1587286,0.039229765,1.010746586,1.8648134,0.276380139,1005.850103,64905.09006,1180.83845,0.052549264,0.080797557,40.72706822,363.2%,1.159361949,473.9%,,192.2%,0.516976525,,,ECAL_Bloom(Prather)_252403.csv,,7167.05571,93.24763547,417.8%,152697.6413,58.51451384,,,,
,,,,,,,,,,,,,,,,,,,,,,,,,,,,,,,,,,,,,ECAL_Bloom(Prather)_252403.csv,,,,,,,,,,
,,,,,,,,,,,,,,,,,,,,,,,,,,,,,,,,,,,,,ECAL_Bloom(Prather)_252403.csv,,,,,,,,,,
,,,,,,,,,,,,,,,,,,,,,,,,,,,,,,,,,,,,,ECAL_Bloom(Prather)_252403.csv,,,,,,,,,,
11,,,4,741.9%,369203.3419,60948.18345,192.0696708,28417.51451,26234.15158,-3817208.008,5.494000549,1.658723036,276.1352529,499.2014359,0.757893082,6.669494882,0.919131379,128.2900504,0.031338681,1.229682348,1.807235844,0.337049057,998.3659101,65686.16821,1070.151729,0.059115644,0.072823968,40.52450118,352.4%,1.141615707,463.7%,,190.3%,0.513820262,,,ECAL_Bloom(Prather)_252403.csv,,7209.574756,65.21112936,415.0%,166957.0297,59.1893609,,,,
,,,,,,,,,,,,,,,,,,,,,,,,,,,,,,,,,,,,,ECAL_Bloom(Prather)_252403.csv,,,,,,,,,,
,,,,,,,,,,,,,,,,,,,,,,,,,,,,,,,,,,,,,ECAL_Bloom(Prather)_252403.csv,,,,,,,,,,
,,,,,,,,,,,,,,,,,,,,,,,,,,,,,,,,,,,,,ECAL_Bloom(Prather)_252403.csv,,,,,,,,,,
11,,,5,734.9%,367996.4244,60489.59,192.8518382,28759.15139,26136.95979,-3808612.533,5.621099451,1.605768815,276.3776392,503.7913974,0.728718072,6.604964617,0.904349144,129.8999274,0.040920713,0.810055648,1.905675439,0.283121147,1003.414578,66090.46479,1170.460749,0.044148554,0.084341475,42.50445231,350.4%,1.121261547,473.7%,,190.2%,0.522038996,,,ECAL_Bloom(Prather)_252403.csv,,7263.633941,102.3891869,414.6%,161123.4004,60.17098479,,,,
,,,,,,,,,,,,,,,,,,,,,,,,,,,,,,,,,,,,,ECAL_Bloom(Prather)_252403.csv,,,,,,,,,,
,,,,,,,,,,,,,,,,,,,,,,,,,,,,,,,,,,,,,ECAL_Bloom(Prather)_252403.csv,,,,,,,,,,
,,,,,,,,,,,,,,,,,,,,,,,,,,,,,,,,,,,,,ECAL_Bloom(Prather)_252403.csv,,,,,,,,,,
,,,Mean:,752.1%,368042.6548,60537.55175,194.2099641,28391.67745,25974.62651,-3795410.611,5.523310824,1.623736209,275.1485635,503.0823032,0.757221615,6.64469716,0.921331718,129.5716817,0.035396955,0.985204148,1.866522249,0.32019659,1000.488719,64826.05892,1142.097656,0.074473307,0.081063361,40.95475447,358.4%,1.145300099,469.5%,,191.3%,0.511640478,,,ECAL_Bloom(Prather)_252403.csv,,7193.190143,89.4683434,417.8%,157364.2083,59.14027449,,,,
,,,RSD [%]:,7.474664191,1.111277074,0.731545478,1.761967468,0.889642332,0.807271883,1.045225,1.009407033,1.568592799,0.564077425,0.861509036,2.214063666,2.248158031,1.442515257,0.625092245,12.60887665,15.74628639,1.970499586,11.86257461,0.509012198,1.686661289,7.184145925,66.56174787,6.43804036,3.046242422,1.935070217,1.301867178,0.923874607,,0.50968375,1.718775892,,,ECAL_Bloom(Prather)_252403.csv,,0.665171576,16.81383226,0.763323554,4.130666183,1.190522275,,,,
,,,SD:,56.2%,4089.973646,442.8597226,3.421916386,252.5843813,209.6858566,39670.58054,0.055752688,0.025469809,1.552050933,4.334099502,0.016765369,0.149383293,0.013290351,0.809942534,0.004463158,0.155133067,0.036779813,0.037983559,5.09260962,1093.396041,82.04996225,0.049570735,0.005218892,1.247581105,6.9%,0.014910286,4.3%,,1.0%,0.008793953,,,ECAL_Bloom(Prather)_252403.csv,,47.84705627,15.04305718,3.2%,6500.190136,0.704078141,,,,
,,,,,,,,,,,,,,,,,,,,,,,,,,,,,,,,,,,,,ECAL_Bloom(Prather)_252403.csv,,,,,,,,,,
,,,,,,,,,,,,,,,,,,,,,,,,,,,,,,,,,,,,,ECAL_Bloom(Prather)_252403.csv,,,,,,,,,,
,,,,,,,,,,,,,,,,,,,,,,,,,,,,,,,,,,,,,ECAL_Bloom(Prather)_252403.csv,,,,,,,,,,
No,,Sample Type,Label,6Li (KED),23Na (KED) [ppb],24Mg (KED) [ppb],27Al (KED) [ppb],39K (KED) [ppb],44Ca (KED) [ppb],32S (KED) [ppb],51V (KED) [ppb],52Cr (KED) [ppb],55Mn (KED) [ppb],57Fe (KED) [ppb],59Co (KED) [ppb],60Ni (KED) [ppb],63Cu (KED) [ppb],66Zn (KED) [ppb],71Ga (KED) [ppb],72Ge (KED) [ppb],75As (KED) [ppb],77Se (KED) [ppb],88Sr (KED) [ppb],95Mo (KED) [ppb],105Pd (KED) [ppb],107Ag (KED) [ppb],111Cd (KED) [ppb],182W (KED) [ppb],45Sc (KED),208Pb (KED) [ppb],89Y (KED),,209Bi (KED),238U (KED) [ppb],,,ECAL_Bloom(Prather)_252403.csv,,31P (KED) [ppb],90Zr (KED) [ppb],115In (KED),118Sn (KED) [ppb],130Te (KED) [ppb],,,,
12,,UNKNOWN,12_IB_0219SF,769.8%,376549.8451,62190.00792,232.1085647,29952.41396,26954.0486,-3839295.956,5.27952838,2.079252496,296.6943362,1032.785211,0.866406821,8.499216517,0.108391735,367.1408841,0.042048023,1.762428112,1.139435782,0.295929015,1031.430382,31531.06828,1209.200772,0.076072082,0.089036944,37.08839438,421.1%,1.622034776,485.9%,,172.6%,0.473444523,,,ECAL_Bloom(Prather)_252403.csv,,7693.378338,-151.0303528,430.4%,149456.6968,62.02393342,,,,
,,,,,,,,,,,,,,,,,,,,,,,,,,,,,,,,,,,,,ECAL_Bloom(Prather)_252403.csv,,,,,,,,,,
12,,,1,753.5%,376209.8692,61650.20783,233.8572686,29534.96273,26580.31411,-3813182.663,5.185479816,2.063924928,296.9302194,1031.089767,0.854572103,8.6730666,0.106230203,367.8597225,0.036975169,1.868247218,1.15533333,0.29660312,1011.568877,30844.24131,1260.393003,0.083332675,0.077696683,35.37974387,425.2%,1.632781521,483.8%,,175.0%,0.474741787,,,ECAL_Bloom(Prather)_252403.csv,,7585.264242,-174.9233776,431.5%,148484.5385,61.45944196,,,,
,,,,,,,,,,,,,,,,,,,,,,,,,,,,,,,,,,,,,ECAL_Bloom(Prather)_252403.csv,,,,,,,,,,
,,,,,,,,,,,,,,,,,,,,,,,,,,,,,,,,,,,,,ECAL_Bloom(Prather)_252403.csv,,,,,,,,,,
,,,,,,,,,,,,,,,,,,,,,,,,,,,,,,,,,,,,,ECAL_Bloom(Prather)_252403.csv,,,,,,,,,,
12,,,2,860.5%,376114.8459,62047.61875,229.9766246,30093.24952,27096.28993,-3879222.541,5.31335958,2.082280242,296.7824229,1024.6972,0.850288725,8.254591272,0.109292345,365.4699351,0.039793435,1.758779374,1.122275249,0.310085083,1035.057565,31239.06727,1170.460411,0.068298915,0.086113249,38.43534157,427.5%,1.62173536,484.4%,,174.4%,0.471686353,,,ECAL_Bloom(Prather)_252403.csv,,7597.660283,-114.5824176,440.3%,146540.006,63.23877066,,,,
,,,,,,,,,,,,,,,,,,,,,,,,,,,,,,,,,,,,,ECAL_Bloom(Prather)_252403.csv,,,,,,,,,,
,,,,,,,,,,,,,,,,,,,,,,,,,,,,,,,,,,,,,ECAL_Bloom(Prather)_252403.csv,,,,,,,,,,
,,,,,,,,,,,,,,,,,,,,,,,,,,,,,,,,,,,,,ECAL_Bloom(Prather)_252403.csv,,,,,,,,,,
12,,,3,827.9%,376812.4347,62247.89905,230.1604375,30230.87513,27059.97918,-3829647.233,5.217449716,2.067334717,300.1669626,1042.292974,0.877730206,8.54156686,0.107851516,368.4882769,0.036411519,1.704045379,1.156819185,0.340419549,1024.209387,32790.92296,1153.166557,0.099677903,0.10161753,36.9386979,415.8%,1.639236857,484.9%,,173.9%,0.470820711,,,ECAL_Bloom(Prather)_252403.csv,,7759.067103,-140.7907181,424.1%,148808.5802,60.96860983,,,,
,,,,,,,,,,,,,,,,,,,,,,,,,,,,,,,,,,,,,ECAL_Bloom(Prather)_252403.csv,,,,,,,,,,
,,,,,,,,,,,,,,,,,,,,,,,,,,,,,,,,,,,,,ECAL_Bloom(Prather)_252403.csv,,,,,,,,,,
,,,,,,,,,,,,,,,,,,,,,,,,,,,,,,,,,,,,,ECAL_Bloom(Prather)_252403.csv,,,,,,,,,,
12,,,4,683.7%,377330.3888,62547.78799,234.1486247,29655.57647,26993.8936,-3830403.877,5.438325884,2.112553094,294.0747912,1041.754708,0.867888635,8.436834428,0.110913416,366.5359754,0.042047993,1.740534332,1.143818867,0.219081764,1042.883539,31450.24641,1122.03488,0.064492971,0.093643924,36.78283046,422.3%,1.615887301,483.3%,,171.9%,0.47685965,,,ECAL_Bloom(Prather)_252403.csv,,7820.199582,-165.7796768,428.6%,147512.1996,59.3733892,,,,
,,,,,,,,,,,,,,,,,,,,,,,,,,,,,,,,,,,,,ECAL_Bloom(Prather)_252403.csv,,,,,,,,,,
,,,,,,,,,,,,,,,,,,,,,,,,,,,,,,,,,,,,,ECAL_Bloom(Prather)_252403.csv,,,,,,,,,,
,,,,,,,,,,,,,,,,,,,,,,,,,,,,,,,,,,,,,ECAL_Bloom(Prather)_252403.csv,,,,,,,,,,
12,,,5,723.3%,376281.6869,62456.526,232.399868,30247.40595,27039.76619,-3844023.467,5.243026905,2.070169499,295.5172849,1024.091407,0.881554437,8.590023423,0.107671196,367.3505106,0.055012001,1.740534259,1.118932276,0.313455559,1043.432541,31330.86346,1339.949007,0.064557945,0.086113336,37.90535811,414.7%,1.600532843,493.0%,,168.0%,0.473114114,,,ECAL_Bloom(Prather)_252403.csv,,7704.700481,-159.0755741,427.3%,155938.1596,65.07945547,,,,
,,,,,,,,,,,,,,,,,,,,,,,,,,,,,,,,,,,,,ECAL_Bloom(Prather)_252403.csv,,,,,,,,,,
,,,,,,,,,,,,,,,,,,,,,,,,,,,,,,,,,,,,,ECAL_Bloom(Prather)_252403.csv,,,,,,,,,,
,,,,,,,,,,,,,,,,,,,,,,,,,,,,,,,,,,,,,ECAL_Bloom(Prather)_252403.csv,,,,,,,,,,
,,,Mean:,769.8%,376549.8451,62190.00792,232.1085647,29952.41396,26954.0486,-3839295.956,5.27952838,2.079252496,296.6943362,1032.785211,0.866406821,8.499216517,0.108391735,367.1408841,0.042048023,1.762428112,1.139435782,0.295929015,1031.430382,31531.06828,1209.200772,0.076072082,0.089036944,37.08839438,421.1%,1.622034776,485.9%,,172.6%,0.473444523,,,ECAL_Bloom(Prather)_252403.csv,,7693.378338,-151.0303528,430.4%,149456.6968,62.02393342,,,,
,,,RSD [%]:,9.510901658,0.136381974,0.576436546,0.852054008,1.115788586,0.787158955,0.647314683,1.903377642,0.955116831,0.7605999,0.858862457,1.590649678,1.897143245,1.640869776,0.320377281,18.059385,3.540931197,1.57545952,15.47887571,1.314241851,2.347129381,7.391560828,20.11963642,10.12674667,3.166517875,1.345139081,0.930714275,0.824690151,,1.634634837,0.511203238,,,ECAL_Bloom(Prather)_252403.csv,,1.322009889,15.83019722,1.428305635,2.495954191,3.538744149,,,,
,,,SD:,73.2%,513.5461129,358.4859334,1.977690328,334.2056162,212.1712072,24852.32646,0.100489363,0.019859291,2.256656823,8.870204436,0.013781497,0.161242312,0.001778567,1.176235981,0.007593614,0.062406367,0.017951349,0.045806484,13.55548974,740.0749676,89.37881056,0.015305426,0.009016546,1.174410638,5.7%,0.015096509,4.0%,,2.8%,0.002420264,,,ECAL_Bloom(Prather)_252403.csv,,101.7072224,23.90840271,6.1%,3730.370688,2.194868315,,,,
,,,,,,,,,,,,,,,,,,,,,,,,,,,,,,,,,,,,,ECAL_Bloom(Prather)_252403.csv,,,,,,,,,,
,,,,,,,,,,,,,,,,,,,,,,,,,,,,,,,,,,,,,ECAL_Bloom(Prather)_252403.csv,,,,,,,,,,
,,,,,,,,,,,,,,,,,,,,,,,,,,,,,,,,,,,,,ECAL_Bloom(Prather)_252403.csv,,,,,,,,,,
No,,Sample Type,Label,6Li (KED),23Na (KED) [ppb],24Mg (KED) [ppb],27Al (KED) [ppb],39K (KED) [ppb],44Ca (KED) [ppb],32S (KED) [ppb],51V (KED) [ppb],52Cr (KED) [ppb],55Mn (KED) [ppb],57Fe (KED) [ppb],59Co (KED) [ppb],60Ni (KED) [ppb],63Cu (KED) [ppb],66Zn (KED) [ppb],71Ga (KED) [ppb],72Ge (KED) [ppb],75As (KED) [ppb],77Se (KED) [ppb],88Sr (KED) [ppb],95Mo (KED) [ppb],105Pd (KED) [ppb],107Ag (KED) [ppb],111Cd (KED) [ppb],182W (KED) [ppb],45Sc (KED),208Pb (KED) [ppb],89Y (KED),,209Bi (KED),238U (KED) [ppb],,,ECAL_Bloom(Prather)_252403.csv,,31P (KED) [ppb],90Zr (KED) [ppb],115In (KED),118Sn (KED) [ppb],130Te (KED) [ppb],,,,
13,,UNKNOWN,13_IB_0219SF_D,759.1%,383324.2927,63239.76488,237.0416904,30108.01355,27120.134,-3907533.128,5.419403599,2.109830694,300.2006602,1041.736794,0.895078221,8.596291901,0.155981596,370.9097112,0.043400797,1.704044926,1.179551661,0.303344123,1039.967368,33786.36042,1097.131816,0.064770439,0.091163258,37.95212536,425.9%,1.616965663,467.4%,,159.5%,0.487407973,,,ECAL_Bloom(Prather)_252403.csv,,7879.432302,-73.99095678,413.1%,151077.0553,61.33677021,,,,
,,,,,,,,,,,,,,,,,,,,,,,,,,,,,,,,,,,,,ECAL_Bloom(Prather)_252403.csv,,,,,,,,,,
13,,,1,727.9%,381760.2641,61967.93184,233.3968022,29696.42245,26842.47776,-3871050.787,5.375439875,2.085685643,297.4800224,1036.437054,0.892322684,8.381007223,0.151262277,369.2519159,0.042611649,1.594577571,1.145676136,0.269639163,1031.707036,33461.26606,1066.693965,0.066133495,0.098959781,36.58022511,436.9%,1.622103617,470.7%,,159.9%,0.482808281,,,ECAL_Bloom(Prather)_252403.csv,,7901.615211,-66.43257298,418.2%,145567.8123,60.90732024,,,,
,,,,,,,,,,,,,,,,,,,,,,,,,,,,,,,,,,,,,ECAL_Bloom(Prather)_252403.csv,,,,,,,,,,
,,,,,,,,,,,,,,,,,,,,,,,,,,,,,,,,,,,,,ECAL_Bloom(Prather)_252403.csv,,,,,,,,,,
,,,,,,,,,,,,,,,,,,,,,,,,,,,,,,,,,,,,,ECAL_Bloom(Prather)_252403.csv,,,,,,,,,,
13,,,2,716.3%,383582.4505,63449.34461,238.5361924,30113.93491,26716.3584,-3939209.267,5.392754344,2.061843313,296.1971488,1037.355091,0.907375625,8.705820946,0.148560057,370.1553284,0.043175316,1.977716303,1.199906534,0.303344103,1033.940722,32983.82178,1101.28183,0.054320484,0.082126423,37.29729847,431.7%,1.624227042,466.1%,,159.7%,0.488283444,,,ECAL_Bloom(Prather)_252403.csv,,7714.011605,-73.74666973,411.2%,149780.7317,61.33673197,,,,
,,,,,,,,,,,,,,,,,,,,,,,,,,,,,,,,,,,,,ECAL_Bloom(Prather)_252403.csv,,,,,,,,,,
,,,,,,,,,,,,,,,,,,,,,,,,,,,,,,,,,,,,,ECAL_Bloom(Prather)_252403.csv,,,,,,,,,,
,,,,,,,,,,,,,,,,,,,,,,,,,,,,,,,,,,,,,ECAL_Bloom(Prather)_252403.csv,,,,,,,,,,
13,,,3,711.6%,381770.2247,63192.3307,241.1129208,30406.59159,27474.16385,-3914936.132,5.435929231,2.156834562,299.3186107,1038.779889,0.899385672,8.649539958,0.15990836,373.0036887,0.03979346,1.685800008,1.195078093,0.289862109,1041.669813,33782.6471,1201.591791,0.059704473,0.083898459,37.84302281,424.0%,1.622971927,469.0%,,159.8%,0.492779253,,,ECAL_Bloom(Prather)_252403.csv,,7939.697347,-18.28533024,407.0%,147836.4124,60.60049113,,,,
,,,,,,,,,,,,,,,,,,,,,,,,,,,,,,,,,,,,,ECAL_Bloom(Prather)_252403.csv,,,,,,,,,,
,,,,,,,,,,,,,,,,,,,,,,,,,,,,,,,,,,,,,ECAL_Bloom(Prather)_252403.csv,,,,,,,,,,
,,,,,,,,,,,,,,,,,,,,,,,,,,,,,,,,,,,,,ECAL_Bloom(Prather)_252403.csv,,,,,,,,,,
13,,,4,811.7%,383741.4601,63908.96172,233.3047091,30278.89322,27346.22896,-3917690.315,5.435116843,2.10915082,302.002595,1047.271696,0.878426603,8.542486675,0.164051628,369.1711718,0.040357081,1.612821154,1.186534565,0.289862121,1055.467533,35270.35332,1073.610684,0.062786266,0.090543078,38.63809296,419.3%,1.602949816,465.8%,,160.4%,0.492078647,,,ECAL_Bloom(Prather)_252403.csv,,7895.689876,-119.4596009,416.6%,157882.6027,62.19574563,,,,
,,,,,,,,,,,,,,,,,,,,,,,,,,,,,,,,,,,,,ECAL_Bloom(Prather)_252403.csv,,,,,,,,,,
,,,,,,,,,,,,,,,,,,,,,,,,,,,,,,,,,,,,,ECAL_Bloom(Prather)_252403.csv,,,,,,,,,,
,,,,,,,,,,,,,,,,,,,,,,,,,,,,,,,,,,,,,ECAL_Bloom(Prather)_252403.csv,,,,,,,,,,
13,,,5,827.9%,385767.0641,63680.25555,238.8578276,30044.22559,27221.441,-3894779.139,5.457777703,2.135639135,306.0049241,1048.840238,0.897880523,8.702604702,0.156125659,372.9664514,0.051066481,1.649309596,1.170562976,0.364013118,1037.051735,33433.71381,1042.480812,0.080907476,0.100288546,39.40198744,417.6%,1.612575915,465.2%,,157.8%,0.481090239,,,ECAL_Bloom(Prather)_252403.csv,,7946.147474,-92.03061004,412.5%,154317.7174,61.64356206,,,,
,,,,,,,,,,,,,,,,,,,,,,,,,,,,,,,,,,,,,ECAL_Bloom(Prather)_252403.csv,,,,,,,,,,
,,,,,,,,,,,,,,,,,,,,,,,,,,,,,,,,,,,,,ECAL_Bloom(Prather)_252403.csv,,,,,,,,,,
,,,,,,,,,,,,,,,,,,,,,,,,,,,,,,,,,,,,,ECAL_Bloom(Prather)_252403.csv,,,,,,,,,,
,,,Mean:,759.1%,383324.2927,63239.76488,237.0416904,30108.01355,27120.134,-3907533.128,5.419403599,2.109830694,300.2006602,1041.736794,0.895078221,8.596291901,0.155981596,370.9097112,0.043400797,1.704044926,1.179551661,0.303344123,1039.967368,33786.36042,1097.131816,0.064770439,0.091163258,37.95212536,425.9%,1.616965663,467.4%,,159.5%,0.487407973,,,ECAL_Bloom(Prather)_252403.csv,,7879.432302,-73.99095678,413.1%,151077.0553,61.33677021,,,,
,,,RSD [%]:,7.380589069,0.433970483,1.200523709,1.481903259,0.897170774,1.204520621,0.659322129,0.628159459,1.798857367,1.302377314,0.562041792,1.201340352,1.5969007,4.028198559,0.521305605,10.41403213,9.210275485,1.863428525,11.86345139,0.907406876,2.595657463,5.65468954,15.45967012,9.159276436,2.914948002,1.93007639,0.562506571,0.503737441,,0.615189579,1.088077545,,,ECAL_Bloom(Prather)_252403.csv,,1.207392507,50.35706079,1.078015211,3.298818109,1.017657629,,,,
,,,SD:,56.0%,1663.514284,759.208371,3.512728535,270.1202983,326.6676063,25763.23063,0.034042496,0.037952845,3.909745294,5.854996141,0.010752936,0.137274246,0.006283248,1.933573113,0.004519773,0.156947232,0.021980102,0.035987083,9.436735405,876.9781856,62.03939806,0.010013296,0.008349895,1.10628472,8.2%,0.009095538,2.4%,,1.0%,0.005303377,,,ECAL_Bloom(Prather)_252403.csv,,95.13567523,37.25967109,4.5%,4983.757259,0.624198321,,,,
,,,,,,,,,,,,,,,,,,,,,,,,,,,,,,,,,,,,,ECAL_Bloom(Prather)_252403.csv,,,,,,,,,,
,,,,,,,,,,,,,,,,,,,,,,,,,,,,,,,,,,,,,ECAL_Bloom(Prather)_252403.csv,,,,,,,,,,
,,,,,,,,,,,,,,,,,,,,,,,,,,,,,,,,,,,,,ECAL_Bloom(Prather)_252403.csv,,,,,,,,,,
No,,Sample Type,Label,6Li (KED),23Na (KED) [ppb],24Mg (KED) [ppb],27Al (KED) [ppb],39K (KED) [ppb],44Ca (KED) [ppb],32S (KED) [ppb],51V (KED) [ppb],52Cr (KED) [ppb],55Mn (KED) [ppb],57Fe (KED) [ppb],59Co (KED) [ppb],60Ni (KED) [ppb],63Cu (KED) [ppb],66Zn (KED) [ppb],71Ga (KED) [ppb],72Ge (KED) [ppb],75As (KED) [ppb],77Se (KED) [ppb],88Sr (KED) [ppb],95Mo (KED) [ppb],105Pd (KED) [ppb],107Ag (KED) [ppb],111Cd (KED) [ppb],182W (KED) [ppb],45Sc (KED),208Pb (KED) [ppb],89Y (KED),,209Bi (KED),238U (KED) [ppb],,,ECAL_Bloom(Prather)_252403.csv,,31P (KED) [ppb],90Zr (KED) [ppb],115In (KED),118Sn (KED) [ppb],130Te (KED) [ppb],,,,
14,,UNKNOWN,14_IB_0220SF,814.4%,394950.7417,65364.60224,212.7415336,31745.27287,27472.6146,-3985885.115,5.245479227,2.205429319,270.1140238,600.9541197,0.742610959,8.28763239,0.191144166,173.3143153,0.035960607,1.222384623,1.256143137,0.283795237,1049.08565,28511.95955,1159.392423,0.095061503,0.094618482,30.12323605,426.3%,1.210098723,480.0%,,163.9%,0.518768609,,,ECAL_Bloom(Prather)_252403.csv,,9094.433785,227.3202763,429.1%,312085.9308,61.71716916,,,,
,,,,,,,,,,,,,,,,,,,,,,,,,,,,,,,,,,,,,ECAL_Bloom(Prather)_252403.csv,,,,,,,,,,
14,,,1,858.2%,389913.981,64811.34514,210.8826146,31437.88715,27326.86323,-3896171.363,5.24090832,2.171025097,267.6162631,602.1946226,0.718994532,8.089905201,0.19413448,172.5755927,0.031338666,1.04723554,1.219221618,0.262898161,1053.212317,28236.48275,1142.789078,0.069742959,0.110920187,28.28695142,423.2%,1.238182561,486.5%,,163.1%,0.511843189,,,ECAL_Bloom(Prather)_252403.csv,,8961.90843,294.3585808,429.0%,315391.9426,62.93201236,,,,
,,,,,,,,,,,,,,,,,,,,,,,,,,,,,,,,,,,,,ECAL_Bloom(Prather)_252403.csv,,,,,,,,,,
,,,,,,,,,,,,,,,,,,,,,,,,,,,,,,,,,,,,,ECAL_Bloom(Prather)_252403.csv,,,,,,,,,,
,,,,,,,,,,,,,,,,,,,,,,,,,,,,,,,,,,,,,ECAL_Bloom(Prather)_252403.csv,,,,,,,,,,
14,,,2,816.3%,392621.2763,65619.90745,210.3921842,31156.07608,27405.29446,-3945867.734,5.24461847,2.17216072,272.5851812,603.0544199,0.748862088,8.28735837,0.190171332,172.7603707,0.037538844,1.357395745,1.260451861,0.262898182,1052.962037,28071.21492,1201.591998,0.086217342,0.096744782,30.98369222,427.9%,1.231793311,478.4%,,165.2%,0.521870671,,,ECAL_Bloom(Prather)_252403.csv,,9103.160208,223.0571742,429.2%,305344.5563,62.62521614,,,,
,,,,,,,,,,,,,,,,,,,,,,,,,,,,,,,,,,,,,ECAL_Bloom(Prather)_252403.csv,,,,,,,,,,
,,,,,,,,,,,,,,,,,,,,,,,,,,,,,,,,,,,,,ECAL_Bloom(Prather)_252403.csv,,,,,,,,,,
,,,,,,,,,,,,,,,,,,,,,,,,,,,,,,,,,,,,,ECAL_Bloom(Prather)_252403.csv,,,,,,,,,,
14,,,3,851.2%,398350.7826,65657.30991,211.9564242,31974.65763,27504.90696,-3956793.671,5.293915214,2.252211403,267.5985275,602.1522352,0.762755393,8.382390234,0.179182948,174.1228142,0.038666134,1.412129522,1.280509888,0.310085103,1042.240345,27814.13153,1101.282958,0.070793002,0.092757933,31.23314447,426.7%,1.1859241,476.0%,,161.4%,0.516955938,,,ECAL_Bloom(Prather)_252403.csv,,9383.76478,265.7149323,432.9%,312798.9903,60.96864125,,,,
,,,,,,,,,,,,,,,,,,,,,,,,,,,,,,,,,,,,,ECAL_Bloom(Prather)_252403.csv,,,,,,,,,,
,,,,,,,,,,,,,,,,,,,,,,,,,,,,,,,,,,,,,ECAL_Bloom(Prather)_252403.csv,,,,,,,,,,
,,,,,,,,,,,,,,,,,,,,,,,,,,,,,,,,,,,,,ECAL_Bloom(Prather)_252403.csv,,,,,,,,,,
14,,,4,823.3%,395195.6908,65208.75605,214.487185,31901.01241,27269.61327,-4014056.48,5.202263164,2.206600612,273.140896,596.3875643,0.736243101,8.358393806,0.193593975,172.7969561,0.036411524,1.120214066,1.258594606,0.303344088,1053.540642,29154.70851,1173.919206,0.176842658,0.083898374,30.36017978,424.1%,1.200444044,477.0%,,168.3%,0.521547504,,,ECAL_Bloom(Prather)_252403.csv,,8901.277575,143.8220081,429.2%,311502.5281,62.37980498,,,,
,,,,,,,,,,,,,,,,,,,,,,,,,,,,,,,,,,,,,ECAL_Bloom(Prather)_252403.csv,,,,,,,,,,
,,,,,,,,,,,,,,,,,,,,,,,,,,,,,,,,,,,,,ECAL_Bloom(Prather)_252403.csv,,,,,,,,,,
,,,,,,,,,,,,,,,,,,,,,,,,,,,,,,,,,,,,,ECAL_Bloom(Prather)_252403.csv,,,,,,,,,,
14,,,5,723.3%,398671.9776,65525.69264,215.9892598,32256.73109,27856.39507,-4116536.328,5.245690968,2.225148764,269.6292513,600.9817563,0.746199682,8.320114339,0.198638094,174.315843,0.035847866,1.174948244,1.26193771,0.279750648,1043.472909,29283.26003,1177.378873,0.071711556,0.088771135,29.75221237,429.4%,1.194149598,482.0%,,161.5%,0.521625742,,,ECAL_Bloom(Prather)_252403.csv,,9122.057933,209.648686,425.3%,315391.6366,59.68017106,,,,
,,,,,,,,,,,,,,,,,,,,,,,,,,,,,,,,,,,,,ECAL_Bloom(Prather)_252403.csv,,,,,,,,,,
,,,,,,,,,,,,,,,,,,,,,,,,,,,,,,,,,,,,,ECAL_Bloom(Prather)_252403.csv,,,,,,,,,,
,,,,,,,,,,,,,,,,,,,,,,,,,,,,,,,,,,,,,ECAL_Bloom(Prather)_252403.csv,,,,,,,,,,
,,,Mean:,814.4%,394950.7417,65364.60224,212.7415336,31745.27287,27472.6146,-3985885.115,5.245479227,2.205429319,270.1140238,600.9541197,0.742610959,8.28763239,0.191144166,173.3143153,0.035960607,1.222384623,1.256143137,0.283795237,1049.08565,28511.95955,1159.392423,0.095061503,0.094618482,30.12323605,426.3%,1.210098723,480.0%,,163.9%,0.518768609,,,ECAL_Bloom(Prather)_252403.csv,,9094.433785,227.3202763,429.1%,312085.9308,61.71716916,,,,
,,,RSD [%]:,6.627861023,0.949597253,0.544769477,1.131709045,1.391125228,0.84451507,2.112493939,0.620339712,1.582003863,0.980719741,0.442139533,2.188006622,1.403745265,3.836621921,0.480750735,7.789907566,12.77853804,1.786808416,7.806032737,0.543964932,2.329873043,3.331531689,48.61100138,10.86631638,3.906121812,0.608920974,1.934219508,0.897277902,,1.770965295,0.844405406,,,ECAL_Bloom(Prather)_252403.csv,,2.052877552,25.33837781,0.624468268,1.322623464,2.21114348,,,,
,,,SD:,54.0%,3750.441395,356.0864016,2.407615178,441.6164995,232.0103703,84201.58148,0.032539791,0.034889977,2.649061554,2.657055737,0.016248377,0.116337247,0.007333479,0.833209844,0.002801298,0.156202884,0.022444871,0.022153149,5.70665804,664.2924594,38.62552596,0.046210349,0.010281544,1.176650294,2.6%,0.023405966,4.3%,,2.9%,0.00438051,,,ECAL_Bloom(Prather)_252403.csv,,186.6975897,57.59927044,2.7%,4127.72175,1.364655162,,,,
,,,,,,,,,,,,,,,,,,,,,,,,,,,,,,,,,,,,,ECAL_Bloom(Prather)_252403.csv,,,,,,,,,,
,,,,,,,,,,,,,,,,,,,,,,,,,,,,,,,,,,,,,ECAL_Bloom(Prather)_252403.csv,,,,,,,,,,
,,,,,,,,,,,,,,,,,,,,,,,,,,,,,,,,,,,,,ECAL_Bloom(Prather)_252403.csv,,,,,,,,,,
No,,Sample Type,Label,6Li (KED),23Na (KED) [ppb],24Mg (KED) [ppb],27Al (KED) [ppb],39K (KED) [ppb],44Ca (KED) [ppb],32S (KED) [ppb],51V (KED) [ppb],52Cr (KED) [ppb],55Mn (KED) [ppb],57Fe (KED) [ppb],59Co (KED) [ppb],60Ni (KED) [ppb],63Cu (KED) [ppb],66Zn (KED) [ppb],71Ga (KED) [ppb],72Ge (KED) [ppb],75As (KED) [ppb],77Se (KED) [ppb],88Sr (KED) [ppb],95Mo (KED) [ppb],105Pd (KED) [ppb],107Ag (KED) [ppb],111Cd (KED) [ppb],182W (KED) [ppb],45Sc (KED),208Pb (KED) [ppb],89Y (KED),,209Bi (KED),238U (KED) [ppb],,,ECAL_Bloom(Prather)_252403.csv,,31P (KED) [ppb],90Zr (KED) [ppb],115In (KED),118Sn (KED) [ppb],130Te (KED) [ppb],,,,
15,,UNKNOWN,15_IB_0214AD,766.1%,150214.5928,42776.00034,35833.72087,31616.07011,24386.82983,-1748240.978,85.69933111,36.7073989,703.2872169,29592.32521,13.50426689,36.96276895,109.7636002,517.8837454,9.404711766,71.2248487,14.06527862,4.841502589,637.7585868,466628.1896,1706.602723,4.287008808,1.144818379,411.7959377,"1,093.9%",27.54454997,"1,815.2%",,521.1%,3.776818574,,,ECAL_Bloom(Prather)_252403.csv,,5268.816422,-11482.42538,442.5%,2711875.854,378.8179942,,,,
,,,,,,,,,,,,,,,,,,,,,,,,,,,,,,,,,,,,,ECAL_Bloom(Prather)_252403.csv,,,,,,,,,,
15,,,1,751.2%,147543.0078,41831.86791,34880.72446,30660.02038,23730.76711,-1695972.018,84.07826638,36.1671491,693.7490224,29265.19939,13.37546507,36.68334265,107.8004341,512.694327,9.448142653,69.58155804,14.0626027,4.991834626,634.7837478,464973.8631,1744.652296,4.265851507,1.091458281,428.051039,"1,067.6%",27.58635787,"1,804.7%",,510.1%,3.844374405,,,ECAL_Bloom(Prather)_252403.csv,,5043.812818,-11218.38013,437.0%,2736998.434,384.7262356,,,,
,,,,,,,,,,,,,,,,,,,,,,,,,,,,,,,,,,,,,ECAL_Bloom(Prather)_252403.csv,,,,,,,,,,
,,,,,,,,,,,,,,,,,,,,,,,,,,,,,,,,,,,,,ECAL_Bloom(Prather)_252403.csv,,,,,,,,,,
,,,,,,,,,,,,,,,,,,,,,,,,,,,,,,,,,,,,,ECAL_Bloom(Prather)_252403.csv,,,,,,,,,,
15,,,2,741.9%,149336.395,42067.07029,35243.34098,31340.84513,24109.73035,-1738465.139,85.57310861,36.72268254,704.9579084,29523.91623,13.41393912,36.68137374,108.2087311,515.6807383,9.375759827,71.69958856,14.11467285,4.526682217,631.1506443,462018.7064,1730.816311,4.248112014,1.196052025,413.4180723,"1,088.2%",27.48244579,"1,779.8%",,521.1%,3.853131308,,,ECAL_Bloom(Prather)_252403.csv,,5192.54844,-11598.29314,440.8%,2740567.013,389.4556942,,,,
,,,,,,,,,,,,,,,,,,,,,,,,,,,,,,,,,,,,,ECAL_Bloom(Prather)_252403.csv,,,,,,,,,,
,,,,,,,,,,,,,,,,,,,,,,,,,,,,,,,,,,,,,ECAL_Bloom(Prather)_252403.csv,,,,,,,,,,
,,,,,,,,,,,,,,,,,,,,,,,,,,,,,,,,,,,,,ECAL_Bloom(Prather)_252403.csv,,,,,,,,,,
15,,,3,751.2%,151175.9404,42720.0384,36340.07473,31688.5608,24729.91805,-1749058.153,85.44843837,36.61668292,705.0879693,29673.27012,13.53699418,37.06664229,110.1852596,516.4570226,9.40063933,70.80487133,14.08863837,4.860377652,645.3951013,464723.3491,1668.552534,4.306931906,1.172561578,407.8258911,"1,095.5%",27.79661272,"1,841.4%",,523.9%,3.703946909,,,ECAL_Bloom(Prather)_252403.csv,,5345.244934,-11627.04149,443.8%,2650340.341,375.6982769,,,,
,,,,,,,,,,,,,,,,,,,,,,,,,,,,,,,,,,,,,ECAL_Bloom(Prather)_252403.csv,,,,,,,,,,
,,,,,,,,,,,,,,,,,,,,,,,,,,,,,,,,,,,,,ECAL_Bloom(Prather)_252403.csv,,,,,,,,,,
,,,,,,,,,,,,,,,,,,,,,,,,,,,,,,,,,,,,,ECAL_Bloom(Prather)_252403.csv,,,,,,,,,,
15,,,4,827.9%,151726.1945,43721.08555,36384.84653,32110.18409,24425.14978,-1767853.187,86.07130599,36.76782441,701.6147518,29768.67706,13.54466485,36.99193329,110.7661548,526.4765874,9.378595104,72.57597805,14.04102376,4.91431007,643.0941357,463398.0422,1651.258639,4.302886772,1.136664027,402.3453421,"1,101.6%",27.49854913,"1,812.3%",,523.0%,3.733133165,,,ECAL_Bloom(Prather)_252403.csv,,5391.081598,-11503.48721,441.1%,2690580.07,376.3735295,,,,
,,,,,,,,,,,,,,,,,,,,,,,,,,,,,,,,,,,,,ECAL_Bloom(Prather)_252403.csv,,,,,,,,,,
,,,,,,,,,,,,,,,,,,,,,,,,,,,,,,,,,,,,,ECAL_Bloom(Prather)_252403.csv,,,,,,,,,,
,,,,,,,,,,,,,,,,,,,,,,,,,,,,,,,,,,,,,ECAL_Bloom(Prather)_252403.csv,,,,,,,,,,
15,,,5,758.2%,151291.4263,43539.93956,36319.61765,32280.74014,24938.58385,-1789856.391,87.32553621,37.26265553,711.0264324,29730.56325,13.65027122,37.39055278,111.8574213,518.1100516,9.420421913,71.46224752,14.01945542,4.914308381,634.3693049,478026.9871,1737.733833,4.31126184,1.127355985,407.3393439,"1,116.6%",27.35878434,"1,837.6%",,527.5%,3.749507085,,,ECAL_Bloom(Prather)_252403.csv,,5371.394319,-11464.92492,449.5%,2740893.412,367.8362351,,,,
,,,,,,,,,,,,,,,,,,,,,,,,,,,,,,,,,,,,,ECAL_Bloom(Prather)_252403.csv,,,,,,,,,,
,,,,,,,,,,,,,,,,,,,,,,,,,,,,,,,,,,,,,ECAL_Bloom(Prather)_252403.csv,,,,,,,,,,
,,,,,,,,,,,,,,,,,,,,,,,,,,,,,,,,,,,,,ECAL_Bloom(Prather)_252403.csv,,,,,,,,,,
,,,Mean:,766.1%,150214.5928,42776.00034,35833.72087,31616.07011,24386.82983,-1748240.978,85.69933111,36.7073989,703.2872169,29592.32521,13.50426689,36.96276895,109.7636002,517.8837454,9.404711766,71.2248487,14.06527862,4.841502589,637.7585868,466628.1896,1706.602723,4.287008808,1.144818379,411.7959377,"1,093.9%",27.54454997,"1,815.2%",,521.1%,3.776818574,,,ECAL_Bloom(Prather)_252403.csv,,5268.816422,-11482.42538,442.5%,2711875.854,378.8179942,,,,
,,,RSD [%]:,4.577139082,1.166297269,1.981548967,1.999265425,2.050416341,1.978089064,2.011135496,1.366987192,1.06585074,0.898451687,0.693473967,0.817659488,0.802446522,1.567337542,1.001981421,0.322072332,1.567222345,0.267930593,3.761623552,0.962707919,1.388757798,2.539645618,0.659544449,3.551751187,2.403354785,1.648298989,0.590345342,1.394019504,,1.264674075,1.793436494,,,ECAL_Bloom(Prather)_252403.csv,,2.8112192,1.409728534,1.044541665,1.490637365,2.225794952,,,,
,,,SD:,35.1%,1751.948693,847.6273931,716.4111917,648.2610679,482.393214,35159.49485,1.17149888,0.391246083,6.318695865,205.2150715,0.11041892,0.296606454,1.720366113,5.189098914,0.030289974,1.116251744,0.037685184,0.182119102,6.139752417,6480.335373,43.34166126,0.028274729,0.0406611,9.896917374,18.0%,0.162607968,25.3%,,6.6%,0.067734843,,,ECAL_Bloom(Prather)_252403.csv,,148.1179788,161.871027,4.6%,40424.23477,8.431711794,,,,
,,,,,,,,,,,,,,,,,,,,,,,,,,,,,,,,,,,,,ECAL_Bloom(Prather)_252403.csv,,,,,,,,,,
,,,,,,,,,,,,,,,,,,,,,,,,,,,,,,,,,,,,,ECAL_Bloom(Prather)_252403.csv,,,,,,,,,,
,,,,,,,,,,,,,,,,,,,,,,,,,,,,,,,,,,,,,ECAL_Bloom(Prather)_252403.csv,,,,,,,,,,
No,,Sample Type,Label,6Li (KED),23Na (KED) [ppb],24Mg (KED) [ppb],27Al (KED) [ppb],39K (KED) [ppb],44Ca (KED) [ppb],32S (KED) [ppb],51V (KED) [ppb],52Cr (KED) [ppb],55Mn (KED) [ppb],57Fe (KED) [ppb],59Co (KED) [ppb],60Ni (KED) [ppb],63Cu (KED) [ppb],66Zn (KED) [ppb],71Ga (KED) [ppb],72Ge (KED) [ppb],75As (KED) [ppb],77Se (KED) [ppb],88Sr (KED) [ppb],95Mo (KED) [ppb],105Pd (KED) [ppb],107Ag (KED) [ppb],111Cd (KED) [ppb],182W (KED) [ppb],45Sc (KED),208Pb (KED) [ppb],89Y (KED),,209Bi (KED),238U (KED) [ppb],,,ECAL_Bloom(Prather)_252403.csv,,31P (KED) [ppb],90Zr (KED) [ppb],115In (KED),118Sn (KED) [ppb],130Te (KED) [ppb],,,,
16,,UNKNOWN,16_IB_0319FAD,783.3%,38529.72391,5925.574987,3990.156091,2642.9187,1804.161519,-202398.4375,10.14147433,15.27003927,105.0337892,5490.280174,1.915332901,11.80506811,81.43241158,269.7754413,1.269608062,12.75009688,2.740334833,0.837232402,60.19842292,182086.3019,2666.166291,0.912141565,0.884415283,383.3000909,946.7%,20.73678967,909.4%,,794.5%,0.255297206,,,ECAL_Bloom(Prather)_252403.csv,,221.4479941,-63038.26169,731.5%,47150314.85,200.7060979,,,,
,,,,,,,,,,,,,,,,,,,,,,,,,,,,,,,,,,,,,ECAL_Bloom(Prather)_252403.csv,,,,,,,,,,
16,,,1,769.8%,37986.0273,5932.323177,4010.850565,2630.140116,1801.43045,-230179.6548,10.26592106,15.43796394,105.2435999,5457.046893,1.934541699,12.1123427,82.07996564,271.1094928,1.254156965,13.70988738,2.745981803,0.805549472,60.12970193,180834.9327,2574.843291,0.898035182,0.886276223,399.2893249,955.9%,20.42037435,900.1%,,790.0%,0.261534562,,,ECAL_Bloom(Prather)_252403.csv,,217.8615235,-59222.58192,728.0%,46859816.9,196.470549,,,,
,,,,,,,,,,,,,,,,,,,,,,,,,,,,,,,,,,,,,ECAL_Bloom(Prather)_252403.csv,,,,,,,,,,
,,,,,,,,,,,,,,,,,,,,,,,,,,,,,,,,,,,,,ECAL_Bloom(Prather)_252403.csv,,,,,,,,,,
,,,,,,,,,,,,,,,,,,,,,,,,,,,,,,,,,,,,,ECAL_Bloom(Prather)_252403.csv,,,,,,,,,,
16,,,2,804.7%,38772.63038,5909.487994,4019.031264,2642.953686,1800.236251,-223248.9685,10.16244812,15.35170261,104.822353,5447.74288,1.935238253,11.71265084,80.67281218,270.2332826,1.241751019,12.46910704,2.69211398,0.859477731,59.82347089,183368.7254,2872.340254,0.908562297,0.898684133,381.2637046,964.1%,21.09519519,902.0%,,799.3%,0.25965351,,,ECAL_Bloom(Prather)_252403.csv,,224.3059913,-61767.54651,726.5%,47198688.8,197.3913353,,,,
,,,,,,,,,,,,,,,,,,,,,,,,,,,,,,,,,,,,,ECAL_Bloom(Prather)_252403.csv,,,,,,,,,,
,,,,,,,,,,,,,,,,,,,,,,,,,,,,,,,,,,,,,ECAL_Bloom(Prather)_252403.csv,,,,,,,,,,
,,,,,,,,,,,,,,,,,,,,,,,,,,,,,,,,,,,,,ECAL_Bloom(Prather)_252403.csv,,,,,,,,,,
16,,,3,767.5%,38550.98775,5965.00111,3968.258021,2654.149159,1832.150908,-194229.1449,10.07579262,15.12492863,104.8819259,5502.669201,1.920852911,11.67845617,81.62475804,267.2584758,1.287991014,12.74279285,2.734465008,0.788696968,60.19953008,182696.2228,2751.263102,0.9151414,0.876527556,377.4122493,940.9%,20.79378939,916.0%,,807.0%,0.2520745,,,ECAL_Bloom(Prather)_252403.csv,,219.2625774,-62478.41178,732.6%,47589437.84,206.2306569,,,,
,,,,,,,,,,,,,,,,,,,,,,,,,,,,,,,,,,,,,ECAL_Bloom(Prather)_252403.csv,,,,,,,,,,
,,,,,,,,,,,,,,,,,,,,,,,,,,,,,,,,,,,,,ECAL_Bloom(Prather)_252403.csv,,,,,,,,,,
,,,,,,,,,,,,,,,,,,,,,,,,,,,,,,,,,,,,,ECAL_Bloom(Prather)_252403.csv,,,,,,,,,,
16,,,4,751.2%,38698.01569,5891.141106,3965.877005,2647.414382,1803.349795,-188720.4602,10.24451938,15.19533522,105.2741958,5527.479902,1.92572807,11.88593861,81.25366105,270.5985599,1.261489066,11.84869547,2.808022849,0.906665156,60.37797,181111.7339,2557.544643,0.925867652,0.863233227,385.1628926,947.2%,20.76705178,907.5%,,788.0%,0.248749184,,,ECAL_Bloom(Prather)_252403.csv,,218.7020523,-64586.08785,726.5%,46858673.21,202.6088896,,,,
,,,,,,,,,,,,,,,,,,,,,,,,,,,,,,,,,,,,,ECAL_Bloom(Prather)_252403.csv,,,,,,,,,,
,,,,,,,,,,,,,,,,,,,,,,,,,,,,,,,,,,,,,ECAL_Bloom(Prather)_252403.csv,,,,,,,,,,
,,,,,,,,,,,,,,,,,,,,,,,,,,,,,,,,,,,,,ECAL_Bloom(Prather)_252403.csv,,,,,,,,,,
16,,,5,823.3%,38640.95845,5929.921545,3986.763597,2639.936156,1783.64019,-175613.9592,9.958690449,15.24026597,104.9468712,5516.461992,1.860303574,11.63595225,81.53086097,269.6773952,1.302652247,12.98000165,2.721090527,0.825772682,60.46144172,182419.8948,2574.840164,0.913101297,0.897355276,373.3722831,925.3%,20.60753763,921.5%,,788.3%,0.254474276,,,ECAL_Bloom(Prather)_252403.csv,,227.1078263,-67136.68041,744.0%,47244957.49,200.829059,,,,
,,,,,,,,,,,,,,,,,,,,,,,,,,,,,,,,,,,,,ECAL_Bloom(Prather)_252403.csv,,,,,,,,,,
,,,,,,,,,,,,,,,,,,,,,,,,,,,,,,,,,,,,,ECAL_Bloom(Prather)_252403.csv,,,,,,,,,,
,,,,,,,,,,,,,,,,,,,,,,,,,,,,,,,,,,,,,ECAL_Bloom(Prather)_252403.csv,,,,,,,,,,
,,,Mean:,783.3%,38529.72391,5925.574987,3990.156091,2642.9187,1804.161519,-202398.4375,10.14147433,15.27003927,105.0337892,5490.280174,1.915332901,11.80506811,81.43241158,269.7754413,1.269608062,12.75009688,2.740334833,0.837232402,60.19842292,182086.3019,2666.166291,0.912141565,0.884415283,383.3000909,946.7%,20.73678967,909.4%,,794.5%,0.255297206,,,ECAL_Bloom(Prather)_252403.csv,,221.4479941,-63038.26169,731.5%,47150314.85,200.7060979,,,,
,,,RSD [%]:,3.787342201,0.816372532,0.46702124,0.606490665,0.337642306,0.971188891,11.52840404,1.249885927,0.817887806,0.200353642,0.652703935,1.636930191,1.662816318,0.636602879,0.556375118,1.973250444,5.356292557,1.563583267,5.604381716,0.412567366,0.591725636,5.245228314,1.110112033,1.682225086,2.59748458,1.565469382,1.2042455,1.006588015,,1.052113493,2.071032189,,,ECAL_Bloom(Prather)_252403.csv,,1.825675453,4.737840185,1.011771548,0.648144002,1.978650525,,,,
,,,SD:,29.7%,314.5460827,27.6736938,24.1999242,8.923611655,17.52181625,23333.30965,0.12675686,0.124891789,0.210439022,35.83527474,0.031352663,0.196296599,0.518401077,1.500963429,0.025052547,0.68293249,0.042847417,0.0469217,0.248359048,1077.451329,139.8465092,0.010125793,0.014877856,9.956160756,14.8%,0.249721856,9.2%,,8.4%,0.005287287,,,ECAL_Bloom(Prather)_252403.csv,,4.04292167,2986.652094,7.4%,305601.9378,3.97127226,,,,
,,,,,,,,,,,,,,,,,,,,,,,,,,,,,,,,,,,,,ECAL_Bloom(Prather)_252403.csv,,,,,,,,,,
,,,,,,,,,,,,,,,,,,,,,,,,,,,,,,,,,,,,,ECAL_Bloom(Prather)_252403.csv,,,,,,,,,,
,,,,,,,,,,,,,,,,,,,,,,,,,,,,,,,,,,,,,ECAL_Bloom(Prather)_252403.csv,,,,,,,,,,
No,,Sample Type,Label,6Li (KED),23Na (KED) [ppb],24Mg (KED) [ppb],27Al (KED) [ppb],39K (KED) [ppb],44Ca (KED) [ppb],32S (KED) [ppb],51V (KED) [ppb],52Cr (KED) [ppb],55Mn (KED) [ppb],57Fe (KED) [ppb],59Co (KED) [ppb],60Ni (KED) [ppb],63Cu (KED) [ppb],66Zn (KED) [ppb],71Ga (KED) [ppb],72Ge (KED) [ppb],75As (KED) [ppb],77Se (KED) [ppb],88Sr (KED) [ppb],95Mo (KED) [ppb],105Pd (KED) [ppb],107Ag (KED) [ppb],111Cd (KED) [ppb],182W (KED) [ppb],45Sc (KED),208Pb (KED) [ppb],89Y (KED),,209Bi (KED),238U (KED) [ppb],,,ECAL_Bloom(Prather)_252403.csv,,31P (KED) [ppb],90Zr (KED) [ppb],115In (KED),118Sn (KED) [ppb],130Te (KED) [ppb],,,,
17,,UNKNOWN,17_SF_Blank,694.0%,50.55839901,34.44953953,10.68082673,15.225191,50.92653725,-79117.21949,0.007323729,0.112039246,0.149390852,3.170667405,-0.010336558,0.035580349,0.400383172,10.57260206,0.000676371,0.014595545,0.037436701,0.008763259,0.351314117,6517.394246,283.6151046,0.080888575,0.0241858,-2.458821177,815.8%,0.06441845,719.2%,,719.6%,0.002798185,,,ECAL_Bloom(Prather)_252403.csv,,-2.129144776,-274.5182619,725.8%,31108.66028,-0.392594146,,,,
,,,,,,,,,,,,,,,,,,,,,,,,,,,,,,,,,,,,,ECAL_Bloom(Prather)_252403.csv,,,,,,,,,,
17,,,1,686.1%,50.61674668,35.11076598,10.60129233,15.20780146,50.33174846,-75990.86809,0.00817286,0.110641902,0.156150382,3.313971085,-0.009758457,0.024179819,0.409968842,10.44071129,0.000901827,-0.010946653,0.03253427,0.003370484,0.352650172,6177.831035,333.4211733,0.086876086,0.027197971,-2.804730695,804.3%,0.065760611,706.8%,,698.9%,0.002772958,,,ECAL_Bloom(Prather)_252403.csv,,-2.353262259,-287.6852858,723.7%,26960.77971,-0.625697813,,,,
,,,,,,,,,,,,,,,,,,,,,,,,,,,,,,,,,,,,,ECAL_Bloom(Prather)_252403.csv,,,,,,,,,,
,,,,,,,,,,,,,,,,,,,,,,,,,,,,,,,,,,,,,ECAL_Bloom(Prather)_252403.csv,,,,,,,,,,
,,,,,,,,,,,,,,,,,,,,,,,,,,,,,,,,,,,,,ECAL_Bloom(Prather)_252403.csv,,,,,,,,,,
17,,,2,716.3%,50.93526154,34.08651358,10.49423431,15.30561469,51.06782396,-79731.82559,0.00870357,0.122348876,0.160531444,3.083368653,-0.01126152,0.034752991,0.389788685,10.5903291,0.002029112,0.025542191,0.036991028,0.016852423,0.358216457,6682.589485,284.9988663,0.068627365,0.018781645,-4.035710579,812.6%,0.063740097,725.6%,,724.0%,0.002986417,,,ECAL_Bloom(Prather)_252403.csv,,-0.952517625,-232.8254272,720.1%,34089.94954,-0.380326042,,,,
,,,,,,,,,,,,,,,,,,,,,,,,,,,,,,,,,,,,,ECAL_Bloom(Prather)_252403.csv,,,,,,,,,,
,,,,,,,,,,,,,,,,,,,,,,,,,,,,,,,,,,,,,ECAL_Bloom(Prather)_252403.csv,,,,,,,,,,
,,,,,,,,,,,,,,,,,,,,,,,,,,,,,,,,,,,,,ECAL_Bloom(Prather)_252403.csv,,,,,,,,,,
17,,,3,653.5%,50.50310879,34.27765001,10.52482867,15.64794141,50.3170567,-80113.07464,0.006580738,0.098179957,0.145823249,3.042185486,-0.009874071,0.044406506,0.406004634,10.63485308,-0.000225457,0.007297769,0.038105213,0.010111452,0.349588389,6728.476006,278.0811991,0.094948358,0.021882367,-1.885362097,822.2%,0.065905148,716.9%,,727.8%,0.002821471,,,ECAL_Bloom(Prather)_252403.csv,,-2.91356269,-326.0850727,722.6%,26636.75361,0.04907563,,,,
,,,,,,,,,,,,,,,,,,,,,,,,,,,,,,,,,,,,,ECAL_Bloom(Prather)_252403.csv,,,,,,,,,,
,,,,,,,,,,,,,,,,,,,,,,,,,,,,,,,,,,,,,ECAL_Bloom(Prather)_252403.csv,,,,,,,,,,
,,,,,,,,,,,,,,,,,,,,,,,,,,,,,,,,,,,,,ECAL_Bloom(Prather)_252403.csv,,,,,,,,,,
17,,,4,732.6%,50.73762788,34.14489274,11.09071372,14.87090757,50.97951254,-80502.42502,0.008172859,0.11045301,0.150830315,2.88570812,-0.009874079,0.021881358,0.400418832,10.53221171,-0.000225457,0.043786649,0.040333593,0.003370484,0.334558663,6691.764469,250.4109665,0.082016447,0.027197962,-1.745202072,804.7%,0.062946322,723.6%,,719.3%,0.002879686,,,ECAL_Bloom(Prather)_252403.csv,,-2.353266181,-304.140824,736.8%,33441.83059,-0.257639359,,,,
,,,,,,,,,,,,,,,,,,,,,,,,,,,,,,,,,,,,,ECAL_Bloom(Prather)_252403.csv,,,,,,,,,,
,,,,,,,,,,,,,,,,,,,,,,,,,,,,,,,,,,,,,ECAL_Bloom(Prather)_252403.csv,,,,,,,,,,
,,,,,,,,,,,,,,,,,,,,,,,,,,,,,,,,,,,,,ECAL_Bloom(Prather)_252403.csv,,,,,,,,,,
17,,,5,681.4%,49.99925016,34.62787532,10.6930646,15.09368987,51.93654458,-79247.90412,0.004988621,0.118572487,0.13361887,3.528103679,-0.010914661,0.052681072,0.395734867,10.66490512,0.000901827,0.007297769,0.039219402,0.010111452,0.361556901,6306.310236,271.1633176,0.071974617,0.025869053,-1.823100444,835.1%,0.063740073,723.2%,,728.2%,0.002530392,,,ECAL_Bloom(Prather)_252403.csv,,-2.073115125,-221.8546997,725.7%,34413.98796,-0.748383146,,,,
,,,,,,,,,,,,,,,,,,,,,,,,,,,,,,,,,,,,,ECAL_Bloom(Prather)_252403.csv,,,,,,,,,,
,,,,,,,,,,,,,,,,,,,,,,,,,,,,,,,,,,,,,ECAL_Bloom(Prather)_252403.csv,,,,,,,,,,
,,,,,,,,,,,,,,,,,,,,,,,,,,,,,,,,,,,,,ECAL_Bloom(Prather)_252403.csv,,,,,,,,,,
,,,Mean:,694.0%,50.55839901,34.44953953,10.68082673,15.225191,50.92653725,-79117.21949,0.007323729,0.112039246,0.149390852,3.170667405,-0.010336558,0.035580349,0.400383172,10.57260206,0.000676371,0.014595545,0.037436701,0.008763259,0.351314117,6517.394246,283.6151046,0.080888575,0.0241858,-2.458821177,815.8%,0.06441845,719.2%,,719.6%,0.002798185,,,ECAL_Bloom(Prather)_252403.csv,,-2.129144776,-274.5182619,725.8%,31108.66028,-0.392594146,,,,
,,,RSD [%]:,4.46867429,0.694565855,1.234258309,2.262736839,1.88165973,1.305515825,2.285562662,20.87668044,8.295386394,6.967389084,7.941767123,6.757795901,36.87742337,2.003297086,0.84248693,139.4433378,142.5219446,8.041233006,64.35847065,2.978817175,3.927692351,10.82565644,13.32356536,15.39990999,39.89218163,1.595520695,2.068064112,1.065304036,,1.685261245,6.058658682,,,ECAL_Bloom(Prather)_252403.csv,,34.05820455,16.51508409,0.89317088,12.70249611,79.97824243,,,,
,,,SD:,31.0%,0.351161376,0.425196304,0.241679001,0.286486288,0.664854003,1808.273628,0.001528952,0.009294088,0.010408642,0.251807022,0.000698523,0.013121116,0.008020864,0.089072791,0.000943154,0.020801854,0.003010372,0.0056399,0.010465005,255.9831953,30.70319682,0.010777242,0.003724591,0.98087741,13.0%,0.001332215,7.7%,,12.1%,0.000169532,,,ECAL_Bloom(Prather)_252403.csv,,0.725148483,45.33692181,6.5%,3951.576362,0.313989898,,,,
,,,,,,,,,,,,,,,,,,,,,,,,,,,,,,,,,,,,,ECAL_Bloom(Prather)_252403.csv,,,,,,,,,,
,,,,,,,,,,,,,,,,,,,,,,,,,,,,,,,,,,,,,ECAL_Bloom(Prather)_252403.csv,,,,,,,,,,
,,,,,,,,,,,,,,,,,,,,,,,,,,,,,,,,,,,,,ECAL_Bloom(Prather)_252403.csv,,,,,,,,,,
No,,Sample Type,Label,6Li (KED),23Na (KED) [ppb],24Mg (KED) [ppb],27Al (KED) [ppb],39K (KED) [ppb],44Ca (KED) [ppb],32S (KED) [ppb],51V (KED) [ppb],52Cr (KED) [ppb],55Mn (KED) [ppb],57Fe (KED) [ppb],59Co (KED) [ppb],60Ni (KED) [ppb],63Cu (KED) [ppb],66Zn (KED) [ppb],71Ga (KED) [ppb],72Ge (KED) [ppb],75As (KED) [ppb],77Se (KED) [ppb],88Sr (KED) [ppb],95Mo (KED) [ppb],105Pd (KED) [ppb],107Ag (KED) [ppb],111Cd (KED) [ppb],182W (KED) [ppb],45Sc (KED),208Pb (KED) [ppb],89Y (KED),,209Bi (KED),238U (KED) [ppb],,,ECAL_Bloom(Prather)_252403.csv,,31P (KED) [ppb],90Zr (KED) [ppb],115In (KED),118Sn (KED) [ppb],130Te (KED) [ppb],,,,
18,,UNKNOWN,18_CCV,6.5%,138.3266756,141.6276667,137.7417297,140.2640973,141.2163152,-53484.29062,126.2522198,127.0562176,124.9598915,126.5962936,125.9081324,127.7220373,127.2446494,123.8036434,119.8621803,129.094123,115.7930957,124.1447984,119.5269363,433.119971,67.09876523,115.2398105,116.2463451,104.3216722,9.1%,107.5120039,0.5%,,12.5%,105.7664035,,,ECAL_Bloom(Prather)_252403.csv,,138.1207762,605.5075387,0.2%,-2527.570412,113.5545189,,,,
,,,,,,,,,,,,,,,,,,,,,,,,,,,,,,,,,,,,,ECAL_Bloom(Prather)_252403.csv,,,,,,,,,,
18,,,1,4.7%,141.3020806,145.8371964,139.8864489,143.0304203,144.5386211,-73666.71366,129.4603476,127.8457799,127.8843435,128.8215851,128.9502455,132.1662895,130.1509815,126.0684618,122.5564745,132.5764047,119.547888,126.9201102,123.0962164,277.1271014,63.64006933,118.5879604,119.5466336,106.265937,11.0%,107.7287001,0.6%,,17.9%,103.7385726,,,ECAL_Bloom(Prather)_252403.csv,,153.4185814,635.608956,0.2%,388.8285997,115.5795836,,,,
,,,,,,,,,,,,,,,,,,,,,,,,,,,,,,,,,,,,,ECAL_Bloom(Prather)_252403.csv,,,,,,,,,,
,,,,,,,,,,,,,,,,,,,,,,,,,,,,,,,,,,,,,ECAL_Bloom(Prather)_252403.csv,,,,,,,,,,
,,,,,,,,,,,,,,,,,,,,,,,,,,,,,,,,,,,,,ECAL_Bloom(Prather)_252403.csv,,,,,,,,,,
18,,,2,7.0%,140.2246577,142.08586,137.174797,142.8452842,145.3937255,-65404.44831,127.0299348,127.6142567,122.9599872,128.7721554,126.34396,127.9162731,127.5545839,125.1416146,122.1711428,130.1828841,115.4728332,125.8669236,121.2381054,680.8777442,53.26407017,115.6041061,116.3666327,107.6856262,9.2%,107.8122551,0.5%,,14.5%,105.9180696,,,ECAL_Bloom(Prather)_252403.csv,,137.4484011,588.0802521,0.2%,-583.2639628,114.2908692,,,,
,,,,,,,,,,,,,,,,,,,,,,,,,,,,,,,,,,,,,ECAL_Bloom(Prather)_252403.csv,,,,,,,,,,
,,,,,,,,,,,,,,,,,,,,,,,,,,,,,,,,,,,,,ECAL_Bloom(Prather)_252403.csv,,,,,,,,,,
,,,,,,,,,,,,,,,,,,,,,,,,,,,,,,,,,,,,,ECAL_Bloom(Prather)_252403.csv,,,,,,,,,,
18,,,3,11.6%,137.9079435,141.4569345,137.6192126,141.0214778,140.0428351,-46517.10147,124.6914287,127.2754837,124.1273326,127.0950929,125.2498226,127.3788509,125.9640816,123.4265191,118.049713,128.1732448,116.0470659,123.7775655,114.2999546,598.2931767,80.93347966,115.106446,115.8540579,101.4442655,9.0%,107.1076583,0.5%,,11.9%,105.0277463,,,ECAL_Bloom(Prather)_252403.csv,,144.1725218,595.3923923,0.1%,-8036.343241,112.8180972,,,,
,,,,,,,,,,,,,,,,,,,,,,,,,,,,,,,,,,,,,ECAL_Bloom(Prather)_252403.csv,,,,,,,,,,
,,,,,,,,,,,,,,,,,,,,,,,,,,,,,,,,,,,,,ECAL_Bloom(Prather)_252403.csv,,,,,,,,,,
,,,,,,,,,,,,,,,,,,,,,,,,,,,,,,,,,,,,,ECAL_Bloom(Prather)_252403.csv,,,,,,,,,,
18,,,4,2.3%,136.3812982,138.7878108,137.818402,139.0293138,137.7880492,-44962.32626,125.9011062,128.1317792,125.0151124,124.5759302,125.1835805,126.1174352,126.6860249,122.0854675,118.0232343,126.8030637,114.7581388,123.591851,120.6295004,561.5868342,118.979331,113.733494,114.8921081,106.5778265,9.2%,108.5712386,0.4%,,10.0%,107.9793355,,,ECAL_Bloom(Prather)_252403.csv,,136.0473819,581.377511,0.2%,64.77333373,114.8431781,,,,
,,,,,,,,,,,,,,,,,,,,,,,,,,,,,,,,,,,,,ECAL_Bloom(Prather)_252403.csv,,,,,,,,,,
,,,,,,,,,,,,,,,,,,,,,,,,,,,,,,,,,,,,,ECAL_Bloom(Prather)_252403.csv,,,,,,,,,,
,,,,,,,,,,,,,,,,,,,,,,,,,,,,,,,,,,,,,ECAL_Bloom(Prather)_252403.csv,,,,,,,,,,
18,,,5,7.0%,135.8173982,139.9705317,136.209788,135.3939903,138.3183449,-36870.86341,124.1782819,124.4137884,124.8126816,123.7167043,123.8130535,125.0313379,125.8675751,122.2961543,118.5103368,127.7350177,113.1395525,120.5675416,118.3709047,47.71499852,18.67687596,113.167046,114.5722931,99.63470566,7.2%,106.3401673,0.4%,,8.3%,106.1682935,,,ECAL_Bloom(Prather)_252403.csv,,119.5169947,627.0785821,0.1%,-4471.846789,110.2408662,,,,
,,,,,,,,,,,,,,,,,,,,,,,,,,,,,,,,,,,,,ECAL_Bloom(Prather)_252403.csv,,,,,,,,,,
,,,,,,,,,,,,,,,,,,,,,,,,,,,,,,,,,,,,,ECAL_Bloom(Prather)_252403.csv,,,,,,,,,,
,,,,,,,,,,,,,,,,,,,,,,,,,,,,,,,,,,,,,ECAL_Bloom(Prather)_252403.csv,,,,,,,,,,
,,,Mean:,6.5%,138.3266756,141.6276667,137.7417297,140.2640973,141.2163152,-53484.29062,126.2522198,127.0562176,124.9598915,126.5962936,125.9081324,127.7220373,127.2446494,123.8036434,119.8621803,129.094123,115.7930957,124.1447984,119.5269363,433.119971,67.09876523,115.2398105,116.2463451,104.3216722,9.1%,107.5120039,0.5%,,12.5%,105.7664035,,,ECAL_Bloom(Prather)_252403.csv,,138.1207762,605.5075387,0.2%,-2527.570412,113.5545189,,,,
,,,RSD [%]:,52.9728429,1.722616612,1.893619227,0.980025743,2.258214758,2.504049706,28.76240265,1.668867294,1.188564875,1.457583251,1.86547344,1.52732389,2.134221453,1.383199926,1.415629737,1.915456372,1.785675313,2.042667127,1.969200422,2.822972892,60.87176683,54.91572267,1.836997302,1.704097622,3.403736418,14.62903502,0.777615207,18.12397672,,30.48675862,1.475319611,,,ECAL_Bloom(Prather)_252403.csv,,9.024661749,4.011233315,21.66145863,144.1942261,1.85907463,,,,
,,,SD:,3.4%,2.382838294,2.681888727,1.349904409,3.167464545,3.536126724,15383.36702,2.106982005,1.510145573,1.821394449,2.361620233,1.923024986,2.72587112,1.760047896,1.752601192,2.29590777,2.305201885,2.365267501,2.444659893,3.37421301,263.6477788,36.84777183,2.11695221,1.980951202,3.550834747,1.3%,0.836029691,0.1%,,3.8%,1.560392492,,,ECAL_Bloom(Prather)_252403.csv,,12.46493286,24.28832012,0.0%,3644.610595,2.111063252,,,,
,,,,,,,,,,,,,,,,,,,,,,,,,,,,,,,,,,,,,ECAL_Bloom(Prather)_252403.csv,,,,,,,,,,
,,,,,,,,,,,,,,,,,,,,,,,,,,,,,,,,,,,,,ECAL_Bloom(Prather)_252403.csv,,,,,,,,,,
1,,UNKNOWN,01_Rinse,0.3%,1794.437463,89.97214519,172.6699015,17553.25528,1750.048531,,10.11839836,27.50626024,74.41840463,1513.757457,20.55692531,103.7719557,209.3942909,2639.352479,9.288725957,60.01863218,13.89883923,47.0357905,100.2364762,1547995.09,11605375.57,83.61444493,132.0756721,15.13041661,0.0%,219.7500537,0.0%,,0.0%,,,,ECAL_Bloom(Prather)_250226.csv,,616.352345,59189632.68,0.0%,85019611.06,116507.2322,462508.8892,133366949.8,,
,,,,,,,,,,,,,,,,,,,,,,,,,,,,,,,,,,,,,ECAL_Bloom(Prather)_250226.csv,,,,,,,,,,
1,,,1,0.4%,1294.411679,78.43480095,92.05452923,12636.80396,1150.415731,,11.64471413,29.56069668,84.9825613,1000.948339,24.12134149,68.84750053,190.1813573,2688.069221,7.201629102,0,14.30385272,-0.001468972,92.82510334,673882.5463,12757311.17,102.0909048,190.9643733,20.22939514,0.0%,279.390051,0.0%,,0.0%,,,,ECAL_Bloom(Prather)_250226.csv,,478.4944863,56278804.37,0.0%,77198061.84,68405.31453,-988.2875391,110007196.7,,
,,,,,,,,,,,,,,,,,,,,,,,,,,,,,,,,,,,,,ECAL_Bloom(Prather)_250226.csv,,,,,,,,,,
,,,,,,,,,,,,,,,,,,,,,,,,,,,,,,,,,,,,,ECAL_Bloom(Prather)_250226.csv,,,,,,,,,,
,,,,,,,,,,,,,,,,,,,,,,,,,,,,,,,,,,,,,ECAL_Bloom(Prather)_250226.csv,,,,,,,,,,
1,,,2,0.2%,2568.718664,130.2728354,264.3269874,25473.87047,2880.778779,,8.55895221,37.10706261,104.8355192,2049.271807,19.34177402,127.5374401,235.8038354,3320.805314,-0.000117083,0,11.84140521,139.1232046,99.42677138,1404809.884,14506188.5,57.46644555,154.9627741,13.82820434,0.0%,170.5786751,0.0%,,0.0%,,,,ECAL_Bloom(Prather)_250226.csv,,625.1097679,50272126.06,0.0%,125211399.1,160828.4687,-988.2875391,108459885.5,,
,,,,,,,,,,,,,,,,,,,,,,,,,,,,,,,,,,,,,ECAL_Bloom(Prather)_250226.csv,,,,,,,,,,
,,,,,,,,,,,,,,,,,,,,,,,,,,,,,,,,,,,,,ECAL_Bloom(Prather)_250226.csv,,,,,,,,,,
,,,,,,,,,,,,,,,,,,,,,,,,,,,,,,,,,,,,,ECAL_Bloom(Prather)_250226.csv,,,,,,,,,,
1,,,3,0.2%,2662.046232,107.9135214,289.156999,22981.3245,1370.197247,,5.878630151,28.47839728,81.40595442,2266.421461,17.24489306,106.4463632,207.3584122,2604.082776,15.52581311,0,-0.000991022,-0.001468972,136.5562713,2887592.086,10278557.06,65.41048087,70.16746307,15.29130062,0.0%,221.9827817,0.0%,,0.0%,,,,ECAL_Bloom(Prather)_250226.csv,,599.6766653,89249802.11,0.0%,63241911.89,115684.3599,2316497.596,137513351.2,,
,,,,,,,,,,,,,,,,,,,,,,,,,,,,,,,,,,,,,ECAL_Bloom(Prather)_250226.csv,,,,,,,,,,
,,,,,,,,,,,,,,,,,,,,,,,,,,,,,,,,,,,,,ECAL_Bloom(Prather)_250226.csv,,,,,,,,,,
,,,,,,,,,,,,,,,,,,,,,,,,,,,,,,,,,,,,,ECAL_Bloom(Prather)_250226.csv,,,,,,,,,,
1,,,4,0.6%,887.2209281,49.39012219,84.89734668,9522.256846,1483.310162,,11.45242399,23.45904549,53.35399702,894.9873347,14.02019517,81.81988744,200.4175927,2124.219526,-0.000117083,0,12.21241382,96.06015487,59.48590961,1383382.548,6569399.718,67.94559344,49.34855664,15.6204704,0.0%,250.7639788,0.0%,,0.0%,,,,ECAL_Bloom(Prather)_250226.csv,,325.4089516,36889117.46,0.0%,63164883.82,74684.13065,-988.2875391,178174098.3,,
,,,,,,,,,,,,,,,,,,,,,,,,,,,,,,,,,,,,,ECAL_Bloom(Prather)_250226.csv,,,,,,,,,,
,,,,,,,,,,,,,,,,,,,,,,,,,,,,,,,,,,,,,ECAL_Bloom(Prather)_250226.csv,,,,,,,,,,
,,,,,,,,,,,,,,,,,,,,,,,,,,,,,,,,,,,,,ECAL_Bloom(Prather)_250226.csv,,,,,,,,,,
1,,,5,0.3%,1559.78981,83.84944599,132.9136452,17152.02063,1865.540737,,13.05727135,18.92609912,47.51399119,1357.158344,28.05642282,134.2085872,213.2102572,2459.585559,23.71642174,300.0931609,31.13751543,-0.001468972,112.8883253,1390308.383,13915421.41,125.1588001,194.9351935,10.68271254,0.0%,176.0347817,0.0%,,0.0%,,,,ECAL_Bloom(Prather)_250226.csv,,1053.071854,63258313.38,0.0%,96281798.61,162933.887,-988.2875391,132680217.4,,
,,,,,,,,,,,,,,,,,,,,,,,,,,,,,,,,,,,,,ECAL_Bloom(Prather)_250226.csv,,,,,,,,,,
,,,,,,,,,,,,,,,,,,,,,,,,,,,,,,,,,,,,,ECAL_Bloom(Prather)_250226.csv,,,,,,,,,,
,,,,,,,,,,,,,,,,,,,,,,,,,,,,,,,,,,,,,ECAL_Bloom(Prather)_250226.csv,,,,,,,,,,
,,,Mean:,0.3%,1794.437463,89.97214519,172.6699015,17553.25528,1750.048531,,10.11839836,27.50626024,74.41840463,1513.757457,20.55692531,103.7719557,209.3942909,2639.352479,9.288725957,60.01863218,13.89883923,47.0357905,100.2364762,1547995.09,11605375.57,83.61444493,132.0756721,15.13041661,0.0%,219.7500537,0.0%,,0.0%,,,,ECAL_Bloom(Prather)_250226.csv,,616.352345,59189632.68,0.0%,85019611.06,116507.2322,462508.8892,133366949.8,,
,,,RSD [%]:,49.21532928,43.8834834,34.09259204,56.26431502,38.32542772,39.0372052,,28.45276845,24.88020971,31.89246298,40.77148721,27.09799342,27.25596775,8.153304328,16.57655868,110.837564,223.6067977,80.24900599,140.7086823,28.19720871,52.39207197,27.98751703,34.49654976,51.65712705,22.83368484,15.90050542,21.40804982,33.33339535,,22.49399974,,,,ECAL_Bloom(Prather)_250226.csv,,44.04070514,32.77639955,42.49184083,30.86985552,38.82266356,224.0846001,21.1792885,,
,,,SD:,0.2%,787.461666,30.67383641,97.15153733,6727.360166,683.1700361,,2.878964458,6.843615231,23.73386215,617.181428,5.570514269,28.28405078,17.07255378,437.5138125,10.29539758,134.2057415,11.15368033,66.18344103,28.2638884,811026.7014,3248056.465,28.84409861,68.22649774,3.454831643,0.0%,47.04420098,0.0%,,0.0%,,,,ECAL_Bloom(Prather)_250226.csv,,271.4459189,19400230.5,0.0%,26245431.1,45231.21076,1036411.195,28246171.07,,
,,,,,,,,,,,,,,,,,,,,,,,,,,,,,,,,,,,,,ECAL_Bloom(Prather)_250226.csv,,,,,,,,,,
,,,,,,,,,,,,,,,,,,,,,,,,,,,,,,,,,,,,,ECAL_Bloom(Prather)_250226.csv,,,,,,,,,,
,,,,,,,,,,,,,,,,,,,,,,,,,,,,,,,,,,,,,ECAL_Bloom(Prather)_250226.csv,,,,,,,,,,
No,,Sample Type,Label,6Li (KED),23Na (KED) [ppb],24Mg (KED) [ppb],27Al (KED) [ppb],39K (KED) [ppb],44Ca (KED) [ppb],,51V (KED) [ppb],52Cr (KED) [ppb],55Mn (KED) [ppb],57Fe (KED) [ppb],59Co (KED) [ppb],60Ni (KED) [ppb],63Cu (KED) [ppb],66Zn (KED) [ppb],71Ga (KED) [ppb],72Ge (KED) [ppb],75As (KED) [ppb],77Se (KED) [ppb],88Sr (KED) [ppb],95Mo (KED) [ppb],105Pd (KED) [ppb],107Ag (KED) [ppb],111Cd (KED) [ppb],182W (KED) [ppb],45Sc (KED),208Pb (KED) [ppb],89Y (KED),,209Bi (KED),,,,ECAL_Bloom(Prather)_250226.csv,,31P (KED) [ppb],90Zr (KED) [ppb],115In (KED),118Sn (KED) [ppb],130Te (KED) [ppb],47Ti (KED) [ppb],195Pt (KED) [ppb],,
2,,BLK,,100.0%,0,0,0,0,0,,0,0,0,0,0,0,0,0,0,0,0,0,0,0,0,0,0,0,100.0%,0,100.0%,,100.0%,,,,ECAL_Bloom(Prather)_250226.csv,,0,0,100.0%,0,0,0,0,,
,,,,,,,,,,,,,,,,,,,,,,,,,,,,,,,,,,,,,ECAL_Bloom(Prather)_250226.csv,,,,,,,,,,
2,,BLK,02_Blank,,,,,,,,,,,,,,,,,,,,,,,,,,,,,,,,,,ECAL_Bloom(Prather)_250226.csv,,,,,,,,,,
,,,,,,,,,,,,,,,,,,,,,,,,,,,,,,,,,,,,,ECAL_Bloom(Prather)_250226.csv,,,,,,,,,,
,,,Residuum:,,0.0,0.0,0.0,0.0,0.0,,0.0,0.0,0.0,0.0,0.0,0.0,0.0,0.0,0.0,0.0,0.0,0.0,0.0,0.0,0.0,0.0,0.0,0.0,,0.0,,,,,,,ECAL_Bloom(Prather)_250226.csv,,0.0,0.0,,0.0,0.0,0.0,0.0,,
,,,IDL(LOD):,,0.3,0.1,0.3,0.4,0.3,,0.0,0.0,0.0,0.1,0.0,0.0,0.0,0.0,0.0,0.0,0.0,0.0,0.0,91.1,289.6,0.0,0.0,8.9,,0.0,,,,,,,ECAL_Bloom(Prather)_250226.csv,,1.9,"1,160.3",,250.8,0.4,"1,344.2",833.0,,
,,,,,,,,,,,,,,,,,,,,,,,,,,,,,,,,,,,,,ECAL_Bloom(Prather)_250226.csv,,,,,,,,,,
,,,Mean:,100.0%,0,0,0,0,0,,0,0,0,0,0,0,0,0,0,0,0,0,0,0,0,0,0,0,100.0%,0,100.0%,,100.0%,,,,ECAL_Bloom(Prather)_250226.csv,,0,0,100.0%,0,0,0,0,,
,,,RSD [%]:,,0.045291972,0.259519353,0.490325969,0.014542685,0.141020652,,0.699900885,0.131213183,0.41613569,0.322976124,0.484507254,0.148656391,0.040201747,0.050782462,2.236067977,,0.467211098,1.369549099,0.277835049,0.314003973,0.068154567,0.280486894,2.236067977,37.4866266,,0.065326287,,,,,,,ECAL_Bloom(Prather)_250226.csv,,0.317968828,0.188935805,,0.194734466,0.106420921,0.453360428,0.065088769,,
,,,SD:,,0.112899975,0.039757227,0.089756305,0.147934935,0.098492067,,0.00019213,0.001016087,0.002868778,0.04726741,0.000583708,0.005106314,0.010129372,0.01106205,0.000261805,0,0.000463017,0.002011829,0.00144266,30.38094135,96.51907048,0.000533978,0.000208275,2.952908239,,0.000247622,,,,,,,ECAL_Bloom(Prather)_250226.csv,,0.625864153,386.7680669,,83.60986505,0.146792905,448.0504615,277.6659588,,
,,,,,,,,,,,,,,,,,,,,,,,,,,,,,,,,,,,,,ECAL_Bloom(Prather)_250226.csv,,,,,,,,,,
No,,Sample Type,Label,6Li (KED),23Na (KED) [ppb],24Mg (KED) [ppb],27Al (KED) [ppb],39K (KED) [ppb],44Ca (KED) [ppb],,51V (KED) [ppb],52Cr (KED) [ppb],55Mn (KED) [ppb],57Fe (KED) [ppb],59Co (KED) [ppb],60Ni (KED) [ppb],63Cu (KED) [ppb],66Zn (KED) [ppb],71Ga (KED) [ppb],72Ge (KED) [ppb],75As (KED) [ppb],77Se (KED) [ppb],88Sr (KED) [ppb],95Mo (KED) [ppb],105Pd (KED) [ppb],107Ag (KED) [ppb],111Cd (KED) [ppb],182W (KED) [ppb],45Sc (KED),208Pb (KED) [ppb],89Y (KED),,209Bi (KED),,,,ECAL_Bloom(Prather)_250226.csv,,31P (KED) [ppb],90Zr (KED) [ppb],115In (KED),118Sn (KED) [ppb],130Te (KED) [ppb],47Ti (KED) [ppb],195Pt (KED) [ppb],,
3,,STD,,,,,,,,,,,,,,,,,,,,,,,,,,,,,,,,,,,ECAL_Bloom(Prather)_250226.csv,,,,,,,,,,
,,,,,,,,,,,,,,,,,,,,,,,,,,,,,,,,,,,,,ECAL_Bloom(Prather)_250226.csv,,,,,,,,,,
3,,STD,03_1ppb,94.8%,61.665 (1.000),1.247 (1.000),1.988 (1.000),3.112 (1.000),1.606 (1.000),,1.011 (1.000),11.344 (1.000),2.999 (1.000),41.365 (1.000),1.178 (1.000),14.692 (1.000),1.410 (1.000),6.990 (1.000),0.979 (1.000),1.150 (1.000),0.923 (1.000),1.051 (1.000),0.982 (1.000),"17,287.072 (1.000)",-83.693 (1.000),1.039 (1.000),1.028 (1.000),5.566 (1.000),96.6%,1.001 (1.000),96.6%,,97.4%,,,,ECAL_Bloom(Prather)_250226.csv,,1.614 (1.000),450.526 (1.000),97.5%,800.455 (1.000),1.113 (1.000),"3,025.934 (1.000)",297.237 (1.000),,
,,,,,,,,,,,,,,,,,,,,,,,,,,,,,,,,,,,,,ECAL_Bloom(Prather)_250226.csv,,,,,,,,,,
3,,,1,95.7%,63.479 (1.000),1.134 (1.000),2.205 (1.000),3.457 (1.000),1.531 (1.000),,1.021 (1.000),14.710 (1.000),3.018 (1.000),42.603 (1.000),1.197 (1.000),14.937 (1.000),1.434 (1.000),7.013 (1.000),0.939 (1.000),0.897 (1.000),0.917 (1.000),1.184 (1.000),0.972 (1.000),"17,263.365 (1.000)",-36.196 (1.000),1.023 (1.000),1.017 (1.000),12.531 (1.000),94.8%,0.991 (1.000),96.1%,,98.0%,,,,ECAL_Bloom(Prather)_250226.csv,,3.071 (1.000),739.197 (1.000),97.3%,819.188 (1.000),1.003 (1.000),"15,433.146 (1.000)",967.821 (1.000),,
3,,,2,90.5%,63.515 (1.000),1.211 (1.000),2.047 (1.000),3.158 (1.000),1.602 (1.000),,1.018 (1.000),11.099 (1.000),2.991 (1.000),41.561 (1.000),1.181 (1.000),14.700 (1.000),1.413 (1.000),7.054 (1.000),0.956 (1.000),1.216 (1.000),0.912 (1.000),1.066 (1.000),0.987 (1.000),"17,258.562 (1.000)",-234.000 (1.000),1.033 (1.000),1.028 (1.000),5.215 (1.000),96.7%,1.003 (1.000),97.3%,,97.0%,,,,ECAL_Bloom(Prather)_250226.csv,,0.971 (1.000),633.201 (1.000),97.1%,928.811 (1.000),1.012 (1.000),842.902 (1.000),-624.815 (1.000),,
3,,,3,99.4%,58.673 (1.000),1.190 (1.000),1.788 (1.000),2.732 (1.000),1.692 (1.000),,1.016 (1.000),10.415 (1.000),2.968 (1.000),41.417 (1.000),1.179 (1.000),14.487 (1.000),1.413 (1.000),6.895 (1.000),0.960 (1.000),1.235 (1.000),0.946 (1.000),0.937 (1.000),0.969 (1.000),"17,772.170 (1.000)",19.846 (1.000),1.054 (1.000),1.016 (1.000),3.496 (1.000),97.8%,1.010 (1.000),97.0%,,98.1%,,,,ECAL_Bloom(Prather)_250226.csv,,0.596 (1.000),"1,083.334 (1.000)",97.8%,693.498 (1.000),1.410 (1.000),-264.074 (1.000),-382.092 (1.000),,
3,,,4,97.5%,59.928 (1.000),1.438 (1.000),2.256 (1.000),3.368 (1.000),1.380 (1.000),,0.987 (1.000),10.199 (1.000),3.051 (1.000),38.888 (1.000),1.174 (1.000),14.779 (1.000),1.414 (1.000),7.072 (1.000),1.067 (1.000),1.412 (1.000),0.926 (1.000),1.040 (1.000),1.002 (1.000),"17,170.074 (1.000)",-106.413 (1.000),1.049 (1.000),1.074 (1.000),3.130 (1.000),96.0%,0.999 (1.000),95.6%,,97.8%,,,,ECAL_Bloom(Prather)_250226.csv,,1.431 (1.000),-104.361 (1.000),97.2%,673.844 (1.000),1.356 (1.000),-619.190 (1.000),764.467 (1.000),,
3,,,5,91.0%,62.729 (1.000),1.262 (1.000),1.642 (1.000),2.842 (1.000),1.824 (1.000),,1.016 (1.000),10.297 (1.000),2.967 (1.000),42.356 (1.000),1.160 (1.000),14.557 (1.000),1.376 (1.000),6.916 (1.000),0.973 (1.000),0.992 (1.000),0.914 (1.000),1.030 (1.000),0.981 (1.000),"16,971.189 (1.000)",-61.704 (1.000),1.037 (1.000),1.006 (1.000),3.459 (1.000),97.7%,1.004 (1.000),97.1%,,96.1%,,,,ECAL_Bloom(Prather)_250226.csv,,2.004 (1.000),-98.740 (1.000),98.2%,886.934 (1.000),0.782 (1.000),-263.115 (1.000),760.801 (1.000),,
,,,,,,,,,,,,,,,,,,,,,,,,,,,,,,,,,,,,,ECAL_Bloom(Prather)_250226.csv,,,,,,,,,,
,,,Residuum:,,60.7,0.2,1.0,2.1,0.6,,0.0,10.3,2.0,40.4,0.2,13.7,0.4,6.0,0.0,0.2,-0.1,0.1,0.0,"17,286.1",-84.7,0.0,0.0,4.6,,0.0,,,,,,,ECAL_Bloom(Prather)_250226.csv,,0.6,449.5,,799.5,0.1,"3,024.9",296.2,,
,,,Confidence Delta:,,+/-10.8,+/-0.0,+/-0.0,+/-0.0,+/-0.0,,+/-0.0,+/-0.8,+/-0.0,+/-2.9,+/-0.1,+/-0.5,+/-0.1,+/-0.1,+/-0.0,+/-0.0,+/-0.0,+/-0.0,+/-0.0,,+/-73.4,+/-0.0,+/-0.0,+/-0.1,,+/-0.0,,,,,,,ECAL_Bloom(Prather)_250226.csv,,+/-0.0,"+/-1,440.4",,"+/-218,294.9",+/-0.1,,,,
,,,,,,,,,,,,,,,,,,,,,,,,,,,,,,,,,,,,,ECAL_Bloom(Prather)_250226.csv,,,,,,,,,,
4,,STD,04_10ppb,98.0%,96.339 (10.000),10.546 (10.000),11.422 (10.000),12.677 (10.000),11.704 (10.000),,9.512 (10.000),15.982 (10.000),11.813 (10.000),29.824 (10.000),10.019 (10.000),24.260 (10.000),10.660 (10.000),18.216 (10.000),9.431 (10.000),10.371 (10.000),9.308 (10.000),10.428 (10.000),9.568 (10.000),"10,078.688 (10.000)",-72.959 (10.000),10.383 (10.000),9.987 (10.000),11.455 (10.000),98.1%,9.571 (10.000),98.1%,,102.9%,,,,ECAL_Bloom(Prather)_250226.csv,,11.513 (10.000),518.557 (10.000),100.4%,"1,035.846 (10.000)",10.044 (10.000),671.734 (10.000),459.465 (10.000),,
,,,,,,,,,,,,,,,,,,,,,,,,,,,,,,,,,,,,,ECAL_Bloom(Prather)_250226.csv,,,,,,,,,,
4,,,1,92.6%,101.176 (10.000),11.039 (10.000),11.586 (10.000),13.544 (10.000),12.150 (10.000),,9.661 (10.000),15.138 (10.000),11.998 (10.000),29.549 (10.000),10.227 (10.000),24.955 (10.000),11.001 (10.000),18.594 (10.000),9.424 (10.000),10.256 (10.000),9.493 (10.000),10.684 (10.000),9.723 (10.000),"9,501.823 (10.000)",-84.817 (10.000),10.416 (10.000),10.090 (10.000),10.774 (10.000),95.7%,9.786 (10.000),96.9%,,100.8%,,,,ECAL_Bloom(Prather)_250226.csv,,11.641 (10.000),"1,305.004 (10.000)",99.3%,"1,040.139 (10.000)",10.412 (10.000),121.285 (10.000),"1,449.066 (10.000)",,
4,,,2,100.5%,96.789 (10.000),10.356 (10.000),11.830 (10.000),12.598 (10.000),11.162 (10.000),,9.660 (10.000),15.207 (10.000),11.900 (10.000),29.846 (10.000),10.095 (10.000),24.504 (10.000),10.732 (10.000),18.592 (10.000),9.563 (10.000),10.279 (10.000),9.361 (10.000),10.491 (10.000),9.564 (10.000),"10,222.604 (10.000)",-127.511 (10.000),10.673 (10.000),10.184 (10.000),16.334 (10.000),97.7%,9.969 (10.000),97.7%,,100.5%,,,,ECAL_Bloom(Prather)_250226.csv,,13.375 (10.000),"1,279.784 (10.000)",98.9%,758.763 (10.000),10.595 (10.000),824.224 (10.000),776.667 (10.000),,
4,,,3,98.8%,96.838 (10.000),10.320 (10.000),10.275 (10.000),12.620 (10.000),11.708 (10.000),,9.411 (10.000),20.395 (10.000),11.623 (10.000),32.271 (10.000),9.926 (10.000),23.948 (10.000),10.512 (10.000),17.936 (10.000),9.465 (10.000),10.052 (10.000),9.193 (10.000),10.309 (10.000),9.484 (10.000),"11,128.511 (10.000)",-29.337 (10.000),10.357 (10.000),9.877 (10.000),11.817 (10.000),98.4%,9.733 (10.000),100.1%,,101.2%,,,,ECAL_Bloom(Prather)_250226.csv,,12.627 (10.000),236.697 (10.000),100.2%,"1,105.627 (10.000)",9.915 (10.000),"1,528.678 (10.000)","-1,181.584 (10.000)",,
4,,,4,93.3%,96.632 (10.000),10.547 (10.000),11.907 (10.000),12.547 (10.000),11.231 (10.000),,9.430 (10.000),14.699 (10.000),11.637 (10.000),28.787 (10.000),9.893 (10.000),24.125 (10.000),10.517 (10.000),17.905 (10.000),9.344 (10.000),10.415 (10.000),9.274 (10.000),10.265 (10.000),9.442 (10.000),"9,730.607 (10.000)",-100.350 (10.000),10.227 (10.000),9.757 (10.000),9.311 (10.000),99.9%,9.370 (10.000),98.2%,,104.6%,,,,ECAL_Bloom(Prather)_250226.csv,,9.419 (10.000),-267.025 (10.000),100.8%,"1,273.183 (10.000)",10.397 (10.000),-633.467 (10.000),528.014 (10.000),,
4,,,5,105.1%,90.257 (10.000),10.469 (10.000),11.513 (10.000),12.074 (10.000),12.269 (10.000),,9.399 (10.000),14.470 (10.000),11.908 (10.000),28.667 (10.000),9.954 (10.000),23.769 (10.000),10.540 (10.000),18.053 (10.000),9.358 (10.000),10.854 (10.000),9.221 (10.000),10.389 (10.000),9.630 (10.000),"9,809.894 (10.000)",-22.780 (10.000),10.241 (10.000),10.026 (10.000),9.037 (10.000),99.0%,8.997 (10.000),97.4%,,107.6%,,,,ECAL_Bloom(Prather)_250226.csv,,10.504 (10.000),38.327 (10.000),102.8%,"1,001.519 (10.000)",8.902 (10.000),"1,517.950 (10.000)",725.162 (10.000),,
,,,,,,,,,,,,,,,,,,,,,,,,,,,,,,,,,,,,,ECAL_Bloom(Prather)_250226.csv,,,,,,,,,,
,,,Residuum:,,86.3,0.5,1.4,2.7,1.7,,-0.5,6.0,1.8,19.8,0.0,14.3,0.7,8.2,-0.6,0.4,-0.7,0.4,-0.4,"10,068.7",-83.0,0.4,0.0,1.5,,-0.4,,,,,,,ECAL_Bloom(Prather)_250226.csv,,1.5,508.6,,"1,025.8",0.0,661.7,449.5,,
,,,Confidence Delta:,,+/-16.9,+/-0.0,+/-0.1,+/-0.1,+/-0.2,,+/-0.1,+/-1.1,+/-0.1,+/-2.1,+/-0.8,+/-0.7,+/-0.9,+/-0.3,+/-0.1,+/-0.1,+/-0.1,+/-0.1,+/-0.0,,+/-63.9,+/-0.2,+/-0.4,+/-0.2,,+/-0.1,,,,,,,ECAL_Bloom(Prather)_250226.csv,,+/-0.1,"+/-1,658.0",,"+/-282,489.2",+/-0.5,,,,
,,,,,,,,,,,,,,,,,,,,,,,,,,,,,,,,,,,,,ECAL_Bloom(Prather)_250226.csv,,,,,,,,,,
5,,STD,05_100ppb,98.9%,101.389 (100.000),101.519 (100.000),102.808 (100.000),103.579 (100.000),110.781 (100.000),,95.803 (100.000),140.664 (100.000),97.015 (100.000),99.987 (100.000),151.874 (100.000),101.536 (100.000),151.805 (100.000),100.460 (100.000),95.555 (100.000),109.324 (100.000),93.888 (100.000),105.612 (100.000),97.344 (100.000),171.788 (100.000),-279.477 (100.000),112.873 (100.000),75.812 (100.000),90.927 (100.000),96.2%,106.996 (100.000),97.3%,,133.7%,,,,ECAL_Bloom(Prather)_250226.csv,,104.405 (100.000),-333.980 (100.000),141.9%,146.228 (100.000),69.834 (100.000),-173.841 (100.000),"-1,400.636 (100.000)",,
,,,,,,,,,,,,,,,,,,,,,,,,,,,,,,,,,,,,,ECAL_Bloom(Prather)_250226.csv,,,,,,,,,,
5,,,1,99.9%,101.792 (100.000),101.390 (100.000),101.267 (100.000),105.823 (100.000),114.111 (100.000),,98.443 (100.000),196.721 (100.000),98.239 (100.000),102.850 (100.000),190.313 (100.000),103.264 (100.000),206.082 (100.000),101.801 (100.000),96.666 (100.000),107.102 (100.000),94.731 (100.000),105.519 (100.000),97.187 (100.000),125.510 (100.000),-443.370 (100.000),118.288 (100.000),60.536 (100.000),91.714 (100.000),94.5%,104.876 (100.000),98.2%,,166.7%,,,,ECAL_Bloom(Prather)_250226.csv,,106.090 (100.000),385.297 (100.000),180.0%,31.191 (100.000),55.416 (100.000),"1,256.165 (100.000)","-1,884.563 (100.000)",,
5,,,2,99.2%,99.769 (100.000),100.012 (100.000),101.113 (100.000),100.927 (100.000),109.936 (100.000),,94.403 (100.000),97.068 (100.000),96.261 (100.000),101.079 (100.000),160.322 (100.000),101.451 (100.000),167.137 (100.000),99.624 (100.000),95.123 (100.000),107.565 (100.000),93.683 (100.000),106.362 (100.000),97.701 (100.000),169.366 (100.000),-357.553 (100.000),110.398 (100.000),69.320 (100.000),90.103 (100.000),97.8%,104.761 (100.000),96.7%,,147.8%,,,,ECAL_Bloom(Prather)_250226.csv,,103.302 (100.000),12.715 (100.000),152.1%,148.777 (100.000),65.063 (100.000),-263.498 (100.000),"-1,699.343 (100.000)",,
5,,,3,95.8%,102.789 (100.000),101.776 (100.000),104.264 (100.000),101.227 (100.000),110.177 (100.000),,94.588 (100.000),147.316 (100.000),95.383 (100.000),98.694 (100.000),146.211 (100.000),100.783 (100.000),154.218 (100.000),99.676 (100.000),94.148 (100.000),113.311 (100.000),93.502 (100.000),104.887 (100.000),97.291 (100.000),159.152 (100.000),-255.112 (100.000),117.264 (100.000),78.265 (100.000),90.689 (100.000),97.6%,107.730 (100.000),97.3%,,126.8%,,,,ECAL_Bloom(Prather)_250226.csv,,107.053 (100.000),-598.738 (100.000),134.1%,111.205 (100.000),70.252 (100.000),-625.523 (100.000),"-1,611.871 (100.000)",,
5,,,4,100.5%,100.346 (100.000),101.356 (100.000),103.576 (100.000),106.588 (100.000),109.615 (100.000),,96.443 (100.000),138.153 (100.000),97.635 (100.000),98.077 (100.000),136.978 (100.000),101.468 (100.000),103.244 (100.000),101.349 (100.000),96.342 (100.000),110.231 (100.000),94.113 (100.000),105.436 (100.000),97.086 (100.000),194.298 (100.000),-179.190 (100.000),105.999 (100.000),78.574 (100.000),91.787 (100.000),95.5%,110.840 (100.000),97.3%,,117.7%,,,,ECAL_Bloom(Prather)_250226.csv,,105.176 (100.000),-706.858 (100.000),133.0%,107.042 (100.000),73.285 (100.000),-617.768 (100.000),"-1,264.748 (100.000)",,
5,,,5,98.9%,102.249 (100.000),103.063 (100.000),103.819 (100.000),103.331 (100.000),110.065 (100.000),,95.139 (100.000),124.061 (100.000),97.554 (100.000),99.236 (100.000),125.547 (100.000),100.715 (100.000),128.346 (100.000),99.848 (100.000),95.494 (100.000),108.410 (100.000),93.413 (100.000),105.855 (100.000),97.454 (100.000),210.614 (100.000),-162.161 (100.000),112.415 (100.000),92.367 (100.000),90.341 (100.000),95.7%,106.771 (100.000),96.8%,,109.7%,,,,ECAL_Bloom(Prather)_250226.csv,,100.406 (100.000),-762.316 (100.000),110.2%,332.923 (100.000),85.155 (100.000),-618.579 (100.000),-542.654 (100.000),,
,,,,,,,,,,,,,,,,,,,,,,,,,,,,,,,,,,,,,ECAL_Bloom(Prather)_250226.csv,,,,,,,,,,
,,,Residuum:,,1.4,1.5,2.8,3.6,10.8,,-4.2,40.7,-3.0,0.0,51.9,1.5,51.8,0.5,-4.4,9.3,-6.1,5.6,-2.7,71.8,-379.5,12.9,-24.2,-9.1,,7.0,,,,,,,ECAL_Bloom(Prather)_250226.csv,,4.4,-434.0,,46.2,-30.2,-273.8,"-1,500.6",,
,,,Confidence Delta:,,+/-17.8,+/-0.3,+/-0.5,+/-0.8,+/-1.9,,+/-0.6,+/-9.4,+/-0.6,+/-7.1,+/-12.6,+/-3.1,+/-12.6,+/-1.6,+/-0.7,+/-1.6,+/-0.9,+/-0.9,+/-0.4,,+/-244.9,+/-2.3,+/-2.9,+/-1.4,,+/-1.2,,,,,,,ECAL_Bloom(Prather)_250226.csv,,+/-0.8,"+/-1,067.8",,"+/-39,878.2",+/-3.3,,,,
,,,,,,,,,,,,,,,,,,,,,,,,,,,,,,,,,,,,,ECAL_Bloom(Prather)_250226.csv,,,,,,,,,,
6,,STD,06_1000ppb,99.4%,"998.937 (1,000.000)","999.842 (1,000.000)","999.704 (1,000.000)","999.613 (1,000.000)","998.904 (1,000.000)",,"1,000.425 (1,000.000)","995.863 (1,000.000)","1,000.278 (1,000.000)","999.763 (1,000.000)","994.812 (1,000.000)","999.690 (1,000.000)","994.812 (1,000.000)","999.866 (1,000.000)","1,000.450 (1,000.000)","999.064 (1,000.000)","1,000.618 (1,000.000)","999.434 (1,000.000)","1,000.270 (1,000.000)","874.848 (1,000.000)","1,038.862 (1,000.000)","998.709 (1,000.000)","1,002.419 (1,000.000)","1,000.888 (1,000.000)",87.7%,"999.305 (1,000.000)",95.4%,,99.7%,,,,ECAL_Bloom(Prather)_250226.csv,,"999.544 (1,000.000)","1,037.863 (1,000.000)",97.4%,"984.319 (1,000.000)","1,003.016 (1,000.000)","1,017.742 (1,000.000)","1,145.273 (1,000.000)",,
,,,,,,,,,,,,,,,,,,,,,,,,,,,,,,,,,,,,,ECAL_Bloom(Prather)_250226.csv,,,,,,,,,,
6,,,1,99.1%,"1,024.092 (1,000.000)","1,011.658 (1,000.000)","1,014.788 (1,000.000)","1,021.705 (1,000.000)","1,037.167 (1,000.000)",,"1,023.940 (1,000.000)","1,009.189 (1,000.000)","1,008.188 (1,000.000)","999.678 (1,000.000)","1,008.435 (1,000.000)","1,016.091 (1,000.000)","1,005.865 (1,000.000)","1,011.005 (1,000.000)","1,008.147 (1,000.000)","1,028.950 (1,000.000)","1,020.596 (1,000.000)","1,019.235 (1,000.000)","1,010.558 (1,000.000)","897.276 (1,000.000)","1,133.064 (1,000.000)","1,008.062 (1,000.000)","1,004.610 (1,000.000)","1,020.107 (1,000.000)",88.0%,"992.564 (1,000.000)",96.7%,,98.6%,,,,ECAL_Bloom(Prather)_250226.csv,,"1,017.706 (1,000.000)","3,124.930 (1,000.000)",97.5%,"1,001.687 (1,000.000)","1,010.067 (1,000.000)","1,816.973 (1,000.000)","1,572.993 (1,000.000)",,
6,,,2,98.5%,"1,006.134 (1,000.000)","1,006.102 (1,000.000)","1,008.349 (1,000.000)","1,001.837 (1,000.000)","1,007.372 (1,000.000)",,"998.867 (1,000.000)","993.053 (1,000.000)","994.349 (1,000.000)","1,001.125 (1,000.000)","996.720 (1,000.000)","994.755 (1,000.000)","994.345 (1,000.000)","997.335 (1,000.000)","999.754 (1,000.000)","991.823 (1,000.000)","994.763 (1,000.000)","1,000.240 (1,000.000)","996.534 (1,000.000)","940.995 (1,000.000)","1,047.020 (1,000.000)","1,001.213 (1,000.000)","1,000.288 (1,000.000)","1,021.388 (1,000.000)",89.3%,"1,009.090 (1,000.000)",96.4%,,98.9%,,,,ECAL_Bloom(Prather)_250226.csv,,"1,003.368 (1,000.000)","175.807 (1,000.000)",98.3%,"859.295 (1,000.000)","1,019.711 (1,000.000)","986.509 (1,000.000)","1,269.497 (1,000.000)",,
6,,,3,97.9%,"1,011.701 (1,000.000)","1,010.236 (1,000.000)","1,002.667 (1,000.000)","989.841 (1,000.000)","989.076 (1,000.000)",,"994.260 (1,000.000)","982.251 (1,000.000)","989.690 (1,000.000)","999.576 (1,000.000)","983.022 (1,000.000)","992.693 (1,000.000)","990.771 (1,000.000)","996.755 (1,000.000)","991.653 (1,000.000)","986.518 (1,000.000)","990.939 (1,000.000)","995.482 (1,000.000)","1,007.871 (1,000.000)","840.664 (1,000.000)","1,079.271 (1,000.000)","1,004.049 (1,000.000)","1,008.912 (1,000.000)","1,002.901 (1,000.000)",87.9%,"1,009.600 (1,000.000)",95.0%,,99.5%,,,,ECAL_Bloom(Prather)_250226.csv,,"1,003.773 (1,000.000)","732.512 (1,000.000)",97.0%,"1,047.751 (1,000.000)","998.991 (1,000.000)","1,822.492 (1,000.000)","415.191 (1,000.000)",,
6,,,4,105.7%,"949.594 (1,000.000)","959.846 (1,000.000)","965.307 (1,000.000)","989.461 (1,000.000)","982.982 (1,000.000)",,"996.363 (1,000.000)","996.249 (1,000.000)","1,017.029 (1,000.000)","994.285 (1,000.000)","996.613 (1,000.000)","1,003.318 (1,000.000)","990.560 (1,000.000)","1,001.630 (1,000.000)","1,014.689 (1,000.000)","994.920 (1,000.000)","1,003.446 (1,000.000)","988.010 (1,000.000)","988.608 (1,000.000)","817.885 (1,000.000)","846.503 (1,000.000)","997.295 (1,000.000)","989.177 (1,000.000)","988.000 (1,000.000)",87.2%,"990.250 (1,000.000)",94.7%,,100.0%,,,,ECAL_Bloom(Prather)_250226.csv,,"967.768 (1,000.000)","701.784 (1,000.000)",98.5%,"973.924 (1,000.000)","980.911 (1,000.000)","225.132 (1,000.000)","939.715 (1,000.000)",,
6,,,5,95.7%,"1,003.165 (1,000.000)","1,011.369 (1,000.000)","1,007.409 (1,000.000)","995.222 (1,000.000)","977.925 (1,000.000)",,"988.693 (1,000.000)","998.575 (1,000.000)","992.135 (1,000.000)","1,004.148 (1,000.000)","989.271 (1,000.000)","991.594 (1,000.000)","992.521 (1,000.000)","992.604 (1,000.000)","988.008 (1,000.000)","993.108 (1,000.000)","993.348 (1,000.000)","994.205 (1,000.000)","997.779 (1,000.000)","877.421 (1,000.000)","1,088.451 (1,000.000)","982.926 (1,000.000)","1,009.107 (1,000.000)","972.046 (1,000.000)",86.3%,"995.019 (1,000.000)",94.2%,,101.2%,,,,ECAL_Bloom(Prather)_250226.csv,,"1,005.104 (1,000.000)","454.282 (1,000.000)",95.8%,"1,038.938 (1,000.000)","1,005.400 (1,000.000)","237.603 (1,000.000)","1,528.967 (1,000.000)",,
,,,,,,,,,,,,,,,,,,,,,,,,,,,,,,,,,,,,,ECAL_Bloom(Prather)_250226.csv,,,,,,,,,,
,,,Residuum:,,-1.1,-0.2,-0.3,-0.4,-1.1,,0.4,-4.1,0.3,-0.2,-5.2,-0.3,-5.2,-0.1,0.5,-0.9,0.6,-0.6,0.3,-125.2,38.9,-1.3,2.4,0.9,,-0.7,,,,,,,ECAL_Bloom(Prather)_250226.csv,,-0.5,37.9,,-15.7,3.0,17.7,145.3,,
,,,Confidence Delta:,,+/-174.9,+/-2.5,+/-5.1,+/-7.6,+/-16.9,,+/-6.5,+/-66.9,+/-6.2,+/-71.0,+/-82.4,+/-30.7,+/-82.3,+/-15.6,+/-6.9,+/-14.4,+/-9.5,+/-8.7,+/-4.1,,+/-910.5,+/-19.9,+/-37.9,+/-15.9,,+/-10.8,,,,,,,ECAL_Bloom(Prather)_250226.csv,,+/-7.2,"+/-3,318.3",,"+/-268,437.2",+/-47.5,,,,
,,,,,,,,,,,,,,,,,,,,,,,,,,,,,,,,,,,,,ECAL_Bloom(Prather)_250226.csv,,,,,,,,,,
,,,Calibrations,,,,,,,,,,,,,,,,,,,,,,,,,,,,,,,,,,ECAL_Bloom(Prather)_250226.csv,,,,,,,,,,
,,,,,,,,,,,,,,,,,,,,,,,,,,,,,,,,,,,,,ECAL_Bloom(Prather)_250226.csv,,,,,,,,,,
No,,Sample Type,Label,6Li (KED),23Na (KED) [ppb],24Mg (KED) [ppb],27Al (KED) [ppb],39K (KED) [ppb],44Ca (KED) [ppb],,51V (KED) [ppb],52Cr (KED) [ppb],55Mn (KED) [ppb],57Fe (KED) [ppb],59Co (KED) [ppb],60Ni (KED) [ppb],63Cu (KED) [ppb],66Zn (KED) [ppb],71Ga (KED) [ppb],72Ge (KED) [ppb],75As (KED) [ppb],77Se (KED) [ppb],88Sr (KED) [ppb],95Mo (KED) [ppb],105Pd (KED) [ppb],107Ag (KED) [ppb],111Cd (KED) [ppb],182W (KED) [ppb],45Sc (KED),208Pb (KED) [ppb],89Y (KED),,209Bi (KED),,,,ECAL_Bloom(Prather)_250226.csv,,31P (KED) [ppb],90Zr (KED) [ppb],115In (KED),118Sn (KED) [ppb],130Te (KED) [ppb],47Ti (KED) [ppb],195Pt (KED) [ppb],,
7,,UNKNOWN,07_Rinse,0.3%,2212.626632,138.6047521,122.9305732,17202.51491,1157.788679,,286.5799433,185.284938,84.77734114,1458.669854,81.19473997,110.8880872,200.4958435,1729.088836,71.85093745,116.6390674,601.1490012,600.3748953,320.454042,2715461.173,4823145.343,1803.673235,734.4474471,17.57318332,0.0%,423.0830061,0.0%,,0.0%,,,,ECAL_Bloom(Prather)_250226.csv,,288.4515594,39503531.03,0.0%,34716346.42,33751.15079,814335.1758,47181967.69,,
,,,,,,,,,,,,,,,,,,,,,,,,,,,,,,,,,,,,,ECAL_Bloom(Prather)_250226.csv,,,,,,,,,,
7,,,1,0.2%,2183.846106,154.4493642,150.8128011,17226.77163,684.0639703,,231.7816959,266.4846788,82.4689562,2121.340319,113.4655006,120.9237607,179.2908923,1549.608744,84.95416498,162.1630332,489.3233867,524.7002787,374.4519998,3310233.169,6777058.244,1563.254236,677.0305198,42.55575642,0.0%,352.6146588,0.0%,,0.0%,,,,ECAL_Bloom(Prather)_250226.csv,,547.663597,78778242.88,0.0%,15781362.37,15458.96679,1301211.939,28122784.93,,
,,,,,,,,,,,,,,,,,,,,,,,,,,,,,,,,,,,,,ECAL_Bloom(Prather)_250226.csv,,,,,,,,,,
,,,,,,,,,,,,,,,,,,,,,,,,,,,,,,,,,,,,,ECAL_Bloom(Prather)_250226.csv,,,,,,,,,,
,,,,,,,,,,,,,,,,,,,,,,,,,,,,,,,,,,,,,ECAL_Bloom(Prather)_250226.csv,,,,,,,,,,
7,,,2,0.1%,4216.125442,274.2938565,161.4115756,24833.01767,1104.650308,,246.1863682,167.6514734,63.20614151,1378.850808,54.41105812,106.5035945,176.9023894,1457.649727,52.61325309,166.9396898,472.7286858,353.8951975,202.3274239,1693526.665,3849433.908,1603.992552,692.2616086,19.62588321,0.0%,402.4366768,0.0%,,0.0%,,,,ECAL_Bloom(Prather)_250226.csv,,-1.968319214,40931746.57,0.0%,27793213.29,29919.61895,2773428.803,53583204.09,,
,,,,,,,,,,,,,,,,,,,,,,,,,,,,,,,,,,,,,ECAL_Bloom(Prather)_250226.csv,,,,,,,,,,
,,,,,,,,,,,,,,,,,,,,,,,,,,,,,,,,,,,,,ECAL_Bloom(Prather)_250226.csv,,,,,,,,,,
,,,,,,,,,,,,,,,,,,,,,,,,,,,,,,,,,,,,,ECAL_Bloom(Prather)_250226.csv,,,,,,,,,,
7,,,3,0.5%,904.2735965,56.51143139,66.70579747,9676.929196,1150.756773,,255.043959,154.3930263,92.05783541,1290.524648,74.97956133,132.8408927,203.9861089,1726.146715,87.20906812,0,658.9314387,570.0812367,326.3617643,3019230.291,5163642.721,2246.897306,809.9864193,10.46330138,0.0%,406.2801122,0.0%,,0.0%,,,,ECAL_Bloom(Prather)_250226.csv,,-1.968319214,28211822.96,0.0%,57463589.53,37380.17033,-988.2875391,50782679.96,,
,,,,,,,,,,,,,,,,,,,,,,,,,,,,,,,,,,,,,ECAL_Bloom(Prather)_250226.csv,,,,,,,,,,
,,,,,,,,,,,,,,,,,,,,,,,,,,,,,,,,,,,,,ECAL_Bloom(Prather)_250226.csv,,,,,,,,,,
,,,,,,,,,,,,,,,,,,,,,,,,,,,,,,,,,,,,,ECAL_Bloom(Prather)_250226.csv,,,,,,,,,,
7,,,4,0.2%,2286.91565,152.1227838,128.4124392,20514.52765,1514.502578,,403.709197,193.4970485,93.34951637,1749.051678,98.04036929,121.2183962,239.5133065,2178.059884,87.31078521,254.0926142,755.7328159,1034.494631,330.4696677,2423793.489,4078946.638,1673.643774,864.424884,8.159104697,0.0%,474.7679434,0.0%,,0.0%,,,,ECAL_Bloom(Prather)_250226.csv,,900.4991575,19405779.12,0.0%,34298188.2,40360.84488,-988.2875391,50415627.88,,
,,,,,,,,,,,,,,,,,,,,,,,,,,,,,,,,,,,,,ECAL_Bloom(Prather)_250226.csv,,,,,,,,,,
,,,,,,,,,,,,,,,,,,,,,,,,,,,,,,,,,,,,,ECAL_Bloom(Prather)_250226.csv,,,,,,,,,,
,,,,,,,,,,,,,,,,,,,,,,,,,,,,,,,,,,,,,ECAL_Bloom(Prather)_250226.csv,,,,,,,,,,
7,,,5,0.3%,1471.972365,55.6463247,107.3102526,13761.3284,1334.969766,,296.1784964,144.3984631,92.80425622,753.5818153,65.07721048,72.95379163,202.7865205,1733.979109,47.16741586,0,629.0286788,518.703133,368.6593542,3130522.252,4246645.204,1930.578306,628.5338037,7.061870905,0.0%,479.3156391,0.0%,,0.0%,,,,ECAL_Bloom(Prather)_250226.csv,,-1.968319214,30190063.59,0.0%,38245378.72,45636.15297,-988.2875391,53005541.56,,
,,,,,,,,,,,,,,,,,,,,,,,,,,,,,,,,,,,,,ECAL_Bloom(Prather)_250226.csv,,,,,,,,,,
,,,,,,,,,,,,,,,,,,,,,,,,,,,,,,,,,,,,,ECAL_Bloom(Prather)_250226.csv,,,,,,,,,,
,,,,,,,,,,,,,,,,,,,,,,,,,,,,,,,,,,,,,ECAL_Bloom(Prather)_250226.csv,,,,,,,,,,
,,,Mean:,0.3%,2212.626632,138.6047521,122.9305732,17202.51491,1157.788679,,286.5799433,185.284938,84.77734114,1458.669854,81.19473997,110.8880872,200.4958435,1729.088836,71.85093745,116.6390674,601.1490012,600.3748953,320.454042,2715461.173,4823145.343,1803.673235,734.4474471,17.57318332,0.0%,423.0830061,0.0%,,0.0%,,,,ECAL_Bloom(Prather)_250226.csv,,288.4515594,39503531.03,0.0%,34716346.42,33751.15079,814335.1758,47181967.69,,
,,,RSD [%]:,58.32980721,56.63257077,64.99967696,30.69014055,34.1035014,26.82827963,,24.32634301,26.43720292,15.1696755,35.21194502,29.79461722,20.89588765,12.58350796,16.03522888,28.06012535,96.52795302,19.85909893,42.67114693,21.69226681,24.34237739,24.8973279,15.85531432,13.42617685,84.30788382,21.06629424,12.67772393,12.44242798,,26.89095477,,,,ECAL_Bloom(Prather)_250226.csv,,144.4889384,58.86170082,37.49910805,44.075444,34.66028494,151.2648563,22.76721495,,
,,,SD:,0.2%,1253.067343,90.09264112,37.72756569,5866.659912,310.6147844,,69.71442001,48.98415505,12.86044755,513.6260268,24.19166198,23.17105011,25.22941043,277.2633524,20.16146312,112.5893042,119.3827749,256.1868537,69.5137458,661007.8066,1200834.311,285.9780607,98.60821314,14.81557898,0.0%,53.63729552,0.0%,,0.0%,,,,ECAL_Bloom(Prather)_250226.csv,,416.7805959,23252450.24,0.0%,15301383.82,11698.24503,1231802.934,10742020,,
,,,,,,,,,,,,,,,,,,,,,,,,,,,,,,,,,,,,,ECAL_Bloom(Prather)_250226.csv,,,,,,,,,,
,,,,,,,,,,,,,,,,,,,,,,,,,,,,,,,,,,,,,ECAL_Bloom(Prather)_250226.csv,,,,,,,,,,
,,,,,,,,,,,,,,,,,,,,,,,,,,,,,,,,,,,,,ECAL_Bloom(Prather)_250226.csv,,,,,,,,,,
No,,Sample Type,Label,6Li (KED),23Na (KED) [ppb],24Mg (KED) [ppb],27Al (KED) [ppb],39K (KED) [ppb],44Ca (KED) [ppb],,51V (KED) [ppb],52Cr (KED) [ppb],55Mn (KED) [ppb],57Fe (KED) [ppb],59Co (KED) [ppb],60Ni (KED) [ppb],63Cu (KED) [ppb],66Zn (KED) [ppb],71Ga (KED) [ppb],72Ge (KED) [ppb],75As (KED) [ppb],77Se (KED) [ppb],88Sr (KED) [ppb],95Mo (KED) [ppb],105Pd (KED) [ppb],107Ag (KED) [ppb],111Cd (KED) [ppb],182W (KED) [ppb],45Sc (KED),208Pb (KED) [ppb],89Y (KED),,209Bi (KED),,,,ECAL_Bloom(Prather)_250226.csv,,31P (KED) [ppb],90Zr (KED) [ppb],115In (KED),118Sn (KED) [ppb],130Te (KED) [ppb],47Ti (KED) [ppb],195Pt (KED) [ppb],,
8,,UNKNOWN,08_Sample1,94.7%,9330.757208,1464.323306,6.134169999,800.6257221,756.4733345,,0.165006965,0.080032368,8.012388775,27.45952313,0.036669472,0.356874394,0.00454722,19.6469945,0.007152007,0.071425548,0.076618597,0.053200501,35.07531262,564.8293377,157.2374122,0.036033698,0.010258245,17.77536189,78.4%,0.102770845,88.0%,,77.1%,,,,ECAL_Bloom(Prather)_250226.csv,,164.4367456,8880.026253,87.6%,139.5559025,2.5641637,814.9211172,4899.5369,,
,,,,,,,,,,,,,,,,,,,,,,,,,,,,,,,,,,,,,ECAL_Bloom(Prather)_250226.csv,,,,,,,,,,
8,,,1,99.3%,9031.125486,1418.410271,5.761612439,804.2107241,772.0647723,,0.16271682,0.09177825,8.034556239,28.33314458,0.027653727,0.375797441,0.027469847,19.94348138,0.014805936,0.051899631,0.076647304,0.055037745,35.19280952,500.2853265,208.4368021,0.044653772,0.013523238,19.55302205,75.7%,0.105993555,87.1%,,76.2%,,,,ECAL_Bloom(Prather)_250226.csv,,163.5558655,10012.94337,87.5%,223.2563328,2.683028682,1335.903784,4626.870137,,
,,,,,,,,,,,,,,,,,,,,,,,,,,,,,,,,,,,,,ECAL_Bloom(Prather)_250226.csv,,,,,,,,,,
,,,,,,,,,,,,,,,,,,,,,,,,,,,,,,,,,,,,,ECAL_Bloom(Prather)_250226.csv,,,,,,,,,,
,,,,,,,,,,,,,,,,,,,,,,,,,,,,,,,,,,,,,ECAL_Bloom(Prather)_250226.csv,,,,,,,,,,
8,,,2,91.3%,9505.406775,1491.081672,6.305346648,802.4208823,754.9097797,,0.16615071,0.074384466,7.943558471,26.8093438,0.073783986,0.341616317,-0.007582745,19.50267237,0.008206281,0.025340765,0.061373588,0.03256697,34.73573793,683.4845939,114.2566353,0.042769938,0.008867343,18.9856558,78.6%,0.108538466,88.5%,,75.8%,,,,ECAL_Bloom(Prather)_250226.csv,,162.2488639,8054.044283,86.6%,170.1466167,1.436044765,-91.84876832,5844.44608,,
,,,,,,,,,,,,,,,,,,,,,,,,,,,,,,,,,,,,,ECAL_Bloom(Prather)_250226.csv,,,,,,,,,,
,,,,,,,,,,,,,,,,,,,,,,,,,,,,,,,,,,,,,ECAL_Bloom(Prather)_250226.csv,,,,,,,,,,
,,,,,,,,,,,,,,,,,,,,,,,,,,,,,,,,,,,,,ECAL_Bloom(Prather)_250226.csv,,,,,,,,,,
8,,,3,95.9%,9292.670925,1472.327489,6.832763588,803.2280654,750.4476714,,0.160459247,0.079591063,8.068044517,26.77302154,0.027796307,0.364658726,0.00194389,19.63917246,0.001977699,0.153105345,0.074351974,0.058590531,35.38850721,506.6257284,271.7831093,0.033041481,0.01160199,22.37077022,78.6%,0.100880465,87.5%,,79.1%,,,,ECAL_Bloom(Prather)_250226.csv,,164.8936553,8413.818168,85.9%,83.56035257,4.094007683,803.9668292,3428.558153,,
,,,,,,,,,,,,,,,,,,,,,,,,,,,,,,,,,,,,,ECAL_Bloom(Prather)_250226.csv,,,,,,,,,,
,,,,,,,,,,,,,,,,,,,,,,,,,,,,,,,,,,,,,ECAL_Bloom(Prather)_250226.csv,,,,,,,,,,
,,,,,,,,,,,,,,,,,,,,,,,,,,,,,,,,,,,,,ECAL_Bloom(Prather)_250226.csv,,,,,,,,,,
8,,,4,95.1%,9306.252724,1456.566245,5.77748587,791.0131099,753.0878415,,0.168953723,0.07305917,8.004105093,27.58602142,0.027725743,0.346857081,0.002277864,19.80426552,0.004063089,0.101842801,0.085094399,0.054180588,35.56422281,602.1088022,-16.59518823,0.028860824,0.006636672,15.32786127,78.8%,0.103635021,87.7%,,77.0%,,,,ECAL_Bloom(Prather)_250226.csv,,173.2550555,8585.24491,88.6%,141.9588266,2.31881787,2139.888196,4527.213302,,
,,,,,,,,,,,,,,,,,,,,,,,,,,,,,,,,,,,,,ECAL_Bloom(Prather)_250226.csv,,,,,,,,,,
,,,,,,,,,,,,,,,,,,,,,,,,,,,,,,,,,,,,,ECAL_Bloom(Prather)_250226.csv,,,,,,,,,,
,,,,,,,,,,,,,,,,,,,,,,,,,,,,,,,,,,,,,ECAL_Bloom(Prather)_250226.csv,,,,,,,,,,
8,,,5,91.8%,9518.330127,1483.230854,5.99364145,802.2558287,751.8566076,,0.166754325,0.081348891,8.011679555,27.7960843,0.026387598,0.355442406,-0.001372758,19.34538079,0.006707032,0.024939198,0.08562572,0.065626671,34.49528565,531.6422375,208.3057027,0.030842478,0.010661982,12.63950009,80.5%,0.094806717,89.5%,,77.3%,,,,ECAL_Bloom(Prather)_250226.csv,,158.2302876,9334.080537,89.4%,78.85738358,2.288919502,-113.3044547,6070.59683,,
,,,,,,,,,,,,,,,,,,,,,,,,,,,,,,,,,,,,,ECAL_Bloom(Prather)_250226.csv,,,,,,,,,,
,,,,,,,,,,,,,,,,,,,,,,,,,,,,,,,,,,,,,ECAL_Bloom(Prather)_250226.csv,,,,,,,,,,
,,,,,,,,,,,,,,,,,,,,,,,,,,,,,,,,,,,,,ECAL_Bloom(Prather)_250226.csv,,,,,,,,,,
,,,Mean:,94.7%,9330.757208,1464.323306,6.134169999,800.6257221,756.4733345,,0.165006965,0.080032368,8.012388775,27.45952313,0.036669472,0.356874394,0.00454722,19.6469945,0.007152007,0.071425548,0.076618597,0.053200501,35.07531262,564.8293377,157.2374122,0.036033698,0.010258245,17.77536189,78.4%,0.102770845,88.0%,,77.1%,,,,ECAL_Bloom(Prather)_250226.csv,,164.4367456,8880.026253,87.6%,139.5559025,2.5641637,814.9211172,4899.5369,,
,,,RSD [%]:,3.451171604,2.126747015,1.96321613,7.304667904,0.678124612,1.17238678,,2.052142923,9.275298101,0.571789559,2.433769298,56.60236608,3.846863456,294.9554886,1.205817574,68.57177478,77.5197017,12.89600925,23.27962543,1.277136913,13.74914306,71.39943875,19.96562473,25.64330234,21.44257771,2.237508539,5.135002691,1.079521625,,1.655348966,,,,ECAL_Bloom(Prather)_250226.csv,,3.359290715,8.860229948,1.634215503,43.53815152,37.82687548,118.1938659,21.98467572,,
,,,SD:,3.3%,198.4416004,28.74783134,0.448080747,5.429240074,8.868793364,,0.003386179,0.007423241,0.045814002,0.668301443,0.020755789,0.013728471,0.013412274,0.236906912,0.004904258,0.055368872,0.009880741,0.012384877,0.447959765,77.65919366,112.2666298,0.007194353,0.002630553,3.811495786,1.8%,0.005277286,1.0%,,1.3%,,,,ECAL_Bloom(Prather)_250226.csv,,5.523908326,786.7907454,1.4%,60.76006027,0.96994301,963.1867722,1077.147299,,
,,,,,,,,,,,,,,,,,,,,,,,,,,,,,,,,,,,,,ECAL_Bloom(Prather)_250226.csv,,,,,,,,,,
,,,,,,,,,,,,,,,,,,,,,,,,,,,,,,,,,,,,,ECAL_Bloom(Prather)_250226.csv,,,,,,,,,,
,,,,,,,,,,,,,,,,,,,,,,,,,,,,,,,,,,,,,ECAL_Bloom(Prather)_250226.csv,,,,,,,,,,
No,,Sample Type,Label,6Li (KED),23Na (KED) [ppb],24Mg (KED) [ppb],27Al (KED) [ppb],39K (KED) [ppb],44Ca (KED) [ppb],,51V (KED) [ppb],52Cr (KED) [ppb],55Mn (KED) [ppb],57Fe (KED) [ppb],59Co (KED) [ppb],60Ni (KED) [ppb],63Cu (KED) [ppb],66Zn (KED) [ppb],71Ga (KED) [ppb],72Ge (KED) [ppb],75As (KED) [ppb],77Se (KED) [ppb],88Sr (KED) [ppb],95Mo (KED) [ppb],105Pd (KED) [ppb],107Ag (KED) [ppb],111Cd (KED) [ppb],182W (KED) [ppb],45Sc (KED),208Pb (KED) [ppb],89Y (KED),,209Bi (KED),,,,ECAL_Bloom(Prather)_250226.csv,,31P (KED) [ppb],90Zr (KED) [ppb],115In (KED),118Sn (KED) [ppb],130Te (KED) [ppb],47Ti (KED) [ppb],195Pt (KED) [ppb],,
9,,UNKNOWN,09_Sample2,99.5%,4062.781218,635.7992059,3.552929157,342.6812325,318.4204039,,0.074525659,0.039839103,3.450860876,11.86921633,0.014253014,0.11692917,-0.19544009,6.073238095,0.00503192,0.062395365,0.036933138,0.026849414,15.22997721,204.4258181,95.64140213,0.038954174,0.008140912,7.428300307,84.3%,0.04872246,92.3%,,85.9%,,,,ECAL_Bloom(Prather)_250226.csv,,66.05451768,5259.118638,92.3%,-42.14625902,1.68576219,429.6319744,4874.002589,,
,,,,,,,,,,,,,,,,,,,,,,,,,,,,,,,,,,,,,ECAL_Bloom(Prather)_250226.csv,,,,,,,,,,
9,,,1,98.1%,4186.53502,651.3872647,3.201571195,352.3570329,325.9818561,,0.072711757,0.037797246,3.615847316,12.31112038,0.016762787,0.128206987,-0.192661087,6.158549641,0.007947388,0,0.036897955,0.023247229,15.37249228,198.7839593,127.4316793,0.04937026,0.011387067,15.62354897,80.8%,0.053758378,91.5%,,86.3%,,,,ECAL_Bloom(Prather)_250226.csv,,69.08051843,5369.327491,91.8%,-76.62210636,2.37535429,318.3907214,6707.540003,,
,,,,,,,,,,,,,,,,,,,,,,,,,,,,,,,,,,,,,ECAL_Bloom(Prather)_250226.csv,,,,,,,,,,
,,,,,,,,,,,,,,,,,,,,,,,,,,,,,,,,,,,,,ECAL_Bloom(Prather)_250226.csv,,,,,,,,,,
,,,,,,,,,,,,,,,,,,,,,,,,,,,,,,,,,,,,,ECAL_Bloom(Prather)_250226.csv,,,,,,,,,,
9,,,2,96.0%,4124.577672,641.364067,3.82879844,345.6572345,320.1107584,,0.077570062,0.042371379,3.388484779,11.75613201,0.013305792,0.103612965,-0.198715755,6.118462711,0.003836802,0.096344021,0.029607491,0.018793882,15.29347917,229.146731,102.5509523,0.044516734,0.009741965,5.909786116,83.7%,0.04892576,92.4%,,84.5%,,,,ECAL_Bloom(Prather)_250226.csv,,68.75883518,5370.553609,93.2%,-109.5780876,1.296132671,-146.0918251,4529.739334,,
,,,,,,,,,,,,,,,,,,,,,,,,,,,,,,,,,,,,,ECAL_Bloom(Prather)_250226.csv,,,,,,,,,,
,,,,,,,,,,,,,,,,,,,,,,,,,,,,,,,,,,,,,ECAL_Bloom(Prather)_250226.csv,,,,,,,,,,
,,,,,,,,,,,,,,,,,,,,,,,,,,,,,,,,,,,,,ECAL_Bloom(Prather)_250226.csv,,,,,,,,,,
9,,,3,104.6%,3916.175175,615.5898369,3.331096345,332.5878126,316.9260929,,0.070392363,0.039207415,3.43571276,12.07328289,0.015512665,0.1191507,-0.198452508,6.035963981,0.003121788,0.047367353,0.04073455,0.038440396,14.87970583,148.6959931,74.81573087,0.03541611,0.005342906,5.80007439,85.9%,0.048042424,93.5%,,86.2%,,,,ECAL_Bloom(Prather)_250226.csv,,63.17809572,5594.745994,92.5%,60.76986874,1.455956042,654.6227427,3366.899357,,
,,,,,,,,,,,,,,,,,,,,,,,,,,,,,,,,,,,,,ECAL_Bloom(Prather)_250226.csv,,,,,,,,,,
,,,,,,,,,,,,,,,,,,,,,,,,,,,,,,,,,,,,,ECAL_Bloom(Prather)_250226.csv,,,,,,,,,,
,,,,,,,,,,,,,,,,,,,,,,,,,,,,,,,,,,,,,ECAL_Bloom(Prather)_250226.csv,,,,,,,,,,
9,,,4,103.0%,3995.947758,629.7664261,3.883290894,338.6571124,319.3176082,,0.074845162,0.039650147,3.400928147,12.16638523,0.014173014,0.132440364,-0.191520431,6.13383426,0.005159121,0.120619243,0.038974996,0.03112229,15.32525179,170.5261954,71.45650375,0.032468706,0.00733666,4.995492082,85.3%,0.048088886,91.2%,,86.1%,,,,ECAL_Bloom(Prather)_250226.csv,,61.60595121,4100.855019,92.7%,-51.96626244,2.121853855,666.2118728,4320.398582,,
,,,,,,,,,,,,,,,,,,,,,,,,,,,,,,,,,,,,,ECAL_Bloom(Prather)_250226.csv,,,,,,,,,,
,,,,,,,,,,,,,,,,,,,,,,,,,,,,,,,,,,,,,ECAL_Bloom(Prather)_250226.csv,,,,,,,,,,
,,,,,,,,,,,,,,,,,,,,,,,,,,,,,,,,,,,,,ECAL_Bloom(Prather)_250226.csv,,,,,,,,,,
9,,,5,96.0%,4090.670467,640.8884348,3.51988891,344.1469703,309.7657037,,0.077108951,0.04016933,3.413331379,11.03916117,0.011510809,0.101234837,-0.195850667,5.919379884,0.005094499,0.047646207,0.038450699,0.022643271,15.27895696,274.976212,101.9521444,0.03299906,0.00689596,4.812599984,85.9%,0.044796854,92.7%,,86.2%,,,,ECAL_Bloom(Prather)_250226.csv,,67.64918787,5860.111079,91.5%,-33.33470748,1.179514092,655.0263601,5445.435667,,
,,,,,,,,,,,,,,,,,,,,,,,,,,,,,,,,,,,,,ECAL_Bloom(Prather)_250226.csv,,,,,,,,,,
,,,,,,,,,,,,,,,,,,,,,,,,,,,,,,,,,,,,,ECAL_Bloom(Prather)_250226.csv,,,,,,,,,,
,,,,,,,,,,,,,,,,,,,,,,,,,,,,,,,,,,,,,ECAL_Bloom(Prather)_250226.csv,,,,,,,,,,
,,,Mean:,99.5%,4062.781218,635.7992059,3.552929157,342.6812325,318.4204039,,0.074525659,0.039839103,3.450860876,11.86921633,0.014253014,0.11692917,-0.19544009,6.073238095,0.00503192,0.062395365,0.036933138,0.026849414,15.22997721,204.4258181,95.64140213,0.038954174,0.008140912,7.428300307,84.3%,0.04872246,92.3%,,85.9%,,,,ECAL_Bloom(Prather)_250226.csv,,66.05451768,5259.118638,92.3%,-42.14625902,1.68576219,429.6319744,4874.002589,,
,,,RSD [%]:,4.0138285,2.635838457,2.146008931,8.4319618,2.177392039,1.84445788,,4.04877579,4.18618075,2.720044198,4.269092621,14.16696988,12.06703185,1.678774465,1.606077771,36.6401478,75.50956053,11.69208451,29.33644527,1.307068033,24.30578368,24.05274785,19.44410506,29.53598927,62.01290618,2.556139535,6.624972199,1.023773866,,0.870646864,,,,ECAL_Bloom(Prather)_250226.csv,,5.193614579,12.89624022,0.742412051,152.3954166,31.48204101,82.39298153,25.9212652,,
,,,SD:,4.0%,107.0883498,13.64430774,0.299581629,7.461513876,5.873130232,,0.003017377,0.001667737,0.093864941,0.506707839,0.00201922,0.01410988,0.003280998,0.097540927,0.001843703,0.047114466,0.004318254,0.007876664,0.199066164,49.68729715,23.00438529,0.00757429,0.002404499,4.6065049,2.2%,0.003227849,0.9%,,0.7%,,,,ECAL_Bloom(Prather)_250226.csv,,3.430617061,678.2285733,0.7%,64.22896701,0.530712344,353.9865933,1263.403137,,
,,,,,,,,,,,,,,,,,,,,,,,,,,,,,,,,,,,,,ECAL_Bloom(Prather)_250226.csv,,,,,,,,,,
,,,,,,,,,,,,,,,,,,,,,,,,,,,,,,,,,,,,,ECAL_Bloom(Prather)_250226.csv,,,,,,,,,,
,,,,,,,,,,,,,,,,,,,,,,,,,,,,,,,,,,,,,ECAL_Bloom(Prather)_250226.csv,,,,,,,,,,
No,,Sample Type,Label,6Li (KED),23Na (KED) [ppb],24Mg (KED) [ppb],27Al (KED) [ppb],39K (KED) [ppb],44Ca (KED) [ppb],,51V (KED) [ppb],52Cr (KED) [ppb],55Mn (KED) [ppb],57Fe (KED) [ppb],59Co (KED) [ppb],60Ni (KED) [ppb],63Cu (KED) [ppb],66Zn (KED) [ppb],71Ga (KED) [ppb],72Ge (KED) [ppb],75As (KED) [ppb],77Se (KED) [ppb],88Sr (KED) [ppb],95Mo (KED) [ppb],105Pd (KED) [ppb],107Ag (KED) [ppb],111Cd (KED) [ppb],182W (KED) [ppb],45Sc (KED),208Pb (KED) [ppb],89Y (KED),,209Bi (KED),,,,ECAL_Bloom(Prather)_250226.csv,,31P (KED) [ppb],90Zr (KED) [ppb],115In (KED),118Sn (KED) [ppb],130Te (KED) [ppb],47Ti (KED) [ppb],195Pt (KED) [ppb],,
10,,UNKNOWN,08_PTFE11,106.4%,453991.3779,73529.59265,241.2043317,45192.3392,46252.15621,,8.266382431,3.131139261,473.1218408,1513.455743,1.232393484,12.33101308,0.218040596,445.9291051,0.05637762,2.699913938,1.471779561,0.70366459,1430.913737,22969.59043,2287.947859,0.573674411,0.132757509,68.85555584,53.2%,3.070593009,77.8%,,53.2%,,,,ECAL_Bloom(Prather)_250226.csv,,8618.005783,93072.62809,63.1%,11497.50925,118.6259554,31076.61894,42025.47479,,
,,,,,,,,,,,,,,,,,,,,,,,,,,,,,,,,,,,,,ECAL_Bloom(Prather)_250226.csv,,,,,,,,,,
10,,,1,108.4%,431339.6481,70282.34461,225.3711682,41804.60845,42384.27319,,7.631082316,2.892164645,446.5279156,1429.939221,1.166765503,11.56116794,0.211385096,430.5247611,0.064374912,2.687419484,1.471036385,0.823911898,1425.648124,23006.73667,1929.780534,0.342053454,0.136011597,70.22804778,57.6%,3.027993534,76.9%,,54.6%,,,,ECAL_Bloom(Prather)_250226.csv,,7856.240716,97358.71252,63.2%,10834.14073,119.4925246,29267.32984,43224.86237,,
,,,,,,,,,,,,,,,,,,,,,,,,,,,,,,,,,,,,,ECAL_Bloom(Prather)_250226.csv,,,,,,,,,,
,,,,,,,,,,,,,,,,,,,,,,,,,,,,,,,,,,,,,ECAL_Bloom(Prather)_250226.csv,,,,,,,,,,
,,,,,,,,,,,,,,,,,,,,,,,,,,,,,,,,,,,,,ECAL_Bloom(Prather)_250226.csv,,,,,,,,,,
10,,,2,105.0%,458591.1721,73630.68785,239.8120245,44831.93871,45381.72925,,8.173163356,3.103211012,470.9632547,1507.604269,1.181338094,12.32295406,0.214289383,442.6851315,0.053443792,2.888805834,1.480300445,0.630991455,1426.375501,23230.02597,2095.66397,0.632615126,0.135542969,69.38617409,54.0%,3.03774946,77.4%,,53.7%,,,,ECAL_Bloom(Prather)_250226.csv,,8452.71017,94891.28466,63.3%,11280.03612,114.4018778,33118.65506,47646.97422,,
,,,,,,,,,,,,,,,,,,,,,,,,,,,,,,,,,,,,,ECAL_Bloom(Prather)_250226.csv,,,,,,,,,,
,,,,,,,,,,,,,,,,,,,,,,,,,,,,,,,,,,,,,ECAL_Bloom(Prather)_250226.csv,,,,,,,,,,
,,,,,,,,,,,,,,,,,,,,,,,,,,,,,,,,,,,,,ECAL_Bloom(Prather)_250226.csv,,,,,,,,,,
10,,,3,101.5%,470730.6085,76310.57691,251.1823814,45696.81398,46875.76075,,8.425736419,3.116862931,469.1645526,1509.125283,1.243237857,12.54454273,0.238219985,445.0446975,0.049830326,2.752545513,1.423589482,0.748929963,1443.662818,23738.89345,2356.778573,0.63427058,0.132015024,68.76412029,52.9%,3.066469399,78.5%,,54.1%,,,,ECAL_Bloom(Prather)_250226.csv,,9039.572358,92638.55938,63.1%,12010.21712,120.9921891,30471.23162,40478.62759,,
,,,,,,,,,,,,,,,,,,,,,,,,,,,,,,,,,,,,,ECAL_Bloom(Prather)_250226.csv,,,,,,,,,,
,,,,,,,,,,,,,,,,,,,,,,,,,,,,,,,,,,,,,ECAL_Bloom(Prather)_250226.csv,,,,,,,,,,
,,,,,,,,,,,,,,,,,,,,,,,,,,,,,,,,,,,,,ECAL_Bloom(Prather)_250226.csv,,,,,,,,,,
10,,,4,111.0%,446413.2704,72190.36669,239.4606711,45510.51604,46989.6209,,8.377891745,3.23805188,484.3950459,1536.012772,1.278335046,12.41594801,0.21624592,450.2111345,0.060512844,2.705330695,1.462595561,0.578450569,1429.669994,22397.69059,2527.805915,0.678525486,0.120016204,68.45292799,52.4%,3.065523484,78.1%,,52.3%,,,,ECAL_Bloom(Prather)_250226.csv,,8635.797533,87727.00536,62.8%,11543.64626,118.9538075,32047.49665,36624.99182,,
,,,,,,,,,,,,,,,,,,,,,,,,,,,,,,,,,,,,,ECAL_Bloom(Prather)_250226.csv,,,,,,,,,,
,,,,,,,,,,,,,,,,,,,,,,,,,,,,,,,,,,,,,ECAL_Bloom(Prather)_250226.csv,,,,,,,,,,
,,,,,,,,,,,,,,,,,,,,,,,,,,,,,,,,,,,,,ECAL_Bloom(Prather)_250226.csv,,,,,,,,,,
10,,,5,106.2%,462882.1902,75233.98717,250.1954132,48117.8188,49629.39698,,8.72403832,3.305405836,494.558435,1584.597172,1.292290921,12.81045267,0.210062594,461.179801,0.053726225,2.465468164,1.521375933,0.736039065,1429.212248,22474.60546,2529.710302,0.580907409,0.140201752,67.44650908,49.3%,3.155229169,78.1%,,51.4%,,,,ECAL_Bloom(Prather)_250226.csv,,9105.708138,92747.57855,62.9%,11819.50601,119.2893781,30478.38152,42151.91793,,
,,,,,,,,,,,,,,,,,,,,,,,,,,,,,,,,,,,,,ECAL_Bloom(Prather)_250226.csv,,,,,,,,,,
,,,,,,,,,,,,,,,,,,,,,,,,,,,,,,,,,,,,,ECAL_Bloom(Prather)_250226.csv,,,,,,,,,,
,,,,,,,,,,,,,,,,,,,,,,,,,,,,,,,,,,,,,ECAL_Bloom(Prather)_250226.csv,,,,,,,,,,
,,,Mean:,106.4%,453991.3779,73529.59265,241.2043317,45192.3392,46252.15621,,8.266382431,3.131139261,473.1218408,1513.455743,1.232393484,12.33101308,0.218040596,445.9291051,0.05637762,2.699913938,1.471779561,0.70366459,1430.913737,22969.59043,2287.947859,0.573674411,0.132757509,68.85555584,53.2%,3.070593009,77.8%,,53.2%,,,,ECAL_Bloom(Prather)_250226.csv,,8618.005783,93072.62809,63.1%,11497.50925,118.6259554,31076.61894,42025.47479,,
,,,RSD [%]:,3.372018738,3.396235763,3.260249859,4.328749848,5.011895568,5.726060867,,4.912311902,5.046991498,3.83109261,3.708085851,4.577498915,3.793795687,5.291390102,2.505994587,10.47720417,5.665773103,2.387660503,13.94527922,0.512721936,2.417231402,11.68660434,23.36083701,5.793891797,1.509495444,5.634194547,1.636422669,0.842201346,,2.472683922,,,,ECAL_Bloom(Prather)_250226.csv,,5.869573504,3.819434786,0.310233629,4.023567592,2.096496299,4.856300297,9.563564064,,
,,,SD:,3.6%,15418.61754,2397.24844,10.44113214,2264.992845,2648.426617,,0.406070488,0.158028332,18.12573588,56.12023828,0.056412798,0.467813442,0.011537378,11.17495924,0.005906798,0.152970998,0.035141099,0.098127992,7.336608615,555.2281527,267.3834139,0.134015144,0.007691826,1.039371479,3.0%,0.05024788,0.7%,,1.3%,,,,ECAL_Bloom(Prather)_250226.csv,,505.840184,3554.848333,0.2%,462.610056,2.486988764,1509.173938,4019.133204,,
,,,,,,,,,,,,,,,,,,,,,,,,,,,,,,,,,,,,,ECAL_Bloom(Prather)_250226.csv,,,,,,,,,,
,,,,,,,,,,,,,,,,,,,,,,,,,,,,,,,,,,,,,ECAL_Bloom(Prather)_250226.csv,,,,,,,,,,
,,,,,,,,,,,,,,,,,,,,,,,,,,,,,,,,,,,,,ECAL_Bloom(Prather)_250226.csv,,,,,,,,,,
No,,Sample Type,Label,6Li (KED),23Na (KED) [ppb],24Mg (KED) [ppb],27Al (KED) [ppb],39K (KED) [ppb],44Ca (KED) [ppb],,51V (KED) [ppb],52Cr (KED) [ppb],55Mn (KED) [ppb],57Fe (KED) [ppb],59Co (KED) [ppb],60Ni (KED) [ppb],63Cu (KED) [ppb],66Zn (KED) [ppb],71Ga (KED) [ppb],72Ge (KED) [ppb],75As (KED) [ppb],77Se (KED) [ppb],88Sr (KED) [ppb],95Mo (KED) [ppb],105Pd (KED) [ppb],107Ag (KED) [ppb],111Cd (KED) [ppb],182W (KED) [ppb],45Sc (KED),208Pb (KED) [ppb],89Y (KED),,209Bi (KED),,,,ECAL_Bloom(Prather)_250226.csv,,31P (KED) [ppb],90Zr (KED) [ppb],115In (KED),118Sn (KED) [ppb],130Te (KED) [ppb],47Ti (KED) [ppb],195Pt (KED) [ppb],,
11,,UNKNOWN,09_PES11,106.9%,430152.3221,70145.9641,229.8467315,41955.96909,41617.06544,,7.568662199,2.894645193,435.5930925,1399.590743,1.143087164,11.45806922,-0.020107035,417.6231704,0.047666599,2.732752638,1.428687126,0.67305993,1379.729651,19551.62408,1998.635443,0.563400263,0.122069753,69.64245523,58.6%,3.125611451,79.3%,,49.8%,,,,ECAL_Bloom(Prather)_250226.csv,,8233.00315,90943.42882,63.9%,12250.8961,113.3534571,32058.0589,27224.80811,,
,,,,,,,,,,,,,,,,,,,,,,,,,,,,,,,,,,,,,ECAL_Bloom(Prather)_250226.csv,,,,,,,,,,
11,,,1,112.9%,404893.2784,65936.78861,211.540497,39254.8555,38700.81855,,7.132554207,2.733574952,413.1490431,1324.889419,1.085986646,11.13387085,-0.027400275,408.7751401,0.049119404,2.618055501,1.398489439,0.569419851,1378.544625,19079.96653,2013.165227,0.763669767,0.13036027,69.31313377,62.8%,3.007945951,79.3%,,52.1%,,,,ECAL_Bloom(Prather)_250226.csv,,7654.310459,90185.97717,63.6%,10899.45074,111.5119411,38562.11834,26496.55798,,
,,,,,,,,,,,,,,,,,,,,,,,,,,,,,,,,,,,,,ECAL_Bloom(Prather)_250226.csv,,,,,,,,,,
,,,,,,,,,,,,,,,,,,,,,,,,,,,,,,,,,,,,,ECAL_Bloom(Prather)_250226.csv,,,,,,,,,,
,,,,,,,,,,,,,,,,,,,,,,,,,,,,,,,,,,,,,ECAL_Bloom(Prather)_250226.csv,,,,,,,,,,
11,,,2,106.5%,443276.5535,70493.19506,232.4514579,41975.68801,41575.48714,,7.577106645,2.955711716,436.490872,1423.955159,1.154247549,11.35640564,-0.003300477,417.3827784,0.048394963,2.81207283,1.447749291,0.682683923,1367.045277,19181.48755,1957.834088,0.636586107,0.110292132,67.75764968,58.5%,3.141627638,80.0%,,50.1%,,,,ECAL_Bloom(Prather)_250226.csv,,8262.078778,91978.14818,63.9%,13014.53289,114.4682297,38288.93179,26256.76298,,
,,,,,,,,,,,,,,,,,,,,,,,,,,,,,,,,,,,,,ECAL_Bloom(Prather)_250226.csv,,,,,,,,,,
,,,,,,,,,,,,,,,,,,,,,,,,,,,,,,,,,,,,,ECAL_Bloom(Prather)_250226.csv,,,,,,,,,,
,,,,,,,,,,,,,,,,,,,,,,,,,,,,,,,,,,,,,ECAL_Bloom(Prather)_250226.csv,,,,,,,,,,
11,,,3,105.5%,437085.2057,71727.96492,232.5441995,42676.5064,42383.36868,,7.683117343,2.889801804,441.7934415,1400.760438,1.131147928,11.55155839,-0.015832916,420.140318,0.051446016,3.116219463,1.45720244,0.729792158,1388.573508,19513.62489,2085.574418,0.609909184,0.134821538,72.24101243,57.6%,3.105036335,79.3%,,49.7%,,,,ECAL_Bloom(Prather)_250226.csv,,8398.828511,89223.70713,64.2%,12142.48434,110.8010611,34661.78413,29260.82131,,
,,,,,,,,,,,,,,,,,,,,,,,,,,,,,,,,,,,,,ECAL_Bloom(Prather)_250226.csv,,,,,,,,,,
,,,,,,,,,,,,,,,,,,,,,,,,,,,,,,,,,,,,,ECAL_Bloom(Prather)_250226.csv,,,,,,,,,,
,,,,,,,,,,,,,,,,,,,,,,,,,,,,,,,,,,,,,ECAL_Bloom(Prather)_250226.csv,,,,,,,,,,
11,,,4,104.0%,435658.1485,71550.86383,236.337279,42966.82369,42554.85502,,7.643710682,2.971703367,442.0400095,1418.373483,1.159492553,11.50732356,-0.02603979,422.4182885,0.043467469,2.59182943,1.43795671,0.730640834,1379.823974,19284.03041,2082.998258,0.447404902,0.114820095,70.08148864,57.2%,3.152130985,78.6%,,48.8%,,,,ECAL_Bloom(Prather)_250226.csv,,8489.793992,93207.59306,64.3%,12707.04874,115.241839,24562.82633,28239.60776,,
,,,,,,,,,,,,,,,,,,,,,,,,,,,,,,,,,,,,,ECAL_Bloom(Prather)_250226.csv,,,,,,,,,,
,,,,,,,,,,,,,,,,,,,,,,,,,,,,,,,,,,,,,ECAL_Bloom(Prather)_250226.csv,,,,,,,,,,
,,,,,,,,,,,,,,,,,,,,,,,,,,,,,,,,,,,,,ECAL_Bloom(Prather)_250226.csv,,,,,,,,,,
11,,,5,105.8%,429848.4245,71021.00809,236.3602244,42905.97188,42870.79779,,7.80682212,2.922434126,444.4920964,1429.975217,1.184561141,11.74118769,-0.027961716,419.399327,0.045905142,2.525585964,1.402037748,0.652762882,1384.660871,20699.01103,1853.605224,0.359431356,0.120054727,68.81899161,56.6%,3.221316348,79.3%,,48.3%,,,,ECAL_Bloom(Prather)_250226.csv,,8360.004009,90121.71857,63.5%,12490.96381,114.7442145,24214.6339,25870.29053,,
,,,,,,,,,,,,,,,,,,,,,,,,,,,,,,,,,,,,,ECAL_Bloom(Prather)_250226.csv,,,,,,,,,,
,,,,,,,,,,,,,,,,,,,,,,,,,,,,,,,,,,,,,ECAL_Bloom(Prather)_250226.csv,,,,,,,,,,
,,,,,,,,,,,,,,,,,,,,,,,,,,,,,,,,,,,,,ECAL_Bloom(Prather)_250226.csv,,,,,,,,,,
,,,Mean:,106.9%,430152.3221,70145.9641,229.8467315,41955.96909,41617.06544,,7.568662199,2.894645193,435.5930925,1399.590743,1.143087164,11.45806922,-0.020107035,417.6231704,0.047666599,2.732752638,1.428687126,0.67305993,1379.729651,19551.62408,1998.635443,0.563400263,0.122069753,69.64245523,58.6%,3.125611451,79.3%,,49.8%,,,,ECAL_Bloom(Prather)_250226.csv,,8233.00315,90943.42882,63.9%,12250.8961,113.3534571,32058.0589,27224.80811,,
,,,RSD [%]:,3.211747357,3.465246559,3.424398291,4.530460835,3.719235813,4.082165603,,3.405320654,3.295819837,2.957251392,3.083788806,3.248883435,1.984240394,52.79835453,1.260412821,6.437234235,8.760815643,1.879613067,9.905620866,0.589746742,3.382074654,4.850028287,28.43853537,8.460742165,2.411753889,4.246215744,2.498162943,0.623139951,,2.950585378,,,,ECAL_Bloom(Prather)_250226.csv,,4.052637805,1.773322535,0.584391049,6.690160102,1.799811108,22.36394046,5.347307022,,
,,,SD:,3.4%,14905.83854,2402.077196,10.41311615,1560.441428,1698.87753,,0.257737217,0.09540229,12.88158279,43.16042267,0.03713757,0.227355638,0.010616183,5.263775983,0.003068411,0.239411421,0.02685379,0.066670765,8.136910665,661.2505225,96.93438433,0.160222783,0.010328007,1.679604622,2.5%,0.078082867,0.5%,,1.5%,,,,ECAL_Bloom(Prather)_250226.csv,,333.6537982,1612.720318,0.4%,819.6045633,2.040148112,7169.445205,1455.794076,,
,,,,,,,,,,,,,,,,,,,,,,,,,,,,,,,,,,,,,ECAL_Bloom(Prather)_250226.csv,,,,,,,,,,
,,,,,,,,,,,,,,,,,,,,,,,,,,,,,,,,,,,,,ECAL_Bloom(Prather)_250226.csv,,,,,,,,,,
1,,UNKNOWN,01_Rinse,0.10%,6567.577846,647.0843591,345.6428061,102030.076,9572.458504,34887972.14,81.99434831,193.6631643,628.0254171,5539.883285,99.95164376,1046.291378,2877.448828,191003.9052,116.8957811,2690.531302,408.7567593,376.9323836,3254.216017,27845740.96,-2676892.352,288424.5735,22137.5321,105028.2841,0.00%,3990.105968,0.00%,0.00%,0.00%,96.51106295,0.00%,,ECAL_Bloom(Prather)_20260224.csv,,-1.309880955,,,,,,,2.83E-07,
,,,,,,,,,,,,,,,,,,,,,,,,,,,,,,,,,,,,,ECAL_Bloom(Prather)_20260224.csv,,,,,,,,,,
1,,,1,0.10%,7055.140684,887.3054027,276.9385762,101465.1918,7056.662027,38126582.03,45.3161959,163.5247781,345.7247641,4364.094625,42.48028828,495.0167805,1949.891244,93772.23245,144.3464001,4809.755712,326.0624276,-0.003830663,6724.119416,20403653.07,-926404.4745,47312.20761,835.3024478,78338.90783,0.00%,3653.57982,0.00%,0.00%,0.00%,38.69637457,0.00%,,ECAL_Bloom(Prather)_20260224.csv,,-1.227711466,,,,,,,2.18E-07,
,,,,,,,,,,,,,,,,,,,,,,,,,,,,,,,,,,,,,ECAL_Bloom(Prather)_20260224.csv,,,,,,,,,,
,,,,,,,,,,,,,,,,,,,,,,,,,,,,,,,,,,,,,ECAL_Bloom(Prather)_20260224.csv,,,,,,,,,,
,,,,,,,,,,,,,,,,,,,,,,,,,,,,,,,,,,,,,ECAL_Bloom(Prather)_20260224.csv,,,,,,,,,,
1,,,2,0.10%,3442.041702,391.8260129,283.7798536,57137.13329,4728.467359,19419416.13,22.03642193,63.16281096,329.7388577,4326.70887,46.34795132,614.0973653,1482.231812,109502.6999,69.64062269,1281.270291,360.6327662,-0.003830663,1668.100206,17098502.44,-504457.7839,48982.86583,415.2138516,62357.23427,0.00%,3530.663724,0.00%,0.00%,0.00%,59.53305164,0.00%,,ECAL_Bloom(Prather)_20260224.csv,,-1.421051516,,,,,,,2.06E-07,
,,,,,,,,,,,,,,,,,,,,,,,,,,,,,,,,,,,,,ECAL_Bloom(Prather)_20260224.csv,,,,,,,,,,
,,,,,,,,,,,,,,,,,,,,,,,,,,,,,,,,,,,,,ECAL_Bloom(Prather)_20260224.csv,,,,,,,,,,
,,,,,,,,,,,,,,,,,,,,,,,,,,,,,,,,,,,,,ECAL_Bloom(Prather)_20260224.csv,,,,,,,,,,
1,,,3,0.00%,14600.06712,1189.38484,799.8980877,236876.4861,25362.40923,76767859.3,282.2701245,610.1185016,2006.272685,13668.06959,294.4994392,3307.148066,7696.39235,533160.3787,270.1403814,4772.960348,619.0072282,1537.937582,1670.64316,52780364.63,-10342713.88,1178609.901,106945.6546,69151.07957,0.00%,3885.29766,0.00%,0.00%,0.00%,67.81094629,0.00%,,ECAL_Bloom(Prather)_20260224.csv,,-1.493553941,,,,,,,3.02E-07,
,,,,,,,,,,,,,,,,,,,,,,,,,,,,,,,,,,,,,ECAL_Bloom(Prather)_20260224.csv,,,,,,,,,,
,,,,,,,,,,,,,,,,,,,,,,,,,,,,,,,,,,,,,ECAL_Bloom(Prather)_20260224.csv,,,,,,,,,,
,,,,,,,,,,,,,,,,,,,,,,,,,,,,,,,,,,,,,ECAL_Bloom(Prather)_20260224.csv,,,,,,,,,,
1,,,4,0.10%,4862.261478,481.0321179,202.382473,71418.41138,6989.319916,24764756.25,51.79004422,69.37136059,294.2325454,2823.763359,72.21703792,458.3474714,1775.637283,133838.1133,28.86892113,1603.237835,380.4065302,346.7358275,5283.224205,10201513.73,-607664.5022,55921.76289,1670.61325,133590.7796,0.00%,5478.112026,0.00%,0.00%,0.00%,127.9566298,0.00%,,ECAL_Bloom(Prather)_20260224.csv,,-1.1793765,,,,,,,3.14E-07,
,,,,,,,,,,,,,,,,,,,,,,,,,,,,,,,,,,,,,ECAL_Bloom(Prather)_20260224.csv,,,,,,,,,,
,,,,,,,,,,,,,,,,,,,,,,,,,,,,,,,,,,,,,ECAL_Bloom(Prather)_20260224.csv,,,,,,,,,,
,,,,,,,,,,,,,,,,,,,,,,,,,,,,,,,,,,,,,ECAL_Bloom(Prather)_20260224.csv,,,,,,,,,,
1,,,5,0.10%,2878.378246,285.8734221,165.2150401,43253.15722,3725.433991,15361247.01,8.558954973,62.13837047,164.1582332,2516.77998,44.21350204,356.847206,1483.091452,84746.10143,71.48257986,985.4323213,357.6748442,-0.003830663,924.9930957,38744670.92,-1003221.118,111296.1298,820.8763047,181703.419,0.00%,3402.876611,0.00%,0.00%,0.00%,188.5583124,0.00%,,ECAL_Bloom(Prather)_20260224.csv,,-1.22771135,,,,,,,3.75E-07,
,,,,,,,,,,,,,,,,,,,,,,,,,,,,,,,,,,,,,ECAL_Bloom(Prather)_20260224.csv,,,,,,,,,,
,,,,,,,,,,,,,,,,,,,,,,,,,,,,,,,,,,,,,ECAL_Bloom(Prather)_20260224.csv,,,,,,,,,,
,,,,,,,,,,,,,,,,,,,,,,,,,,,,,,,,,,,,,ECAL_Bloom(Prather)_20260224.csv,,,,,,,,,,
,,,Mean:,0.10%,6567.577846,647.0843591,345.6428061,102030.076,9572.458504,34887972.14,81.99434831,193.6631643,628.0254171,5539.883285,99.95164376,1046.291378,2877.448828,191003.9052,116.8957811,2690.531302,408.7567593,376.9323836,3254.216017,27845740.96,-2676892.352,288424.5735,22137.5321,105028.2841,0.00%,3990.105968,0.00%,0.00%,0.00%,96.51106295,0.00%,,ECAL_Bloom(Prather)_20260224.csv,,-1.309880955,,,,,,,2.83E-07,
,,,RSD [%]:,52.70466983,72.64319091,58.59260742,74.88380206,76.84760376,93.43410634,71.47802231,138.1911853,122.2261676,123.2053681,83.42482303,109.4845492,121.1134544,93.87724463,100.6135427,81.47310514,71.74173113,29.14570452,176.7325129,79.25235788,62.78794623,160.2767634,172.7763934,214.16742,48.81717675,50.85478031,21.31861609,99.3807921,63.88766791,27.15869281,63.4407041,111.2315378,,ECAL_Bloom(Prather)_20260224.csv,,10.56663865,,,,,,,25.02832551,
,,,SD:,0.00%,4770.898112,379.1435982,258.8304748,78407.6685,8943.941059,24937232.51,113.3089618,236.7070639,773.7610269,4621.637826,109.4316066,1267.199631,2701.269675,192175.7956,95.2386226,1930.233732,119.1350373,666.1620734,2579.042924,17483768.86,4290436.422,498329.5758,47411.38136,51271.84307,0.00%,850.6353731,0.00%,0.00%,0.00%,61.22729787,0.00%,,ECAL_Bloom(Prather)_20260224.csv,,0.138410387,,,,,,,7.08E-08,
,,,,,,,,,,,,,,,,,,,,,,,,,,,,,,,,,,,,,ECAL_Bloom(Prather)_20260224.csv,,,,,,,,,,
,,,,,,,,,,,,,,,,,,,,,,,,,,,,,,,,,,,,,ECAL_Bloom(Prather)_20260224.csv,,,,,,,,,,
,,,,,,,,,,,,,,,,,,,,,,,,,,,,,,,,,,,,,ECAL_Bloom(Prather)_20260224.csv,,,,,,,,,,
No,,Sample Type,Label,6Li (KED),23Na (KED) [ppb],24Mg (KED) [ppb],27Al (KED) [ppb],39K (KED) [ppb],44Ca (KED) [ppb],32S (KED) [ppb],51V (KED) [ppb],52Cr (KED) [ppb],55Mn (KED) [ppb],57Fe (KED) [ppb],59Co (KED) [ppb],60Ni (KED) [ppb],63Cu (KED) [ppb],66Zn (KED) [ppb],71Ga (KED) [ppb],72Ge (KED) [ppb],75As (KED) [ppb],77Se (KED) [ppb],88Sr (KED) [ppb],95Mo (KED) [ppb],105Pd (KED) [ppb],107Ag (KED) [ppb],111Cd (KED) [ppb],182W (KED) [ppb],45Sc (KED),208Pb (KED) [ppb],89Y (KED),113In (KED),209Bi (KED),238U (KED) [ppb],159Tb (KED),,ECAL_Bloom(Prather)_20260224.csv,,31P (KED) [ppb],,,,,,,232Th (KED) [ppm],
2,,BLK,,100.00%,0,0,0,0,0,0,0,0,0,0,0,0,0,0,0,0,0,0,0,0,0,0,0,0,100.00%,0,100.00%,100.00%,100.00%,0,100.00%,,ECAL_Bloom(Prather)_20260224.csv,,0,,,,,,,3.26E-05,
,,,,,,,,,,,,,,,,,,,,,,,,,,,,,,,,,,,,,ECAL_Bloom(Prather)_20260224.csv,,,,,,,,,,
2,,BLK,02_Blank,,,,,,,,,,,,,,,,,,,,,,,,,,,,,,,,,,ECAL_Bloom(Prather)_20260224.csv,,,,,,,,,,
,,,,,,,,,,,,,,,,,,,,,,,,,,,,,,,,,,,,,ECAL_Bloom(Prather)_20260224.csv,,,,,,,,,,
,,,Residuum:,,0,0,0,0,0,0,0,0,0,0,0,0,0,0,0,0,0,0,0,0,0,0,0,0,,0,,,,0,,,ECAL_Bloom(Prather)_20260224.csv,,0,,,,,,,0,
,,,IDL(LOD):,,0.3,0.1,0.1,0.7,0.5,528.4,0,0,0,0.1,0,0,0,0.1,0,0,0,0,0,692.4,,0.5,0,0.6,,0,,,,0,,,ECAL_Bloom(Prather)_20260224.csv,,0.6,,,,,,,,
,,,,,,,,,,,,,,,,,,,,,,,,,,,,,,,,,,,,,ECAL_Bloom(Prather)_20260224.csv,,,,,,,,,,
,,,Mean:,100.00%,0,0,0,0,0,0,0,0,0,0,0,0,0,0,0,0,0,0,0,0,0,0,0,0,100.00%,0,100.00%,100.00%,100.00%,0,100.00%,,ECAL_Bloom(Prather)_20260224.csv,,0,,,,,,,3.26E-05,
,,,RSD [%]:,,0.057048953,0.06351314,0.034524739,0.022540404,0.191849799,0.020690072,0.270922971,0.246616873,0.176812512,0.123552459,0.595516849,0.091233863,0.042040409,0.031675282,0.696937432,0.704517541,0.323453557,0.390211554,0.086371626,0.394666088,0.017342481,0.570344675,0.709189283,0.180124394,,0.028506919,,,,0.306256834,,,ECAL_Bloom(Prather)_20260224.csv,,6.758616648,,,,,,,2.060601131,
,,,SD:,,0.094657236,0.028439245,0.043458552,0.246694567,0.175878824,176.1250903,0.000245558,0.001112759,0.000966087,0.021098172,0.000469454,0.000887229,0.001756841,0.041765407,0.000285833,0.012608796,0.001133138,0.001494769,0.002545302,230.8011171,14.46705433,0.172914112,0.006517055,0.214277979,,0.000405146,,,,3.24E-05,,,ECAL_Bloom(Prather)_20260224.csv,,0.187513133,,,,,,,6.72E-07,
,,,,,,,,,,,,,,,,,,,,,,,,,,,,,,,,,,,,,ECAL_Bloom(Prather)_20260224.csv,,,,,,,,,,
No,,Sample Type,Label,6Li (KED),23Na (KED) [ppb],24Mg (KED) [ppb],27Al (KED) [ppb],39K (KED) [ppb],44Ca (KED) [ppb],32S (KED) [ppb],51V (KED) [ppb],52Cr (KED) [ppb],55Mn (KED) [ppb],57Fe (KED) [ppb],59Co (KED) [ppb],60Ni (KED) [ppb],63Cu (KED) [ppb],66Zn (KED) [ppb],71Ga (KED) [ppb],72Ge (KED) [ppb],75As (KED) [ppb],77Se (KED) [ppb],88Sr (KED) [ppb],95Mo (KED) [ppb],105Pd (KED) [ppb],107Ag (KED) [ppb],111Cd (KED) [ppb],182W (KED) [ppb],45Sc (KED),208Pb (KED) [ppb],89Y (KED),113In (KED),209Bi (KED),238U (KED) [ppb],159Tb (KED),,ECAL_Bloom(Prather)_20260224.csv,,31P (KED) [ppb],,,,,,,232Th (KED) [ppm],
3,,STD,,,,,,,,,,,,,,,,,,,,,,,,,,,,,,,,,,,ECAL_Bloom(Prather)_20260224.csv,,,,,,,,,,
,,,,,,,,,,,,,,,,,,,,,,,,,,,,,,,,,,,,,ECAL_Bloom(Prather)_20260224.csv,,,,,,,,,,
3,,STD,03_1ppb,99.60%,1.232 (1.000),1.027 (1.000),0.080 (1.000),1.234 (1.000),3.823 (1.000),131.385 (1.000),0.822 (1.000),0.831 (1.000),0.841 (1.000),0.850 (1.000),0.876 (1.000),0.905 (1.000),0.943 (1.000),1.132 (1.000),0.939 (1.000),0.952 (1.000),0.952 (1.000),1.001 (1.000),1.004 (1.000),-117.437 (1.000),24.306 (1.000),21.717 (1.000),26.502 (1.000),0.996 (1.000),98.60%,0.947 (1.000),98.30%,101.50%,98.20%,0.910 (1.000),98.40%,,ECAL_Bloom(Prather)_20260224.csv,,0.851 (1.000),,,,,,,,
,,,,,,,,,,,,,,,,,,,,,,,,,,,,,,,,,,,,,ECAL_Bloom(Prather)_20260224.csv,,,,,,,,,,
3,,,1,0.00%,1.212 (1.000),1.081 (1.000),0.118 (1.000),1.187 (1.000),4.295 (1.000),463.422 (1.000),0.807 (1.000),0.843 (1.000),0.851 (1.000),0.859 (1.000),0.870 (1.000),0.902 (1.000),0.947 (1.000),1.097 (1.000),0.928 (1.000),1.083 (1.000),0.942 (1.000),0.982 (1.000),0.991 (1.000),25.464 (1.000),28.309 (1.000),20.678 (1.000),26.878 (1.000),0.886 (1.000),0.00%,0.943 (1.000),0.00%,0.00%,0.00%,0.905 (1.000),0.00%,,ECAL_Bloom(Prather)_20260224.csv,,1.165 (1.000),,,,,,,,
3,,,2,0.00%,1.202 (1.000),1.067 (1.000),-0.141 (1.000),1.187 (1.000),3.418 (1.000),76.961 (1.000),0.799 (1.000),0.833 (1.000),0.821 (1.000),1.054 (1.000),0.872 (1.000),0.888 (1.000),0.941 (1.000),1.169 (1.000),0.951 (1.000),1.031 (1.000),0.942 (1.000),1.007 (1.000),1.018 (1.000),26.463 (1.000),4.879 (1.000),21.543 (1.000),26.070 (1.000),0.957 (1.000),0.00%,0.945 (1.000),0.00%,0.00%,0.00%,0.905 (1.000),0.00%,,ECAL_Bloom(Prather)_20260224.csv,,0.561 (1.000),,,,,,,,
3,,,3,0.00%,1.183 (1.000),1.030 (1.000),0.115 (1.000),1.089 (1.000),3.808 (1.000),60.497 (1.000),0.846 (1.000),0.810 (1.000),0.840 (1.000),0.784 (1.000),0.882 (1.000),0.921 (1.000),0.951 (1.000),1.182 (1.000),0.922 (1.000),0.788 (1.000),0.986 (1.000),0.943 (1.000),0.994 (1.000),-214.296 (1.000),19.547 (1.000),21.545 (1.000),25.920 (1.000),0.986 (1.000),0.00%,0.947 (1.000),0.00%,0.00%,0.00%,0.899 (1.000),0.00%,,ECAL_Bloom(Prather)_20260224.csv,,0.947 (1.000),,,,,,,,
3,,,4,0.00%,1.275 (1.000),0.947 (1.000),0.059 (1.000),1.147 (1.000),3.765 (1.000),-93.001 (1.000),0.839 (1.000),0.845 (1.000),0.856 (1.000),0.735 (1.000),0.887 (1.000),0.899 (1.000),0.940 (1.000),1.083 (1.000),0.943 (1.000),1.017 (1.000),0.941 (1.000),1.014 (1.000),1.016 (1.000),-270.768 (1.000),44.982 (1.000),22.569 (1.000),26.487 (1.000),1.083 (1.000),0.00%,0.939 (1.000),0.00%,0.00%,0.00%,0.908 (1.000),0.00%,,ECAL_Bloom(Prather)_20260224.csv,,0.609 (1.000),,,,,,,,
3,,,5,0.00%,1.289 (1.000),1.009 (1.000),0.248 (1.000),1.557 (1.000),3.831 (1.000),149.049 (1.000),0.821 (1.000),0.821 (1.000),0.838 (1.000),0.814 (1.000),0.867 (1.000),0.917 (1.000),0.937 (1.000),1.129 (1.000),0.950 (1.000),0.839 (1.000),0.947 (1.000),1.059 (1.000),1.004 (1.000),-154.048 (1.000),23.817 (1.000),22.251 (1.000),27.156 (1.000),1.066 (1.000),0.00%,0.960 (1.000),0.00%,0.00%,0.00%,0.932 (1.000),0.00%,,ECAL_Bloom(Prather)_20260224.csv,,0.972 (1.000),,,,,,,,
,,,,,,,,,,,,,,,,,,,,,,,,,,,,,,,,,,,,,ECAL_Bloom(Prather)_20260224.csv,,,,,,,,,,
,,,Residuum:,,0.2,0,-0.9,0.2,2.8,130.4,-0.2,-0.2,-0.2,-0.2,-0.1,-0.1,-0.1,0.1,-0.1,0,0,0,0,-118.4,23.3,20.7,25.5,0,,-0.1,,,,-0.1,,,ECAL_Bloom(Prather)_20260224.csv,,-0.1,,,,,,,,
,,,Confidence Delta:,,+/-0.0,+/-0.0,+/-0.0,+/-0.0,+/-1.6,+/-308.2,+/-0.1,+/-0.1,+/-0.1,+/-0.1,+/-0.1,+/-0.1,+/-0.1,+/-0.1,+/-0.0,+/-0.1,+/-0.1,+/-0.1,+/-0.0,+/-45.8,+/-30.9,+/-31.4,+/-39.0,+/-0.2,,+/-0.0,,,,+/-0.0,,,ECAL_Bloom(Prather)_20260224.csv,,+/-0.0,,,,,,,,
,,,,,,,,,,,,,,,,,,,,,,,,,,,,,,,,,,,,,ECAL_Bloom(Prather)_20260224.csv,,,,,,,,,,
4,,STD,03_10ppb,102.70%,10.573 (10.000),10.587 (10.000),8.687 (10.000),9.946 (10.000),38.699 (10.000),-85.809 (10.000),8.360 (10.000),8.359 (10.000),8.401 (10.000),9.247 (10.000),8.877 (10.000),9.202 (10.000),9.383 (10.000),9.586 (10.000),9.453 (10.000),10.678 (10.000),9.784 (10.000),10.498 (10.000),10.135 (10.000),-92.204 (10.000),175.396 (10.000),180.077 (10.000),209.644 (10.000),10.375 (10.000),102.10%,9.574 (10.000),102.60%,138.10%,103.60%,9.269 (10.000),102.10%,,ECAL_Bloom(Prather)_20260224.csv,,11.683 (10.000),,,,,,,,
,,,,,,,,,,,,,,,,,,,,,,,,,,,,,,,,,,,,,ECAL_Bloom(Prather)_20260224.csv,,,,,,,,,,
4,,,1,0.00%,10.659 (10.000),10.709 (10.000),8.569 (10.000),9.895 (10.000),39.288 (10.000),174.283 (10.000),8.282 (10.000),8.337 (10.000),8.478 (10.000),9.412 (10.000),8.901 (10.000),9.240 (10.000),9.351 (10.000),9.582 (10.000),9.330 (10.000),9.760 (10.000),9.691 (10.000),10.321 (10.000),10.075 (10.000),10.435 (10.000),155.058 (10.000),175.652 (10.000),208.770 (10.000),9.978 (10.000),0.00%,9.757 (10.000),0.00%,0.00%,0.00%,9.484 (10.000),0.00%,,ECAL_Bloom(Prather)_20260224.csv,,12.814 (10.000),,,,,,,,
4,,,2,0.00%,10.480 (10.000),10.782 (10.000),8.754 (10.000),10.276 (10.000),38.426 (10.000),30.003 (10.000),8.373 (10.000),8.545 (10.000),8.389 (10.000),8.910 (10.000),9.095 (10.000),9.327 (10.000),9.472 (10.000),9.767 (10.000),9.505 (10.000),10.960 (10.000),9.765 (10.000),10.814 (10.000),10.180 (10.000),-146.215 (10.000),185.713 (10.000),180.016 (10.000),210.069 (10.000),10.546 (10.000),0.00%,9.483 (10.000),0.00%,0.00%,0.00%,9.240 (10.000),0.00%,,ECAL_Bloom(Prather)_20260224.csv,,11.074 (10.000),,,,,,,,
4,,,3,0.00%,10.654 (10.000),10.627 (10.000),8.952 (10.000),10.494 (10.000),39.560 (10.000),55.797 (10.000),8.518 (10.000),8.361 (10.000),8.543 (10.000),9.281 (10.000),8.844 (10.000),9.207 (10.000),9.556 (10.000),9.749 (10.000),9.714 (10.000),11.265 (10.000),10.077 (10.000),10.628 (10.000),9.937 (10.000),-33.646 (10.000),173.659 (10.000),180.825 (10.000),211.503 (10.000),10.026 (10.000),0.00%,9.542 (10.000),0.00%,0.00%,0.00%,9.156 (10.000),0.00%,,ECAL_Bloom(Prather)_20260224.csv,,11.412 (10.000),,,,,,,,
4,,,4,0.00%,10.595 (10.000),10.798 (10.000),8.957 (10.000),9.450 (10.000),37.907 (10.000),-372.416 (10.000),8.343 (10.000),8.270 (10.000),8.289 (10.000),9.417 (10.000),8.841 (10.000),9.118 (10.000),9.177 (10.000),9.434 (10.000),9.407 (10.000),10.335 (10.000),9.714 (10.000),10.437 (10.000),10.335 (10.000),-309.065 (10.000),207.807 (10.000),183.381 (10.000),211.543 (10.000),11.324 (10.000),0.00%,9.232 (10.000),0.00%,0.00%,0.00%,9.246 (10.000),0.00%,,ECAL_Bloom(Prather)_20260224.csv,,11.219 (10.000),,,,,,,,
4,,,5,0.00%,10.476 (10.000),10.018 (10.000),8.203 (10.000),9.613 (10.000),38.314 (10.000),-316.714 (10.000),8.286 (10.000),8.280 (10.000),8.308 (10.000),9.216 (10.000),8.705 (10.000),9.118 (10.000),9.359 (10.000),9.398 (10.000),9.308 (10.000),11.073 (10.000),9.673 (10.000),10.289 (10.000),10.147 (10.000),17.469 (10.000),154.742 (10.000),180.513 (10.000),206.335 (10.000),9.999 (10.000),0.00%,9.855 (10.000),0.00%,0.00%,0.00%,9.221 (10.000),0.00%,,ECAL_Bloom(Prather)_20260224.csv,,11.895 (10.000),,,,,,,,
,,,,,,,,,,,,,,,,,,,,,,,,,,,,,,,,,,,,,ECAL_Bloom(Prather)_20260224.csv,,,,,,,,,,
,,,Residuum:,,0.6,0.6,-1.3,-0.1,28.7,-95.8,-1.6,-1.6,-1.6,-0.8,-1.1,-0.8,-0.6,-0.4,-0.5,0.7,-0.2,0.5,0.1,-102.2,165.4,170.1,199.6,0.4,,-0.4,,,,-0.7,,,ECAL_Bloom(Prather)_20260224.csv,,1.7,,,,,,,,
,,,Confidence Delta:,,+/-0.3,+/-0.3,+/-0.2,+/-0.0,+/-16.2,+/-201.3,+/-0.8,+/-0.9,+/-0.6,+/-0.7,+/-0.6,+/-0.6,+/-0.7,+/-0.7,+/-0.3,+/-1.0,+/-0.7,+/-1.2,+/-0.1,+/-36.0,+/-223.3,+/-260.7,+/-308.7,+/-1.7,,+/-0.0,,,,+/-0.1,,,ECAL_Bloom(Prather)_20260224.csv,,+/-0.4,,,,,,,,
,,,,,,,,,,,,,,,,,,,,,,,,,,,,,,,,,,,,,ECAL_Bloom(Prather)_20260224.csv,,,,,,,,,,
5,,STD,04_50ppb,103.80%,53.238 (50.000),54.585 (50.000),48.165 (50.000),50.460 (50.000),194.207 (50.000),937.214 (50.000),42.079 (50.000),42.391 (50.000),42.256 (50.000),46.866 (50.000),45.809 (50.000),45.703 (50.000),46.760 (50.000),47.153 (50.000),47.682 (50.000),52.889 (50.000),48.944 (50.000),51.938 (50.000),51.551 (50.000),180.546 (50.000),457.388 (50.000),478.572 (50.000),517.897 (50.000),52.233 (50.000),102.30%,48.838 (50.000),102.80%,291.40%,103.80%,47.237 (50.000),103.80%,,ECAL_Bloom(Prather)_20260224.csv,,61.611 (50.000),,,,,,,,
,,,,,,,,,,,,,,,,,,,,,,,,,,,,,,,,,,,,,ECAL_Bloom(Prather)_20260224.csv,,,,,,,,,,
5,,,1,0.00%,53.400 (50.000),54.394 (50.000),48.110 (50.000),51.067 (50.000),196.648 (50.000),"2,843.282 (50.000)",41.875 (50.000),42.712 (50.000),42.173 (50.000),47.082 (50.000),46.617 (50.000),46.667 (50.000),47.893 (50.000),48.270 (50.000),48.769 (50.000),54.560 (50.000),49.701 (50.000),52.165 (50.000),53.093 (50.000),273.251 (50.000),455.532 (50.000),467.157 (50.000),514.767 (50.000),51.496 (50.000),0.00%,49.170 (50.000),0.00%,0.00%,0.00%,48.032 (50.000),0.00%,,ECAL_Bloom(Prather)_20260224.csv,,62.795 (50.000),,,,,,,,
5,,,2,0.00%,52.507 (50.000),54.925 (50.000),47.758 (50.000),50.517 (50.000),195.941 (50.000),83.445 (50.000),42.613 (50.000),43.201 (50.000),42.544 (50.000),47.333 (50.000),45.902 (50.000),46.436 (50.000),46.900 (50.000),47.351 (50.000),47.247 (50.000),52.977 (50.000),49.144 (50.000),52.437 (50.000),51.633 (50.000),309.085 (50.000),450.430 (50.000),469.113 (50.000),516.859 (50.000),54.080 (50.000),0.00%,49.213 (50.000),0.00%,0.00%,0.00%,48.634 (50.000),0.00%,,ECAL_Bloom(Prather)_20260224.csv,,63.158 (50.000),,,,,,,,
5,,,3,0.00%,53.032 (50.000),54.011 (50.000),48.187 (50.000),50.475 (50.000),194.651 (50.000),-38.056 (50.000),41.848 (50.000),42.410 (50.000),42.667 (50.000),47.336 (50.000),45.881 (50.000),45.848 (50.000),46.819 (50.000),47.658 (50.000),47.802 (50.000),53.920 (50.000),49.142 (50.000),52.287 (50.000),51.142 (50.000),-136.477 (50.000),447.279 (50.000),485.873 (50.000),519.439 (50.000),53.134 (50.000),0.00%,48.916 (50.000),0.00%,0.00%,0.00%,46.429 (50.000),0.00%,,ECAL_Bloom(Prather)_20260224.csv,,61.128 (50.000),,,,,,,,
5,,,4,0.00%,53.040 (50.000),54.491 (50.000),47.738 (50.000),49.512 (50.000),191.688 (50.000),-285.072 (50.000),42.241 (50.000),42.076 (50.000),41.785 (50.000),47.354 (50.000),45.574 (50.000),44.718 (50.000),46.559 (50.000),46.237 (50.000),47.015 (50.000),51.496 (50.000),48.267 (50.000),51.807 (50.000),50.918 (50.000),261.740 (50.000),466.757 (50.000),480.012 (50.000),512.379 (50.000),51.611 (50.000),0.00%,48.831 (50.000),0.00%,0.00%,0.00%,46.568 (50.000),0.00%,,ECAL_Bloom(Prather)_20260224.csv,,60.306 (50.000),,,,,,,,
5,,,5,0.00%,54.213 (50.000),55.105 (50.000),49.033 (50.000),50.728 (50.000),192.107 (50.000),"2,082.472 (50.000)",41.821 (50.000),41.555 (50.000),42.111 (50.000),45.226 (50.000),45.072 (50.000),44.848 (50.000),45.626 (50.000),46.252 (50.000),47.575 (50.000),51.490 (50.000),48.465 (50.000),50.991 (50.000),50.971 (50.000),195.130 (50.000),466.939 (50.000),490.706 (50.000),526.040 (50.000),50.844 (50.000),0.00%,48.061 (50.000),0.00%,0.00%,0.00%,46.524 (50.000),0.00%,,ECAL_Bloom(Prather)_20260224.csv,,60.668 (50.000),,,,,,,,
,,,,,,,,,,,,,,,,,,,,,,,,,,,,,,,,,,,,,ECAL_Bloom(Prather)_20260224.csv,,,,,,,,,,
,,,Residuum:,,3.2,4.6,-1.8,0.5,144.2,887.2,-7.9,-7.6,-7.7,-3.1,-4.2,-4.3,-3.2,-2.8,-2.3,2.9,-1.1,1.9,1.6,130.5,407.4,428.6,467.9,2.2,,-1.2,,,,-2.8,,,ECAL_Bloom(Prather)_20260224.csv,,11.6,,,,,,,,
,,,Confidence Delta:,,+/-1.7,+/-1.4,+/-0.9,+/-0.1,+/-81.5,"+/-2,198.6",+/-4.2,+/-4.3,+/-3.1,+/-3.6,+/-3.1,+/-2.9,+/-3.7,+/-3.7,+/-1.4,+/-5.0,+/-3.4,+/-5.9,+/-0.6,+/-70.5,+/-582.3,+/-692.9,+/-762.7,+/-8.5,,+/-0.2,,,,+/-0.4,,,ECAL_Bloom(Prather)_20260224.csv,,+/-2.0,,,,,,,,
,,,,,,,,,,,,,,,,,,,,,,,,,,,,,,,,,,,,,ECAL_Bloom(Prather)_20260224.csv,,,,,,,,,,
6,,STD,05_100ppb,102.70%,106.524 (100.000),109.094 (100.000),96.035 (100.000),101.097 (100.000),395.423 (100.000),331.705 (100.000),89.839 (100.000),89.142 (100.000),89.781 (100.000),91.230 (100.000),95.125 (100.000),90.284 (100.000),96.898 (100.000),92.999 (100.000),93.781 (100.000),100.228 (100.000),94.202 (100.000),99.291 (100.000),99.158 (100.000),333.893 (100.000),588.097 (100.000),627.879 (100.000),626.377 (100.000),101.754 (100.000),98.10%,97.642 (100.000),106.30%,478.00%,108.20%,93.720 (100.000),106.00%,,ECAL_Bloom(Prather)_20260224.csv,,120.115 (100.000),,,,,,,,
,,,,,,,,,,,,,,,,,,,,,,,,,,,,,,,,,,,,,ECAL_Bloom(Prather)_20260224.csv,,,,,,,,,,
6,,,1,0.00%,107.243 (100.000),108.537 (100.000),97.446 (100.000),101.239 (100.000),394.578 (100.000),339.180 (100.000),87.703 (100.000),85.675 (100.000),86.575 (100.000),93.402 (100.000),90.756 (100.000),92.330 (100.000),94.918 (100.000),95.522 (100.000),98.618 (100.000),104.855 (100.000),99.355 (100.000),104.229 (100.000),99.321 (100.000),437.038 (100.000),580.481 (100.000),594.111 (100.000),631.509 (100.000),107.686 (100.000),0.00%,101.322 (100.000),0.00%,0.00%,0.00%,92.894 (100.000),0.00%,,ECAL_Bloom(Prather)_20260224.csv,,120.492 (100.000),,,,,,,,
6,,,2,0.00%,104.235 (100.000),107.546 (100.000),93.829 (100.000),99.764 (100.000),393.369 (100.000),280.995 (100.000),87.744 (100.000),88.443 (100.000),88.685 (100.000),92.676 (100.000),93.229 (100.000),91.617 (100.000),95.995 (100.000),93.823 (100.000),95.887 (100.000),103.204 (100.000),96.408 (100.000),100.605 (100.000),101.167 (100.000),100.556 (100.000),586.812 (100.000),605.967 (100.000),619.013 (100.000),100.351 (100.000),0.00%,96.837 (100.000),0.00%,0.00%,0.00%,95.380 (100.000),0.00%,,ECAL_Bloom(Prather)_20260224.csv,,119.453 (100.000),,,,,,,,
6,,,3,0.00%,105.580 (100.000),107.845 (100.000),96.333 (100.000),100.996 (100.000),392.594 (100.000),343.535 (100.000),89.108 (100.000),88.420 (100.000),89.575 (100.000),90.600 (100.000),93.251 (100.000),91.020 (100.000),95.485 (100.000),94.268 (100.000),94.178 (100.000),103.619 (100.000),95.587 (100.000),100.830 (100.000),97.802 (100.000),374.521 (100.000),584.141 (100.000),629.841 (100.000),627.237 (100.000),100.606 (100.000),0.00%,97.198 (100.000),0.00%,0.00%,0.00%,92.774 (100.000),0.00%,,ECAL_Bloom(Prather)_20260224.csv,,119.815 (100.000),,,,,,,,
6,,,4,0.00%,107.843 (100.000),111.248 (100.000),96.038 (100.000),101.695 (100.000),395.855 (100.000),399.363 (100.000),90.737 (100.000),90.127 (100.000),89.742 (100.000),89.093 (100.000),98.176 (100.000),88.782 (100.000),97.209 (100.000),91.086 (100.000),90.700 (100.000),96.068 (100.000),90.490 (100.000),97.092 (100.000),99.169 (100.000),259.967 (100.000),604.536 (100.000),654.652 (100.000),627.402 (100.000),101.818 (100.000),0.00%,98.375 (100.000),0.00%,0.00%,0.00%,95.479 (100.000),0.00%,,ECAL_Bloom(Prather)_20260224.csv,,122.668 (100.000),,,,,,,,
6,,,5,0.00%,107.721 (100.000),110.296 (100.000),96.528 (100.000),101.793 (100.000),400.719 (100.000),295.453 (100.000),93.902 (100.000),93.044 (100.000),94.331 (100.000),90.380 (100.000),100.212 (100.000),87.669 (100.000),100.885 (100.000),90.295 (100.000),89.520 (100.000),93.396 (100.000),89.171 (100.000),93.696 (100.000),98.333 (100.000),497.386 (100.000),584.516 (100.000),654.823 (100.000),626.723 (100.000),98.310 (100.000),0.00%,94.477 (100.000),0.00%,0.00%,0.00%,92.074 (100.000),0.00%,,ECAL_Bloom(Prather)_20260224.csv,,118.147 (100.000),,,,,,,,
,,,,,,,,,,,,,,,,,,,,,,,,,,,,,,,,,,,,,ECAL_Bloom(Prather)_20260224.csv,,,,,,,,,,
,,,Residuum:,,6.5,9.1,-4,1.1,295.4,231.7,-10.2,-10.9,-10.2,-8.8,-4.9,-9.7,-3.1,-7,-6.2,0.2,-5.8,-0.7,-0.8,233.9,488.1,527.9,526.4,1.8,,-2.4,,,,-6.3,,,ECAL_Bloom(Prather)_20260224.csv,,20.1,,,,,,,,
,,,Confidence Delta:,,+/-3.4,+/-2.8,+/-1.9,+/-0.3,+/-166.0,+/-778.2,+/-9.0,+/-9.1,+/-6.6,+/-7.1,+/-6.4,+/-5.7,+/-7.6,+/-7.3,+/-2.7,+/-9.5,+/-6.5,+/-11.3,+/-1.1,+/-130.3,+/-748.7,+/-909.1,+/-922.4,+/-16.6,,+/-0.5,,,,+/-0.9,,,ECAL_Bloom(Prather)_20260224.csv,,+/-3.9,,,,,,,,
,,,,,,,,,,,,,,,,,,,,,,,,,,,,,,,,,,,,,ECAL_Bloom(Prather)_20260224.csv,,,,,,,,,,
7,,STD,06_500ppb,92.80%,525.582 (500.000),479.919 (500.000),484.384 (500.000),501.940 (500.000),487.422 (500.000),867.517 (500.000),581.352 (500.000),582.918 (500.000),559.927 (500.000),437.065 (500.000),556.026 (500.000),551.587 (500.000),564.557 (500.000),564.158 (500.000),524.136 (500.000),422.250 (500.000),443.308 (500.000),408.296 (500.000),509.567 (500.000),467.838 (500.000),777.304 (500.000),813.908 (500.000),773.122 (500.000),371.315 (500.000),83.30%,503.702 (500.000),124.50%,2401.50%,132.50%,505.462 (500.000),138.70%,,ECAL_Bloom(Prather)_20260224.csv,,516.517 (500.000),,,,,,,,
,,,,,,,,,,,,,,,,,,,,,,,,,,,,,,,,,,,,,ECAL_Bloom(Prather)_20260224.csv,,,,,,,,,,
7,,,1,0.00%,873.605 (500.000),485.104 (500.000),490.873 (500.000),503.438 (500.000),490.633 (500.000),"1,181.407 (500.000)",675.820 (500.000),669.820 (500.000),635.146 (500.000),402.301 (500.000),623.622 (500.000),622.646 (500.000),610.276 (500.000),594.911 (500.000),550.958 (500.000),361.945 (500.000),331.844 (500.000),340.636 (500.000),510.373 (500.000),259.682 (500.000),787.876 (500.000),772.108 (500.000),770.190 (500.000),325.462 (500.000),0.00%,512.996 (500.000),0.00%,0.00%,0.00%,506.590 (500.000),0.00%,,ECAL_Bloom(Prather)_20260224.csv,,522.637 (500.000),,,,,,,,
7,,,2,0.00%,444.074 (500.000),482.693 (500.000),478.749 (500.000),494.419 (500.000),487.582 (500.000),736.137 (500.000),610.752 (500.000),635.295 (500.000),596.812 (500.000),434.935 (500.000),596.458 (500.000),564.046 (500.000),589.471 (500.000),591.091 (500.000),518.924 (500.000),406.944 (500.000),623.019 (500.000),399.628 (500.000),536.916 (500.000),305.078 (500.000),782.218 (500.000),819.376 (500.000),784.249 (500.000),363.156 (500.000),0.00%,530.763 (500.000),0.00%,0.00%,0.00%,526.362 (500.000),0.00%,,ECAL_Bloom(Prather)_20260224.csv,,523.121 (500.000),,,,,,,,
7,,,3,0.00%,438.688 (500.000),477.155 (500.000),482.500 (500.000),498.607 (500.000),486.490 (500.000),735.285 (500.000),586.362 (500.000),563.519 (500.000),544.080 (500.000),429.729 (500.000),536.087 (500.000),543.542 (500.000),566.884 (500.000),566.605 (500.000),522.316 (500.000),417.908 (500.000),391.898 (500.000),402.195 (500.000),495.629 (500.000),421.490 (500.000),777.128 (500.000),833.978 (500.000),779.992 (500.000),354.699 (500.000),0.00%,487.758 (500.000),0.00%,0.00%,0.00%,503.818 (500.000),0.00%,,ECAL_Bloom(Prather)_20260224.csv,,514.268 (500.000),,,,,,,,
7,,,4,0.00%,440.213 (500.000),485.038 (500.000),487.733 (500.000),507.805 (500.000),485.456 (500.000),895.677 (500.000),551.521 (500.000),564.832 (500.000),546.880 (500.000),457.893 (500.000),533.988 (500.000),533.532 (500.000),557.895 (500.000),571.491 (500.000),534.831 (500.000),456.017 (500.000),424.038 (500.000),436.182 (500.000),506.912 (500.000),598.351 (500.000),771.444 (500.000),813.056 (500.000),769.878 (500.000),387.300 (500.000),0.00%,482.238 (500.000),0.00%,0.00%,0.00%,492.030 (500.000),0.00%,,ECAL_Bloom(Prather)_20260224.csv,,513.639 (500.000),,,,,,,,
7,,,5,0.00%,431.331 (500.000),469.605 (500.000),482.065 (500.000),505.430 (500.000),486.947 (500.000),789.078 (500.000),482.303 (500.000),481.123 (500.000),476.719 (500.000),460.466 (500.000),489.977 (500.000),494.168 (500.000),498.261 (500.000),496.694 (500.000),493.652 (500.000),468.433 (500.000),445.741 (500.000),462.838 (500.000),498.005 (500.000),754.587 (500.000),767.856 (500.000),831.022 (500.000),761.299 (500.000),425.956 (500.000),0.00%,504.753 (500.000),0.00%,0.00%,0.00%,498.510 (500.000),0.00%,,ECAL_Bloom(Prather)_20260224.csv,,508.922 (500.000),,,,,,,,
,,,,,,,,,,,,,,,,,,,,,,,,,,,,,,,,,,,,,ECAL_Bloom(Prather)_20260224.csv,,,,,,,,,,
,,,Residuum:,,25.6,-20.1,-15.6,1.9,-12.6,367.5,81.4,82.9,59.9,-62.9,56,51.6,64.6,64.2,24.1,-77.8,-56.7,-91.7,9.6,-32.2,277.3,313.9,273.1,-128.7,,3.7,,,,5.5,,,ECAL_Bloom(Prather)_20260224.csv,,16.5,,,,,,,,
,,,Confidence Delta:,,+/-16.7,+/-12.3,+/-9.4,+/-1.3,+/-204.6,"+/-2,035.1",+/-58.3,+/-59.6,+/-41.1,+/-33.9,+/-37.7,+/-34.6,+/-44.3,+/-44.0,+/-15.3,+/-40.2,+/-30.7,+/-46.3,+/-5.8,+/-182.6,+/-989.6,"+/-1,178.5","+/-1,138.5",+/-60.4,,+/-2.5,,,,+/-4.8,,,ECAL_Bloom(Prather)_20260224.csv,,+/-16.8,,,,,,,,
,,,,,,,,,,,,,,,,,,,,,,,,,,,,,,,,,,,,,ECAL_Bloom(Prather)_20260224.csv,,,,,,,,,,
8,,STD,07_1000ppb,92.90%,"986.389 (1,000.000)","1,008.896 (1,000.000)","1,008.310 (1,000.000)","998.898 (1,000.000)","969.247 (1,000.000)","749.538 (1,000.000)","960.753 (1,000.000)","960.024 (1,000.000)","971.462 (1,000.000)","1,032.509 (1,000.000)","972.695 (1,000.000)","975.401 (1,000.000)","968.200 (1,000.000)","968.767 (1,000.000)","988.675 (1,000.000)","1,038.701 (1,000.000)","1,028.981 (1,000.000)","1,045.821 (1,000.000)","995.222 (1,000.000)","987.305 (1,000.000)","790.491 (1,000.000)","767.108 (1,000.000)","785.385 (1,000.000)","1,064.052 (1,000.000)",74.20%,"998.447 (1,000.000)",91.10%,3473.40%,92.20%,"998.043 (1,000.000)",94.20%,,ECAL_Bloom(Prather)_20260224.csv,,"989.133 (1,000.000)",,,,,,,,
,,,,,,,,,,,,,,,,,,,,,,,,,,,,,,,,,,,,,ECAL_Bloom(Prather)_20260224.csv,,,,,,,,,,
8,,,1,95.60%,"993.402 (1,000.000)","994.840 (1,000.000)","989.728 (1,000.000)","991.413 (1,000.000)","964.322 (1,000.000)","1,185.115 (1,000.000)","956.492 (1,000.000)","939.444 (1,000.000)","953.627 (1,000.000)","1,024.792 (1,000.000)","963.644 (1,000.000)","961.233 (1,000.000)","956.223 (1,000.000)","962.358 (1,000.000)","991.829 (1,000.000)","1,049.288 (1,000.000)","1,038.568 (1,000.000)","1,049.561 (1,000.000)","994.898 (1,000.000)","1,030.115 (1,000.000)","790.346 (1,000.000)","768.957 (1,000.000)","778.102 (1,000.000)","1,062.601 (1,000.000)",76.70%,"973.567 (1,000.000)",92.30%,3534.30%,95.50%,"979.024 (1,000.000)",96.40%,,ECAL_Bloom(Prather)_20260224.csv,,"1,009.118 (1,000.000)",,,,,,,,
8,,,2,96.00%,"966.782 (1,000.000)","993.582 (1,000.000)","1,004.331 (1,000.000)","997.205 (1,000.000)","973.182 (1,000.000)","924.164 (1,000.000)","943.920 (1,000.000)","956.207 (1,000.000)","983.729 (1,000.000)","1,038.335 (1,000.000)","963.996 (1,000.000)","982.926 (1,000.000)","980.353 (1,000.000)","984.704 (1,000.000)","1,005.527 (1,000.000)","1,040.150 (1,000.000)","1,026.194 (1,000.000)","1,052.745 (1,000.000)","1,009.744 (1,000.000)","976.215 (1,000.000)","790.386 (1,000.000)","769.513 (1,000.000)","781.329 (1,000.000)","1,058.542 (1,000.000)",75.00%,"997.307 (1,000.000)",90.70%,3483.00%,93.10%,"989.726 (1,000.000)",94.10%,,ECAL_Bloom(Prather)_20260224.csv,,"1,002.945 (1,000.000)",,,,,,,,
8,,,3,91.00%,"984.900 (1,000.000)","1,021.455 (1,000.000)","1,014.395 (1,000.000)","998.846 (1,000.000)","968.263 (1,000.000)","585.661 (1,000.000)","959.577 (1,000.000)","958.083 (1,000.000)","953.268 (1,000.000)","1,015.976 (1,000.000)","970.622 (1,000.000)","973.929 (1,000.000)","967.036 (1,000.000)","971.192 (1,000.000)","985.607 (1,000.000)","1,011.739 (1,000.000)","1,008.925 (1,000.000)","1,028.719 (1,000.000)","986.302 (1,000.000)","1,068.319 (1,000.000)","790.620 (1,000.000)","766.183 (1,000.000)","785.828 (1,000.000)","1,049.512 (1,000.000)",74.60%,"1,004.444 (1,000.000)",92.20%,3461.40%,92.20%,"996.168 (1,000.000)",93.80%,,ECAL_Bloom(Prather)_20260224.csv,,"977.576 (1,000.000)",,,,,,,,
8,,,4,91.10%,"1,000.010 (1,000.000)","1,016.590 (1,000.000)","1,011.986 (1,000.000)","1,002.473 (1,000.000)","971.594 (1,000.000)","558.420 (1,000.000)","971.837 (1,000.000)","969.372 (1,000.000)","985.333 (1,000.000)","1,042.196 (1,000.000)","976.644 (1,000.000)","979.063 (1,000.000)","963.952 (1,000.000)","958.042 (1,000.000)","985.095 (1,000.000)","1,045.536 (1,000.000)","1,033.690 (1,000.000)","1,058.951 (1,000.000)","993.283 (1,000.000)","952.568 (1,000.000)","788.739 (1,000.000)","766.205 (1,000.000)","781.144 (1,000.000)","1,076.090 (1,000.000)",72.60%,"1,011.011 (1,000.000)",90.50%,3430.10%,89.60%,"1,019.138 (1,000.000)",92.90%,,ECAL_Bloom(Prather)_20260224.csv,,"973.267 (1,000.000)",,,,,,,,
8,,,5,90.70%,"986.849 (1,000.000)","1,018.013 (1,000.000)","1,021.111 (1,000.000)","1,004.552 (1,000.000)","968.872 (1,000.000)","494.331 (1,000.000)","971.939 (1,000.000)","977.014 (1,000.000)","981.351 (1,000.000)","1,041.246 (1,000.000)","988.571 (1,000.000)","979.855 (1,000.000)","973.434 (1,000.000)","967.540 (1,000.000)","975.318 (1,000.000)","1,046.794 (1,000.000)","1,037.527 (1,000.000)","1,039.130 (1,000.000)","991.882 (1,000.000)","909.308 (1,000.000)","792.365 (1,000.000)","764.681 (1,000.000)","800.521 (1,000.000)","1,073.515 (1,000.000)",72.20%,"1,005.909 (1,000.000)",89.70%,3458.00%,90.40%,"1,006.156 (1,000.000)",93.90%,,ECAL_Bloom(Prather)_20260224.csv,,"982.756 (1,000.000)",,,,,,,,
,,,,,,,,,,,,,,,,,,,,,,,,,,,,,,,,,,,,,ECAL_Bloom(Prather)_20260224.csv,,,,,,,,,,
,,,Residuum:,,-13.6,8.9,8.3,-1.1,-30.8,-250.5,-39.2,-40,-28.5,32.5,-27.3,-24.6,-31.8,-31.2,-11.3,38.7,29,45.8,-4.8,-12.7,-209.5,-232.9,-214.6,64.1,,-1.6,,,,-2,,,ECAL_Bloom(Prather)_20260224.csv,,-10.9,,,,,,,,
,,,Confidence Delta:,,+/-31.3,+/-25.9,+/-19.5,+/-2.7,+/-406.9,"+/-1,758.3",+/-96.3,+/-98.2,+/-71.2,+/-80.2,+/-65.9,+/-61.2,+/-75.9,+/-75.6,+/-28.8,+/-98.9,+/-71.2,+/-118.6,+/-11.4,+/-385.3,"+/-1,006.4","+/-1,110.7","+/-1,156.6",+/-173.1,,+/-5.0,,,,+/-9.5,,,ECAL_Bloom(Prather)_20260224.csv,,+/-32.1,,,,,,,,
,,,,,,,,,,,,,,,,,,,,,,,,,,,,,,,,,,,,,ECAL_Bloom(Prather)_20260224.csv,,,,,,,,,,
,,,Calibrations,,,,,,,,,,,,,,,,,,,,,,,,,,,,,,,,,,ECAL_Bloom(Prather)_20260224.csv,,,,,,,,,,
,,,,,,,,,,,,,,,,,,,,,,,,,,,,,,,,,,,,,ECAL_Bloom(Prather)_20260224.csv,,,,,,,,,,
No,,Sample Type,Label,6Li (KED),23Na (KED) [ppb],24Mg (KED) [ppb],27Al (KED) [ppb],39K (KED) [ppb],44Ca (KED) [ppb],32S (KED) [ppb],51V (KED) [ppb],52Cr (KED) [ppb],55Mn (KED) [ppb],57Fe (KED) [ppb],59Co (KED) [ppb],60Ni (KED) [ppb],63Cu (KED) [ppb],66Zn (KED) [ppb],71Ga (KED) [ppb],72Ge (KED) [ppb],75As (KED) [ppb],77Se (KED) [ppb],88Sr (KED) [ppb],95Mo (KED) [ppb],105Pd (KED) [ppb],107Ag (KED) [ppb],111Cd (KED) [ppb],182W (KED) [ppb],45Sc (KED),208Pb (KED) [ppb],89Y (KED),113In (KED),209Bi (KED),238U (KED) [ppb],159Tb (KED),,ECAL_Bloom(Prather)_20260224.csv,,31P (KED) [ppb],,,,,,,232Th (KED) [ppm],
9,,UNKNOWN,08_Rinse,0.10%,6464.975409,650.5214814,369.0280483,80307.85976,4108.153343,31281810.57,343.4543,143.4785185,179.2497794,1349.960812,90.44267161,365.5250406,982.7865525,15240.90605,118.1076335,1188.911574,1041.158848,2733.111586,699.3484061,791729.9184,-18192.35579,5830.379062,768.4325661,4872.310232,0.00%,312.2060645,0.00%,0.10%,0.00%,62.01105601,0.00%,,ECAL_Bloom(Prather)_20260224.csv,,-1.696561098,,,,,,,5.82E-06,
,,,,,,,,,,,,,,,,,,,,,,,,,,,,,,,,,,,,,ECAL_Bloom(Prather)_20260224.csv,,,,,,,,,,
9,,,1,0.10%,6408.861651,509.9647479,399.7881888,78711.42241,3476.023395,30519362.26,268.2609037,141.7782836,205.2944254,1032.885024,79.16892112,340.254805,964.993628,12245.29837,177.762913,-0.017897064,857.6094828,3123.66142,1038.329755,331983.9154,-24184.33114,4572.868388,834.7327716,2407.80594,0.00%,259.9371902,0.00%,0.10%,0.00%,32.35127696,0.00%,,ECAL_Bloom(Prather)_20260224.csv,,-1.783564137,,,,,,,3.24E-06,
,,,,,,,,,,,,,,,,,,,,,,,,,,,,,,,,,,,,,ECAL_Bloom(Prather)_20260224.csv,,,,,,,,,,
,,,,,,,,,,,,,,,,,,,,,,,,,,,,,,,,,,,,,ECAL_Bloom(Prather)_20260224.csv,,,,,,,,,,
,,,,,,,,,,,,,,,,,,,,,,,,,,,,,,,,,,,,,ECAL_Bloom(Prather)_20260224.csv,,,,,,,,,,
9,,,2,0.00%,12921.96939,1444.947078,727.1784093,161946.5117,7415.953779,62515225.3,633.7041978,231.1726105,341.0828506,2800.81418,162.4781136,612.3607815,1674.358442,27401.51514,104.232942,2253.185785,1695.020241,5472.855724,482.4988027,377739.3267,-13564.60228,4616.663533,818.3178705,4328.303127,0.00%,293.4616497,0.00%,0.10%,0.00%,36.48025293,0.00%,,ECAL_Bloom(Prather)_20260224.csv,,-1.831899113,,,,,,,2.45E-06,
,,,,,,,,,,,,,,,,,,,,,,,,,,,,,,,,,,,,,ECAL_Bloom(Prather)_20260224.csv,,,,,,,,,,
,,,,,,,,,,,,,,,,,,,,,,,,,,,,,,,,,,,,,ECAL_Bloom(Prather)_20260224.csv,,,,,,,,,,
,,,,,,,,,,,,,,,,,,,,,,,,,,,,,,,,,,,,,ECAL_Bloom(Prather)_20260224.csv,,,,,,,,,,
9,,,3,0.10%,4053.624304,397.7495607,308.6389571,61241.68494,3841.98175,21737992.21,289.3254906,178.4077398,164.782719,1320.97826,86.25435185,498.8032771,1165.452818,16873.29789,153.5150971,2092.338069,960.4063064,2784.507021,632.8288055,390852.092,-12976.39946,4848.315244,717.4334564,4416.094548,0.00%,319.626267,0.00%,0.10%,0.00%,47.6358533,0.00%,,ECAL_Bloom(Prather)_20260224.csv,,-1.638558957,,,,,,,3.32E-06,
,,,,,,,,,,,,,,,,,,,,,,,,,,,,,,,,,,,,,ECAL_Bloom(Prather)_20260224.csv,,,,,,,,,,
,,,,,,,,,,,,,,,,,,,,,,,,,,,,,,,,,,,,,ECAL_Bloom(Prather)_20260224.csv,,,,,,,,,,
,,,,,,,,,,,,,,,,,,,,,,,,,,,,,,,,,,,,,ECAL_Bloom(Prather)_20260224.csv,,,,,,,,,,
9,,,4,0.10%,3244.961835,307.0090969,123.5458013,44609.49909,3888.368921,16381625,246.8656634,89.34553775,100.3580398,1076.454421,69.34486831,192.8157168,640.9645192,11383.83753,76.76070826,936.7111808,913.0923759,1214.783372,665.1013882,1459185.851,-23598.67626,6898.52913,875.7856667,5163.853972,0.00%,297.4068255,0.00%,0.00%,0.00%,73.41358347,0.00%,,ECAL_Bloom(Prather)_20260224.csv,,-1.735229122,,,,,,,6.77E-06,
,,,,,,,,,,,,,,,,,,,,,,,,,,,,,,,,,,,,,ECAL_Bloom(Prather)_20260224.csv,,,,,,,,,,
,,,,,,,,,,,,,,,,,,,,,,,,,,,,,,,,,,,,,ECAL_Bloom(Prather)_20260224.csv,,,,,,,,,,
,,,,,,,,,,,,,,,,,,,,,,,,,,,,,,,,,,,,,ECAL_Bloom(Prather)_20260224.csv,,,,,,,,,,
9,,,5,0.10%,5695.459863,592.9369231,285.9888851,55030.18066,1918.438873,25254848.06,279.1152444,76.68842058,84.7308623,518.6721734,54.96710317,183.3906225,468.1633554,8300.581326,78.26650691,662.3407308,779.6658325,1069.750391,677.983279,1398888.407,-16637.76981,8215.519016,595.8930655,8045.493571,0.00%,390.5983901,0.00%,0.10%,0.00%,120.1743134,0.00%,,ECAL_Bloom(Prather)_20260224.csv,,-1.493554164,,,,,,,1.33E-05,
,,,,,,,,,,,,,,,,,,,,,,,,,,,,,,,,,,,,,ECAL_Bloom(Prather)_20260224.csv,,,,,,,,,,
,,,,,,,,,,,,,,,,,,,,,,,,,,,,,,,,,,,,,ECAL_Bloom(Prather)_20260224.csv,,,,,,,,,,
,,,,,,,,,,,,,,,,,,,,,,,,,,,,,,,,,,,,,ECAL_Bloom(Prather)_20260224.csv,,,,,,,,,,
,,,Mean:,0.10%,6464.975409,650.5214814,369.0280483,80307.85976,4108.153343,31281810.57,343.4543,143.4785185,179.2497794,1349.960812,90.44267161,365.5250406,982.7865525,15240.90605,118.1076335,1188.911574,1041.158848,2733.111586,699.3484061,791729.9184,-18192.35579,5830.379062,768.4325661,4872.310232,0.00%,312.2060645,0.00%,0.10%,0.00%,62.01105601,0.00%,,ECAL_Bloom(Prather)_20260224.csv,,-1.696561098,,,,,,,5.82E-06,
,,,RSD [%]:,47.50730938,59.13900872,70.2800267,60.59673642,58.88225456,49.07029116,58.19332845,47.4638869,44.49761714,57.32566989,63.85395341,46.37693571,51.60629022,48.09398671,48.94254483,38.57260715,80.93093492,35.69679662,65.2808573,29.30308426,73.58313713,29.62307467,28.24636476,14.66254872,41.97670316,51.32477335,15.61187137,18.70829998,14.60584331,20.82738382,58.42896765,39.77969847,,ECAL_Bloom(Prather)_20260224.csv,,7.905650081,,,,,,,77.32393121,
,,,SD:,0.00%,3823.322371,457.1866708,223.6189537,47287.07841,2015.882807,18203926.77,163.0167605,63.84452182,102.7561368,862.0033476,41.94453966,188.6339133,472.661234,7459.287277,45.55719347,962.1972519,371.6603564,1784.198674,204.9306527,582579.7115,5389.135139,1646.870137,112.6717994,2045.235203,0.00%,48.74120919,0.00%,0.00%,0.00%,36.23241985,0.00%,,ECAL_Bloom(Prather)_20260224.csv,,0.134124184,,,,,,,4.50E-06,
,,,,,,,,,,,,,,,,,,,,,,,,,,,,,,,,,,,,,ECAL_Bloom(Prather)_20260224.csv,,,,,,,,,,
,,,,,,,,,,,,,,,,,,,,,,,,,,,,,,,,,,,,,ECAL_Bloom(Prather)_20260224.csv,,,,,,,,,,
,,,,,,,,,,,,,,,,,,,,,,,,,,,,,,,,,,,,,ECAL_Bloom(Prather)_20260224.csv,,,,,,,,,,
No,,Sample Type,Label,6Li (KED),23Na (KED) [ppb],24Mg (KED) [ppb],27Al (KED) [ppb],39K (KED) [ppb],44Ca (KED) [ppb],32S (KED) [ppb],51V (KED) [ppb],52Cr (KED) [ppb],55Mn (KED) [ppb],57Fe (KED) [ppb],59Co (KED) [ppb],60Ni (KED) [ppb],63Cu (KED) [ppb],66Zn (KED) [ppb],71Ga (KED) [ppb],72Ge (KED) [ppb],75As (KED) [ppb],77Se (KED) [ppb],88Sr (KED) [ppb],95Mo (KED) [ppb],105Pd (KED) [ppb],107Ag (KED) [ppb],111Cd (KED) [ppb],182W (KED) [ppb],45Sc (KED),208Pb (KED) [ppb],89Y (KED),113In (KED),209Bi (KED),238U (KED) [ppb],159Tb (KED),,ECAL_Bloom(Prather)_20260224.csv,,31P (KED) [ppb],,,,,,,232Th (KED) [ppm],
10,,UNKNOWN,08_Rinse,0.10%,4473.898936,450.5434124,327.8753811,66408.13258,3341.54402,23807775.39,184.416046,142.8783858,211.987185,1973.452146,79.84993502,316.9764289,1149.522746,14693.99823,128.2319356,422.7546682,917.2597071,1181.167646,1513.143779,474898.4038,-35547.56599,5178.927024,998.3000377,7937.316054,0.00%,344.6549414,0.00%,0.00%,0.00%,56.66115158,0.00%,,ECAL_Bloom(Prather)_20260224.csv,,-1.711061531,,,,,,,4.46E-06,
,,,,,,,,,,,,,,,,,,,,,,,,,,,,,,,,,,,,,ECAL_Bloom(Prather)_20260224.csv,,,,,,,,,,
10,,,1,0.10%,2510.114386,230.6620149,182.0184314,43390.25141,2946.314955,14341175.21,146.8631244,130.03337,188.0113742,1369.710846,80.36465798,357.1078607,1183.559855,12596.4513,182.1267191,-0.017897064,900.2097639,1150.178723,2550.157704,693750.5608,-41038.08391,4484.119361,834.9643155,4990.642363,0.00%,334.4808262,0.00%,0.00%,0.00%,41.33924347,0.00%,,ECAL_Bloom(Prather)_20260224.csv,,-1.56605656,,,,,,,1.81E-06,
,,,,,,,,,,,,,,,,,,,,,,,,,,,,,,,,,,,,,ECAL_Bloom(Prather)_20260224.csv,,,,,,,,,,
,,,,,,,,,,,,,,,,,,,,,,,,,,,,,,,,,,,,,ECAL_Bloom(Prather)_20260224.csv,,,,,,,,,,
,,,,,,,,,,,,,,,,,,,,,,,,,,,,,,,,,,,,,ECAL_Bloom(Prather)_20260224.csv,,,,,,,,,,
10,,,2,0.10%,4090.243244,422.339044,374.4807962,69961.23338,4312.546185,23178600.98,258.9390694,210.5540755,286.1876181,3244.988259,99.82746418,491.2757007,1585.650087,21379.87065,116.0680315,1281.270378,1357.687512,1589.58528,2641.181758,-584.8009845,-12025.60975,3021.872916,575.2767824,9404.399292,0.00%,315.4979326,0.00%,0.10%,0.00%,42.99590036,0.00%,,ECAL_Bloom(Prather)_20260224.csv,,-1.880234137,,,,,,,2.19E-06,
,,,,,,,,,,,,,,,,,,,,,,,,,,,,,,,,,,,,,ECAL_Bloom(Prather)_20260224.csv,,,,,,,,,,
,,,,,,,,,,,,,,,,,,,,,,,,,,,,,,,,,,,,,ECAL_Bloom(Prather)_20260224.csv,,,,,,,,,,
,,,,,,,,,,,,,,,,,,,,,,,,,,,,,,,,,,,,,ECAL_Bloom(Prather)_20260224.csv,,,,,,,,,,
10,,,3,0.10%,6271.104277,660.0912614,418.6750251,94142.06915,5595.211673,33127404.73,204.6073492,187.0834704,321.1573757,2439.61648,149.3722463,300.3283745,1371.194411,17177.20853,185.048402,832.5566541,1044.723705,1340.369248,608.909605,-584.8009845,-46568.51599,5710.549219,1283.380803,5428.262235,0.00%,350.6310843,0.00%,0.00%,0.00%,74.11012163,0.00%,,ECAL_Bloom(Prather)_20260224.csv,,-1.711061392,,,,,,,4.84E-06,
,,,,,,,,,,,,,,,,,,,,,,,,,,,,,,,,,,,,,ECAL_Bloom(Prather)_20260224.csv,,,,,,,,,,
,,,,,,,,,,,,,,,,,,,,,,,,,,,,,,,,,,,,,ECAL_Bloom(Prather)_20260224.csv,,,,,,,,,,
,,,,,,,,,,,,,,,,,,,,,,,,,,,,,,,,,,,,,ECAL_Bloom(Prather)_20260224.csv,,,,,,,,,,
10,,,4,0.10%,5586.332293,589.4364073,428.9843923,64878.16404,2152.346664,27178140.69,110.0551007,75.68854956,97.25128306,718.9570463,23.68541822,188.6147267,603.5752,8039.584743,45.95292281,-0.017897064,466.8364103,693.9202554,625.9258893,745370.8977,-32312.23413,5678.069477,1026.447855,9078.436643,0.00%,360.1874358,0.00%,0.00%,0.00%,60.31140444,0.00%,,ECAL_Bloom(Prather)_20260224.csv,,-1.614391507,,,,,,,6.03E-06,
,,,,,,,,,,,,,,,,,,,,,,,,,,,,,,,,,,,,,ECAL_Bloom(Prather)_20260224.csv,,,,,,,,,,
,,,,,,,,,,,,,,,,,,,,,,,,,,,,,,,,,,,,,ECAL_Bloom(Prather)_20260224.csv,,,,,,,,,,
,,,,,,,,,,,,,,,,,,,,,,,,,,,,,,,,,,,,,ECAL_Bloom(Prather)_20260224.csv,,,,,,,,,,
10,,,5,0.10%,3911.700479,350.1883344,235.2182608,59668.94495,1701.300622,21213555.33,201.6155864,111.0324638,167.3282738,2093.9881,45.99988841,247.555482,1003.634179,14276.87594,111.9636025,-0.017897064,816.8411442,1131.784722,1139.543938,936540.1626,-45793.38615,7000.024148,1271.430432,10784.83974,0.00%,362.4774282,0.00%,0.00%,0.00%,64.549088,0.00%,,ECAL_Bloom(Prather)_20260224.csv,,-1.783564059,,,,,,,7.41E-06,
,,,,,,,,,,,,,,,,,,,,,,,,,,,,,,,,,,,,,ECAL_Bloom(Prather)_20260224.csv,,,,,,,,,,
,,,,,,,,,,,,,,,,,,,,,,,,,,,,,,,,,,,,,ECAL_Bloom(Prather)_20260224.csv,,,,,,,,,,
,,,,,,,,,,,,,,,,,,,,,,,,,,,,,,,,,,,,,ECAL_Bloom(Prather)_20260224.csv,,,,,,,,,,
,,,Mean:,0.10%,4473.898936,450.5434124,327.8753811,66408.13258,3341.54402,23807775.39,184.416046,142.8783858,211.987185,1973.452146,79.84993502,316.9764289,1149.522746,14693.99823,128.2319356,422.7546682,917.2597071,1181.167646,1513.143779,474898.4038,-35547.56599,5178.927024,998.3000377,7937.316054,0.00%,344.6549414,0.00%,0.00%,0.00%,56.66115158,0.00%,,ECAL_Bloom(Prather)_20260224.csv,,-1.711061531,,,,,,,4.46E-06,
,,,RSD [%]:,40.82483449,33.12898958,38.82866793,34.26918056,27.7599415,47.98168668,29.32383983,31.14643519,38.69690287,42.94877298,49.30438379,61.13785041,36.50725782,32.5451866,33.98019041,44.9933031,141.985253,35.47266859,27.85363679,66.84521515,93.36253387,40.28611854,28.9374498,30.14654611,32.45308091,47.71426819,5.708303939,86.55110568,32.43960338,6.220574653,24.98268942,51.49962271,,ECAL_Bloom(Prather)_20260224.csv,,7.406833272,,,,,,,54.37951219,
,,,SD:,0.00%,1482.157512,174.9400055,112.3602064,18434.85876,1603.329182,6981353.922,57.43902426,55.28951019,91.04589481,972.9984201,48.81853383,115.7194021,374.1143228,4993.048578,57.69578346,600.2492852,325.376496,328.9981459,1011.464215,443377.1831,14320.73457,1498.649408,300.9529812,2575.903601,0.00%,19.6739516,0.00%,0.00%,0.00%,14.15547952,0.00%,,ECAL_Bloom(Prather)_20260224.csv,,0.126735475,,,,,,,2.42E-06,
,,,,,,,,,,,,,,,,,,,,,,,,,,,,,,,,,,,,,ECAL_Bloom(Prather)_20260224.csv,,,,,,,,,,
,,,,,,,,,,,,,,,,,,,,,,,,,,,,,,,,,,,,,ECAL_Bloom(Prather)_20260224.csv,,,,,,,,,,
,,,,,,,,,,,,,,,,,,,,,,,,,,,,,,,,,,,,,ECAL_Bloom(Prather)_20260224.csv,,,,,,,,,,
No,,Sample Type,Label,6Li (KED),23Na (KED) [ppb],24Mg (KED) [ppb],27Al (KED) [ppb],39K (KED) [ppb],44Ca (KED) [ppb],32S (KED) [ppb],51V (KED) [ppb],52Cr (KED) [ppb],55Mn (KED) [ppb],57Fe (KED) [ppb],59Co (KED) [ppb],60Ni (KED) [ppb],63Cu (KED) [ppb],66Zn (KED) [ppb],71Ga (KED) [ppb],72Ge (KED) [ppb],75As (KED) [ppb],77Se (KED) [ppb],88Sr (KED) [ppb],95Mo (KED) [ppb],105Pd (KED) [ppb],107Ag (KED) [ppb],111Cd (KED) [ppb],182W (KED) [ppb],45Sc (KED),208Pb (KED) [ppb],89Y (KED),113In (KED),209Bi (KED),238U (KED) [ppb],159Tb (KED),,ECAL_Bloom(Prather)_20260224.csv,,31P (KED) [ppb],,,,,,,232Th (KED) [ppm],
11,,UNKNOWN,915PMC_air,107.70%,10475.36929,1186.013854,136.1013665,377.9559426,500.0803646,1323.313354,0.252646244,1.991092609,2.13313951,123.1831673,0.054567214,3.245427225,18.25630108,21.21613456,0.043447348,0.520335944,0.111050983,0.042195914,10.12026917,201624.7882,-96.67847443,2.383175224,0.373512519,23.10860734,102.30%,3.922294312,103.90%,102.40%,97.80%,0.037708611,112.10%,,ECAL_Bloom(Prather)_20260224.csv,,770.1988934,,,,,,,0.001518901,
,,,,,,,,,,,,,,,,,,,,,,,,,,,,,,,,,,,,,ECAL_Bloom(Prather)_20260224.csv,,,,,,,,,,
11,,,1,106.00%,10509.05066,1198.217226,138.8175195,381.1964208,508.8995006,1910.649775,0.270549976,2.000900192,2.128548943,122.8529242,0.054548895,3.238581332,18.39608844,21.42709984,0.045182867,0.453144714,0.11582026,0.057230036,10.10561382,199691.4595,-105.1517272,1.73912146,0.34091391,25.19715509,101.10%,4.056243885,103.80%,101.90%,96.30%,0.048081485,109.90%,,ECAL_Bloom(Prather)_20260224.csv,,773.69309,,,,,,,0.002497529,
,,,,,,,,,,,,,,,,,,,,,,,,,,,,,,,,,,,,,ECAL_Bloom(Prather)_20260224.csv,,,,,,,,,,
,,,,,,,,,,,,,,,,,,,,,,,,,,,,,,,,,,,,,ECAL_Bloom(Prather)_20260224.csv,,,,,,,,,,
,,,,,,,,,,,,,,,,,,,,,,,,,,,,,,,,,,,,,ECAL_Bloom(Prather)_20260224.csv,,,,,,,,,,
11,,,2,111.90%,10291.89044,1165.155485,131.3651642,372.913096,503.9621474,1079.526983,0.243151301,1.984978644,2.097396175,122.2276511,0.057525236,3.227699878,18.03762879,20.91375884,0.038227308,0.582893775,0.107931209,0.0458053,10.07266354,201342.1673,-58.72771251,2.073312804,0.392477028,22.86849549,102.80%,3.927100488,105.50%,102.40%,96.70%,0.041161059,111.10%,,ECAL_Bloom(Prather)_20260224.csv,,764.280103,,,,,,,0.001737065,
,,,,,,,,,,,,,,,,,,,,,,,,,,,,,,,,,,,,,ECAL_Bloom(Prather)_20260224.csv,,,,,,,,,,
,,,,,,,,,,,,,,,,,,,,,,,,,,,,,,,,,,,,,ECAL_Bloom(Prather)_20260224.csv,,,,,,,,,,
,,,,,,,,,,,,,,,,,,,,,,,,,,,,,,,,,,,,,ECAL_Bloom(Prather)_20260224.csv,,,,,,,,,,
11,,,3,107.50%,10476.49216,1172.901997,135.6533868,381.5264785,502.296709,1099.926072,0.241763699,1.97039194,2.150871776,124.8650096,0.049679589,3.266707481,18.20256504,21.16279993,0.045366653,0.608475875,0.104777456,0.041307673,10.10803514,197255.2755,-127.1664229,2.526404565,0.368442593,22.98901298,103.00%,3.903954482,103.10%,104.50%,98.60%,0.034236938,113.30%,,ECAL_Bloom(Prather)_20260224.csv,,769.2891166,,,,,,,0.001345194,
,,,,,,,,,,,,,,,,,,,,,,,,,,,,,,,,,,,,,ECAL_Bloom(Prather)_20260224.csv,,,,,,,,,,
,,,,,,,,,,,,,,,,,,,,,,,,,,,,,,,,,,,,,ECAL_Bloom(Prather)_20260224.csv,,,,,,,,,,
,,,,,,,,,,,,,,,,,,,,,,,,,,,,,,,,,,,,,ECAL_Bloom(Prather)_20260224.csv,,,,,,,,,,
11,,,4,104.10%,10761.08716,1198.1338,139.2402813,379.6357416,489.6513249,1427.938681,0.262157357,1.985453156,2.129636,123.8103026,0.056153037,3.213080481,18.21761121,21.35249792,0.047907031,0.364026939,0.121528711,0.033277159,10.22414029,205355.1475,-92.32238704,2.736807626,0.39422765,22.03294407,103.50%,3.893899338,103.20%,102.10%,98.70%,0.032824722,112.80%,,ECAL_Bloom(Prather)_20260224.csv,,781.4607862,,,,,,,0.001110545,
,,,,,,,,,,,,,,,,,,,,,,,,,,,,,,,,,,,,,ECAL_Bloom(Prather)_20260224.csv,,,,,,,,,,
,,,,,,,,,,,,,,,,,,,,,,,,,,,,,,,,,,,,,ECAL_Bloom(Prather)_20260224.csv,,,,,,,,,,
,,,,,,,,,,,,,,,,,,,,,,,,,,,,,,,,,,,,,ECAL_Bloom(Prather)_20260224.csv,,,,,,,,,,
11,,,5,108.80%,10338.32604,1195.660762,135.4304807,374.5079763,495.5921412,1098.525259,0.245608885,2.013739112,2.159244654,122.1599489,0.05492931,3.281066951,18.42761191,21.22451625,0.040552881,0.593138417,0.105197281,0.0333594,10.09089305,204479.8911,-100.0241226,2.840229667,0.371501414,22.45542909,101.00%,3.830273365,103.80%,100.90%,98.70%,0.03223885,113.00%,,ECAL_Bloom(Prather)_20260224.csv,,762.2713711,,,,,,,0.00090417,
,,,,,,,,,,,,,,,,,,,,,,,,,,,,,,,,,,,,,ECAL_Bloom(Prather)_20260224.csv,,,,,,,,,,
,,,,,,,,,,,,,,,,,,,,,,,,,,,,,,,,,,,,,ECAL_Bloom(Prather)_20260224.csv,,,,,,,,,,
,,,,,,,,,,,,,,,,,,,,,,,,,,,,,,,,,,,,,ECAL_Bloom(Prather)_20260224.csv,,,,,,,,,,
,,,Mean:,107.70%,10475.36929,1186.013854,136.1013665,377.9559426,500.0803646,1323.313354,0.252646244,1.991092609,2.13313951,123.1831673,0.054567214,3.245427225,18.25630108,21.21613456,0.043447348,0.520335944,0.111050983,0.042195914,10.12026917,201624.7882,-96.67847443,2.383175224,0.373512519,23.10860734,102.30%,3.922294312,103.90%,102.40%,97.80%,0.037708611,112.10%,,ECAL_Bloom(Prather)_20260224.csv,,770.1988934,,,,,,,0.001518901,
,,,RSD [%]:,2.740949523,1.755150174,1.330398318,2.332535399,1.05326813,1.505303133,27.13544737,5.119256654,0.835418699,1.125796809,0.933652031,5.442941036,0.861992212,0.870785506,0.935128416,9.076979117,20.59358785,6.615437281,23.62389983,0.590454354,1.663120001,25.71234143,19.51617413,5.806051102,5.307754544,1.113957371,2.116878737,0.922356884,1.283891833,1.215681399,18.0514861,1.313282527,,ECAL_Bloom(Prather)_20260224.csv,,1.00097408,,,,,,,41.3797016,
,,,SD:,3.00%,183.8584624,15.77870836,3.174612552,3.980889489,7.527725397,359.0869987,0.01293361,0.01663396,0.024014817,1.150102143,0.002970061,0.02797533,0.158973224,0.198398103,0.003943707,0.10715584,0.007346508,0.00996832,0.05975557,3353.26218,24.85829943,0.465104626,0.021686328,1.226548156,1.10%,0.083030214,1.00%,1.30%,1.20%,0.006806965,1.50%,,ECAL_Bloom(Prather)_20260224.csv,,7.709491286,,,,,,,0.000628517,
,,,,,,,,,,,,,,,,,,,,,,,,,,,,,,,,,,,,,ECAL_Bloom(Prather)_20260224.csv,,,,,,,,,,
,,,,,,,,,,,,,,,,,,,,,,,,,,,,,,,,,,,,,ECAL_Bloom(Prather)_20260224.csv,,,,,,,,,,
,,,,,,,,,,,,,,,,,,,,,,,,,,,,,,,,,,,,,ECAL_Bloom(Prather)_20260224.csv,,,,,,,,,,
No,,Sample Type,Label,6Li (KED),23Na (KED) [ppb],24Mg (KED) [ppb],27Al (KED) [ppb],39K (KED) [ppb],44Ca (KED) [ppb],32S (KED) [ppb],51V (KED) [ppb],52Cr (KED) [ppb],55Mn (KED) [ppb],57Fe (KED) [ppb],59Co (KED) [ppb],60Ni (KED) [ppb],63Cu (KED) [ppb],66Zn (KED) [ppb],71Ga (KED) [ppb],72Ge (KED) [ppb],75As (KED) [ppb],77Se (KED) [ppb],88Sr (KED) [ppb],95Mo (KED) [ppb],105Pd (KED) [ppb],107Ag (KED) [ppb],111Cd (KED) [ppb],182W (KED) [ppb],45Sc (KED),208Pb (KED) [ppb],89Y (KED),113In (KED),209Bi (KED),238U (KED) [ppb],159Tb (KED),,ECAL_Bloom(Prather)_20260224.csv,,31P (KED) [ppb],,,,,,,232Th (KED) [ppm],
12,,UNKNOWN,915PMS_air,113.70%,2650.478813,727.1776045,773.2721463,597.9589629,417.5918873,106.9094659,1.910840229,3.083935181,19.23810819,1116.931956,0.424064781,2.197652231,6.146021724,24.66001433,0.271147885,3.870204427,0.361800016,0.245614148,8.866840798,557828.6813,-53.92458915,1.660845916,1.984665024,58.2389962,108.70%,4.064609799,109.80%,108.30%,104.60%,0.072951616,116.60%,,ECAL_Bloom(Prather)_20260224.csv,,310.5751034,,,,,,,0.000538149,
,,,,,,,,,,,,,,,,,,,,,,,,,,,,,,,,,,,,,ECAL_Bloom(Prather)_20260224.csv,,,,,,,,,,
12,,,1,114.60%,2665.5329,729.1423211,775.0010054,599.6649672,416.3042238,529.392901,1.875939432,3.051091434,18.84738558,1113.887018,0.437673445,2.223344066,6.237354215,25.2553885,0.272968197,3.603847947,0.359906231,0.241995253,9.088301978,564535.197,-94.9426339,1.282490544,2.021871022,58.24956503,107.60%,4.055092357,108.10%,107.80%,104.70%,0.072750721,116.30%,,ECAL_Bloom(Prather)_20260224.csv,,306.5999014,,,,,,,0.000548306,
,,,,,,,,,,,,,,,,,,,,,,,,,,,,,,,,,,,,,ECAL_Bloom(Prather)_20260224.csv,,,,,,,,,,
,,,,,,,,,,,,,,,,,,,,,,,,,,,,,,,,,,,,,ECAL_Bloom(Prather)_20260224.csv,,,,,,,,,,
,,,,,,,,,,,,,,,,,,,,,,,,,,,,,,,,,,,,,ECAL_Bloom(Prather)_20260224.csv,,,,,,,,,,
12,,,2,114.30%,2627.605234,710.2212471,763.3215642,604.091474,411.0545883,375.4835949,1.929544931,3.098385023,19.34903652,1117.134028,0.417258331,2.148637641,6.061055361,24.33463043,0.266581663,4.321682933,0.354567863,0.18993639,8.64463551,563811.5943,-5.83254381,1.486569091,1.895199118,58.52312277,108.50%,4.10875404,110.80%,108.10%,103.90%,0.073756929,116.70%,,ECAL_Bloom(Prather)_20260224.csv,,308.0264969,,,,,,,0.000543879,
,,,,,,,,,,,,,,,,,,,,,,,,,,,,,,,,,,,,,ECAL_Bloom(Prather)_20260224.csv,,,,,,,,,,
,,,,,,,,,,,,,,,,,,,,,,,,,,,,,,,,,,,,,ECAL_Bloom(Prather)_20260224.csv,,,,,,,,,,
,,,,,,,,,,,,,,,,,,,,,,,,,,,,,,,,,,,,,ECAL_Bloom(Prather)_20260224.csv,,,,,,,,,,
12,,,3,111.70%,2695.144643,734.1384256,783.9768173,593.2239992,420.4527472,128.391281,1.902056757,3.084742395,19.21605863,1113.040358,0.423441378,2.207231193,6.18261115,24.38935418,0.270785356,3.897052529,0.375458325,0.25311617,8.831280843,546298.9183,-63.28267578,1.693700041,2.05762802,57.04252821,108.20%,4.037779847,110.30%,109.00%,105.00%,0.072154073,117.80%,,ECAL_Bloom(Prather)_20260224.csv,,314.3132748,,,,,,,0.000528141,
,,,,,,,,,,,,,,,,,,,,,,,,,,,,,,,,,,,,,ECAL_Bloom(Prather)_20260224.csv,,,,,,,,,,
,,,,,,,,,,,,,,,,,,,,,,,,,,,,,,,,,,,,,ECAL_Bloom(Prather)_20260224.csv,,,,,,,,,,
,,,,,,,,,,,,,,,,,,,,,,,,,,,,,,,,,,,,,ECAL_Bloom(Prather)_20260224.csv,,,,,,,,,,
12,,,4,116.10%,2574.476257,722.3933017,761.3610873,591.4034724,413.1298216,-244.3396336,1.917555904,3.060288043,19.41081624,1130.517032,0.412379661,2.222600134,6.083967716,24.79328083,0.279916016,3.531827877,0.358272514,0.284487952,8.864560978,549787.2721,-28.1903488,1.855253519,2.061812057,57.92879711,110.20%,4.020114458,110.10%,109.20%,104.90%,0.074190601,116.80%,,ECAL_Bloom(Prather)_20260224.csv,,303.8675526,,,,,,,0.000539526,
,,,,,,,,,,,,,,,,,,,,,,,,,,,,,,,,,,,,,ECAL_Bloom(Prather)_20260224.csv,,,,,,,,,,
,,,,,,,,,,,,,,,,,,,,,,,,,,,,,,,,,,,,,ECAL_Bloom(Prather)_20260224.csv,,,,,,,,,,
,,,,,,,,,,,,,,,,,,,,,,,,,,,,,,,,,,,,,ECAL_Bloom(Prather)_20260224.csv,,,,,,,,,,
12,,,5,111.60%,2689.635031,739.992727,782.7002574,601.4109017,427.0180557,-254.3808136,1.929104123,3.125169011,19.36724398,1110.081342,0.429571088,2.186448123,6.165120178,24.52741768,0.265488192,3.996610848,0.360795147,0.258534973,8.905424682,564710.425,-77.37474347,1.986216387,1.886814904,59.45096787,108.90%,4.101308291,109.80%,107.60%,104.60%,0.071905754,115.50%,,ECAL_Bloom(Prather)_20260224.csv,,320.0682914,,,,,,,0.000530891,
,,,,,,,,,,,,,,,,,,,,,,,,,,,,,,,,,,,,,ECAL_Bloom(Prather)_20260224.csv,,,,,,,,,,
,,,,,,,,,,,,,,,,,,,,,,,,,,,,,,,,,,,,,ECAL_Bloom(Prather)_20260224.csv,,,,,,,,,,
,,,,,,,,,,,,,,,,,,,,,,,,,,,,,,,,,,,,,ECAL_Bloom(Prather)_20260224.csv,,,,,,,,,,
,,,Mean:,113.70%,2650.478813,727.1776045,773.2721463,597.9589629,417.5918873,106.9094659,1.910840229,3.083935181,19.23810819,1116.931956,0.424064781,2.197652231,6.146021724,24.66001433,0.271147885,3.870204427,0.361800016,0.245614148,8.866840798,557828.6813,-53.92458915,1.660845916,1.984665024,58.2389962,108.70%,4.064609799,109.80%,108.30%,104.60%,0.072951616,116.60%,,ECAL_Bloom(Prather)_20260224.csv,,310.5751034,,,,,,,0.000538149,
,,,RSD [%]:,1.717938861,1.891581471,1.57838679,1.367615737,0.907660721,1.520866423,332.350439,1.177129295,0.96567433,1.196559087,0.716166926,2.354512417,1.421232293,1.182150944,1.529365816,2.12827758,8.23164549,2.210703634,14.17346289,1.79368251,1.617701942,67.4712227,16.98380524,4.380884382,1.506098326,0.888973074,0.959640211,0.91786151,0.666110433,0.409094999,1.362845015,0.710314274,,ECAL_Bloom(Prather)_20260224.csv,,2.107597878,,,,,,,1.58418465,
,,,SD:,2.00%,50.13596611,11.47767525,10.57539156,5.427438636,6.351014799,355.3140794,0.02249306,0.02978077,0.230195332,7.999097249,0.009984658,0.031233743,0.072655254,0.377141829,0.00577078,0.318581508,0.007998326,0.03481203,0.159042973,9024.00541,36.38357964,0.282074836,0.08694588,0.877136547,1.00%,0.03900563,1.00%,0.70%,0.40%,0.000994217,0.80%,,ECAL_Bloom(Prather)_20260224.csv,,6.54567429,,,,,,,8.53E-06,
,,,,,,,,,,,,,,,,,,,,,,,,,,,,,,,,,,,,,ECAL_Bloom(Prather)_20260224.csv,,,,,,,,,,
,,,,,,,,,,,,,,,,,,,,,,,,,,,,,,,,,,,,,ECAL_Bloom(Prather)_20260224.csv,,,,,,,,,,
,,,,,,,,,,,,,,,,,,,,,,,,,,,,,,,,,,,,,ECAL_Bloom(Prather)_20260224.csv,,,,,,,,,,
No,,Sample Type,Label,6Li (KED),23Na (KED) [ppb],24Mg (KED) [ppb],27Al (KED) [ppb],39K (KED) [ppb],44Ca (KED) [ppb],32S (KED) [ppb],51V (KED) [ppb],52Cr (KED) [ppb],55Mn (KED) [ppb],57Fe (KED) [ppb],59Co (KED) [ppb],60Ni (KED) [ppb],63Cu (KED) [ppb],66Zn (KED) [ppb],71Ga (KED) [ppb],72Ge (KED) [ppb],75As (KED) [ppb],77Se (KED) [ppb],88Sr (KED) [ppb],95Mo (KED) [ppb],105Pd (KED) [ppb],107Ag (KED) [ppb],111Cd (KED) [ppb],182W (KED) [ppb],45Sc (KED),208Pb (KED) [ppb],89Y (KED),113In (KED),209Bi (KED),238U (KED) [ppb],159Tb (KED),,ECAL_Bloom(Prather)_20260224.csv,,31P (KED) [ppb],,,,,,,232Th (KED) [ppm],
13,,UNKNOWN,916AMC_air,113.70%,10280.62748,1176.497354,139.4159363,375.212153,365.5265569,-16.84402165,0.190090033,2.058750024,1.710732887,96.69365794,0.054462138,1.526452657,1.670993065,22.94544443,0.031499749,0.468570282,0.078513919,0.042411152,9.187015624,128919.0404,-47.32016985,2.410023572,0.378918098,13.52110936,109.10%,0.807227282,110.40%,107.30%,100.50%,0.014948636,114.90%,,ECAL_Bloom(Prather)_20260224.csv,,790.714481,,,,,,,0.000167783,
,,,,,,,,,,,,,,,,,,,,,,,,,,,,,,,,,,,,,ECAL_Bloom(Prather)_20260224.csv,,,,,,,,,,
13,,,1,114.00%,10134.54472,1154.268372,138.6199505,370.8884526,358.6456438,441.0413716,0.181315104,2.056469878,1.690311909,95.5760228,0.055244482,1.548781052,1.655219108,22.58657017,0.030898748,0.339790649,0.08087331,0.033373554,8.96392577,133212.258,-68.66689478,1.871376018,0.408901614,13.09744045,110.00%,0.79468488,110.50%,107.10%,102.50%,0.013671378,114.90%,,ECAL_Bloom(Prather)_20260224.csv,,791.4064664,,,,,,,0.000164585,
,,,,,,,,,,,,,,,,,,,,,,,,,,,,,,,,,,,,,ECAL_Bloom(Prather)_20260224.csv,,,,,,,,,,
,,,,,,,,,,,,,,,,,,,,,,,,,,,,,,,,,,,,,ECAL_Bloom(Prather)_20260224.csv,,,,,,,,,,
,,,,,,,,,,,,,,,,,,,,,,,,,,,,,,,,,,,,,ECAL_Bloom(Prather)_20260224.csv,,,,,,,,,,
13,,,2,114.50%,10319.01432,1173.723668,141.0105748,375.4655778,364.8316167,57.45776729,0.197962125,2.057120216,1.732973527,97.18729937,0.054809181,1.496762806,1.680119087,23.04879256,0.030351501,0.535979827,0.081163154,0.055692216,9.07850939,124988.752,-39.77921939,2.080526348,0.41150535,13.06580242,108.60%,0.805556973,111.00%,108.70%,99.90%,0.015488876,118.00%,,ECAL_Bloom(Prather)_20260224.csv,,790.5353411,,,,,,,0.000166464,
,,,,,,,,,,,,,,,,,,,,,,,,,,,,,,,,,,,,,ECAL_Bloom(Prather)_20260224.csv,,,,,,,,,,
,,,,,,,,,,,,,,,,,,,,,,,,,,,,,,,,,,,,,ECAL_Bloom(Prather)_20260224.csv,,,,,,,,,,
,,,,,,,,,,,,,,,,,,,,,,,,,,,,,,,,,,,,,ECAL_Bloom(Prather)_20260224.csv,,,,,,,,,,
13,,,3,114.80%,9990.754427,1170.242735,139.0423442,373.1860947,366.1055092,-197.6544226,0.184401722,2.041218111,1.714174514,95.01645924,0.0507648,1.510096001,1.6553236,22.96527581,0.031228237,0.50271396,0.077304166,0.048297194,9.203886918,130924.6855,-33.80000041,2.493244536,0.290827601,14.18503264,110.00%,0.819950483,110.40%,106.60%,100.60%,0.015393682,115.10%,,ECAL_Bloom(Prather)_20260224.csv,,788.4543683,,,,,,,0.000165725,
,,,,,,,,,,,,,,,,,,,,,,,,,,,,,,,,,,,,,ECAL_Bloom(Prather)_20260224.csv,,,,,,,,,,
,,,,,,,,,,,,,,,,,,,,,,,,,,,,,,,,,,,,,ECAL_Bloom(Prather)_20260224.csv,,,,,,,,,,
,,,,,,,,,,,,,,,,,,,,,,,,,,,,,,,,,,,,,ECAL_Bloom(Prather)_20260224.csv,,,,,,,,,,
13,,,4,115.10%,10289.60801,1169.151796,137.4065158,376.9054482,366.868142,-196.021376,0.194402724,2.083422884,1.688885566,97.2668932,0.056493252,1.555545945,1.671473559,23.14129896,0.029466598,0.576005135,0.077086134,0.03898618,9.448209023,129054.0695,-57.26521652,2.77366039,0.351673609,13.58219279,108.90%,0.80447429,108.60%,106.50%,100.00%,0.01478457,112.10%,,ECAL_Bloom(Prather)_20260224.csv,,792.3745813,,,,,,,0.000167689,
,,,,,,,,,,,,,,,,,,,,,,,,,,,,,,,,,,,,,ECAL_Bloom(Prather)_20260224.csv,,,,,,,,,,
,,,,,,,,,,,,,,,,,,,,,,,,,,,,,,,,,,,,,ECAL_Bloom(Prather)_20260224.csv,,,,,,,,,,
,,,,,,,,,,,,,,,,,,,,,,,,,,,,,,,,,,,,,ECAL_Bloom(Prather)_20260224.csv,,,,,,,,,,
13,,,5,110.20%,10669.21592,1215.100201,141.0002962,379.6151919,371.1818726,-189.0434486,0.192368488,2.055519033,1.727318919,98.42161508,0.054998974,1.521077479,1.692829971,22.98528467,0.03555366,0.388361837,0.07614283,0.035706617,9.24054702,126415.4369,-37.08951815,2.831310571,0.431682316,13.6750785,108.10%,0.811469782,111.70%,107.80%,99.60%,0.015404673,114.20%,,ECAL_Bloom(Prather)_20260224.csv,,790.8016481,,,,,,,0.000174454,
,,,,,,,,,,,,,,,,,,,,,,,,,,,,,,,,,,,,,ECAL_Bloom(Prather)_20260224.csv,,,,,,,,,,
,,,,,,,,,,,,,,,,,,,,,,,,,,,,,,,,,,,,,ECAL_Bloom(Prather)_20260224.csv,,,,,,,,,,
,,,,,,,,,,,,,,,,,,,,,,,,,,,,,,,,,,,,,ECAL_Bloom(Prather)_20260224.csv,,,,,,,,,,
,,,Mean:,113.70%,10280.62748,1176.497354,139.4159363,375.212153,365.5265569,-16.84402165,0.190090033,2.058750024,1.710732887,96.69365794,0.054462138,1.526452657,1.670993065,22.94544443,0.031499749,0.468570282,0.078513919,0.042411152,9.187015624,128919.0404,-47.32016985,2.410023572,0.378918098,13.52110936,109.10%,0.807227282,110.40%,107.30%,100.50%,0.014948636,114.90%,,ECAL_Bloom(Prather)_20260224.csv,,790.714481,,,,,,,0.000167783,
,,,RSD [%]:,1.754786005,2.469985222,1.940618782,1.126378087,0.895087977,1.238280479,1651.753664,3.674158963,0.742396201,1.196500901,1.427433135,3.982390774,1.645267023,0.971768948,0.924020851,7.49933244,21.41333538,2.967196537,22.03667856,1.984186222,2.578124782,31.67982149,17.54720486,15.18751481,3.419390901,0.782206635,1.154751879,1.056442962,0.862455077,1.156607869,5.134220807,1.846394777,,ECAL_Bloom(Prather)_20260224.csv,,0.183079218,,,,,,,2.321952213,
,,,SD:,2.00%,253.9299795,22.83132863,1.570350556,3.358478869,4.526243999,278.2217448,0.00698421,0.015284082,0.020468934,1.380237313,0.002168895,0.025114222,0.016238192,0.212020691,0.002362271,0.100336526,0.002329662,0.009346009,0.182287498,3323.693729,14.99094534,0.422891773,0.057548242,0.462339583,0.90%,0.009321472,1.20%,0.90%,1.20%,0.000767496,2.10%,,ECAL_Bloom(Prather)_20260224.csv,,1.447633886,,,,,,,3.90E-06,
,,,,,,,,,,,,,,,,,,,,,,,,,,,,,,,,,,,,,ECAL_Bloom(Prather)_20260224.csv,,,,,,,,,,
,,,,,,,,,,,,,,,,,,,,,,,,,,,,,,,,,,,,,ECAL_Bloom(Prather)_20260224.csv,,,,,,,,,,
,,,,,,,,,,,,,,,,,,,,,,,,,,,,,,,,,,,,,ECAL_Bloom(Prather)_20260224.csv,,,,,,,,,,
No,,Sample Type,Label,6Li (KED),23Na (KED) [ppb],24Mg (KED) [ppb],27Al (KED) [ppb],39K (KED) [ppb],44Ca (KED) [ppb],32S (KED) [ppb],51V (KED) [ppb],52Cr (KED) [ppb],55Mn (KED) [ppb],57Fe (KED) [ppb],59Co (KED) [ppb],60Ni (KED) [ppb],63Cu (KED) [ppb],66Zn (KED) [ppb],71Ga (KED) [ppb],72Ge (KED) [ppb],75As (KED) [ppb],77Se (KED) [ppb],88Sr (KED) [ppb],95Mo (KED) [ppb],105Pd (KED) [ppb],107Ag (KED) [ppb],111Cd (KED) [ppb],182W (KED) [ppb],45Sc (KED),208Pb (KED) [ppb],89Y (KED),113In (KED),209Bi (KED),238U (KED) [ppb],159Tb (KED),,ECAL_Bloom(Prather)_20260224.csv,,31P (KED) [ppb],,,,,,,232Th (KED) [ppm],
14,,UNKNOWN,916PMS_air,116.80%,2616.682209,741.2510472,1056.702412,751.6873882,468.6796912,445.0186086,2.748746077,3.409101299,25.6833143,1430.632986,0.509750807,2.250823852,7.931316977,31.82069425,0.385882619,5.174637523,0.470356933,0.315339762,10.25470269,487961.442,-56.9997714,0.562828442,1.820408309,60.4743184,114.00%,5.753146854,116.20%,110.60%,104.10%,0.096610913,120.20%,,ECAL_Bloom(Prather)_20260224.csv,,350.0768311,,,,,,,0.000595569,
,,,,,,,,,,,,,,,,,,,,,,,,,,,,,,,,,,,,,ECAL_Bloom(Prather)_20260224.csv,,,,,,,,,,
14,,,1,117.10%,2625.528025,746.6979253,1053.248243,754.2900319,466.341181,860.116804,2.752664875,3.46313764,26.11744091,1427.136977,0.510523575,2.293805176,7.940580723,32.05038321,0.389409036,4.698075007,0.484306392,0.32946404,10.31866614,487596.1131,-92.40698976,0.372038441,1.675277622,60.00770404,114.10%,5.88160347,115.30%,110.00%,103.70%,0.09690874,119.40%,,ECAL_Bloom(Prather)_20260224.csv,,349.0612238,,,,,,,0.000590259,
,,,,,,,,,,,,,,,,,,,,,,,,,,,,,,,,,,,,,ECAL_Bloom(Prather)_20260224.csv,,,,,,,,,,
,,,,,,,,,,,,,,,,,,,,,,,,,,,,,,,,,,,,,ECAL_Bloom(Prather)_20260224.csv,,,,,,,,,,
,,,,,,,,,,,,,,,,,,,,,,,,,,,,,,,,,,,,,ECAL_Bloom(Prather)_20260224.csv,,,,,,,,,,
14,,,2,116.00%,2618.30569,749.6194633,1065.963432,719.4887989,475.0693701,629.4130985,2.785242951,3.46549503,25.62718883,1432.750668,0.522512722,2.241378339,8.134856956,32.46651067,0.371860065,5.463751769,0.470858422,0.322745449,10.31369954,494132.5416,-61.46667685,0.470647172,1.964736158,60.41286237,112.80%,5.652300789,115.60%,108.50%,104.50%,0.095762877,118.50%,,ECAL_Bloom(Prather)_20260224.csv,,348.7951756,,,,,,,0.000600171,
,,,,,,,,,,,,,,,,,,,,,,,,,,,,,,,,,,,,,ECAL_Bloom(Prather)_20260224.csv,,,,,,,,,,
,,,,,,,,,,,,,,,,,,,,,,,,,,,,,,,,,,,,,ECAL_Bloom(Prather)_20260224.csv,,,,,,,,,,
,,,,,,,,,,,,,,,,,,,,,,,,,,,,,,,,,,,,,ECAL_Bloom(Prather)_20260224.csv,,,,,,,,,,
14,,,3,116.20%,2617.775487,741.9341014,1052.729343,761.5675335,470.9178621,363.6164534,2.734864705,3.424614828,25.83717759,1458.543191,0.506518128,2.269620545,8.006951819,31.98754527,0.411370824,5.296548204,0.467995871,0.311999692,10.18598056,483972.6337,-48.39330149,0.579305492,1.847979564,60.11556493,113.70%,5.708686434,117.00%,110.50%,103.70%,0.095967315,119.70%,,ECAL_Bloom(Prather)_20260224.csv,,355.952956,,,,,,,0.000582821,
,,,,,,,,,,,,,,,,,,,,,,,,,,,,,,,,,,,,,ECAL_Bloom(Prather)_20260224.csv,,,,,,,,,,
,,,,,,,,,,,,,,,,,,,,,,,,,,,,,,,,,,,,,ECAL_Bloom(Prather)_20260224.csv,,,,,,,,,,
,,,,,,,,,,,,,,,,,,,,,,,,,,,,,,,,,,,,,ECAL_Bloom(Prather)_20260224.csv,,,,,,,,,,
14,,,4,116.80%,2632.595523,737.6932933,1056.799322,765.7138883,470.4245633,324.5979808,2.747985888,3.332809155,25.46677089,1437.739156,0.508165995,2.193251936,7.785010845,31.19867129,0.365271669,4.793747779,0.453510189,0.308372345,10.21626929,485172.8582,-47.03354413,0.601030145,1.658280972,61.01292065,114.60%,5.787682685,117.40%,112.30%,103.30%,0.097351575,122.40%,,ECAL_Bloom(Prather)_20260224.csv,,350.7780994,,,,,,,0.000603233,
,,,,,,,,,,,,,,,,,,,,,,,,,,,,,,,,,,,,,ECAL_Bloom(Prather)_20260224.csv,,,,,,,,,,
,,,,,,,,,,,,,,,,,,,,,,,,,,,,,,,,,,,,,ECAL_Bloom(Prather)_20260224.csv,,,,,,,,,,
,,,,,,,,,,,,,,,,,,,,,,,,,,,,,,,,,,,,,ECAL_Bloom(Prather)_20260224.csv,,,,,,,,,,
14,,,5,118.00%,2589.206319,730.3104526,1054.771718,757.3766887,460.6454796,47.34870631,2.722971965,3.359449843,25.36799327,1396.994937,0.501033618,2.256063264,7.789184542,31.40036082,0.3915015,5.621064856,0.475113789,0.304117283,10.2388979,488933.0637,-35.69834479,0.791120959,1.955767227,60.82254,114.90%,5.735460894,115.80%,111.60%,105.10%,0.097064055,120.80%,,ECAL_Bloom(Prather)_20260224.csv,,345.796701,,,,,,,0.000601359,
,,,,,,,,,,,,,,,,,,,,,,,,,,,,,,,,,,,,,ECAL_Bloom(Prather)_20260224.csv,,,,,,,,,,
,,,,,,,,,,,,,,,,,,,,,,,,,,,,,,,,,,,,,ECAL_Bloom(Prather)_20260224.csv,,,,,,,,,,
,,,,,,,,,,,,,,,,,,,,,,,,,,,,,,,,,,,,,ECAL_Bloom(Prather)_20260224.csv,,,,,,,,,,
,,,Mean:,116.80%,2616.682209,741.2510472,1056.702412,751.6873882,468.6796912,445.0186086,2.748746077,3.409101299,25.6833143,1430.632986,0.509750807,2.250823852,7.931316977,31.82069425,0.385882619,5.174637523,0.470356933,0.315339762,10.25470269,487961.442,-56.9997714,0.562828442,1.820408309,60.4743184,114.00%,5.753146854,116.20%,110.60%,104.10%,0.096610913,120.20%,,ECAL_Bloom(Prather)_20260224.csv,,350.0768311,,,,,,,0.000595569,
,,,RSD [%]:,0.666710851,0.630927681,1.028571575,0.51229276,2.462253752,1.163277378,69.76653983,0.854151979,1.773788739,1.170679813,1.55425481,1.558366332,1.667078829,1.87903151,1.618724215,4.698876811,7.908726407,2.39322698,3.325905649,0.577358723,0.812317852,38.2438776,27.91611182,8.113553592,0.721524746,0.72466151,1.509147895,0.799852411,1.308433486,0.686263003,0.727507452,1.247487919,,ECAL_Bloom(Prather)_20260224.csv,,1.068946175,,,,,,,1.46415524,
,,,SD:,0.80%,16.50937237,7.624297567,5.413409955,18.50845092,5.452044822,310.4740848,0.023478469,0.060470255,0.300669376,22.235682,0.007943785,0.037523008,0.149031945,0.515089283,0.018132149,0.409247924,0.011256709,0.010487903,0.05920642,3963.797904,21.79892281,0.157119817,0.147699804,0.436337172,0.80%,0.086823495,0.90%,1.40%,0.70%,0.000702852,1.50%,,ECAL_Bloom(Prather)_20260224.csv,,3.742132895,,,,,,,8.72E-06,
,,,,,,,,,,,,,,,,,,,,,,,,,,,,,,,,,,,,,ECAL_Bloom(Prather)_20260224.csv,,,,,,,,,,
,,,,,,,,,,,,,,,,,,,,,,,,,,,,,,,,,,,,,ECAL_Bloom(Prather)_20260224.csv,,,,,,,,,,
,,,,,,,,,,,,,,,,,,,,,,,,,,,,,,,,,,,,,ECAL_Bloom(Prather)_20260224.csv,,,,,,,,,,
No,,Sample Type,Label,6Li (KED),23Na (KED) [ppb],24Mg (KED) [ppb],27Al (KED) [ppb],39K (KED) [ppb],44Ca (KED) [ppb],32S (KED) [ppb],51V (KED) [ppb],52Cr (KED) [ppb],55Mn (KED) [ppb],57Fe (KED) [ppb],59Co (KED) [ppb],60Ni (KED) [ppb],63Cu (KED) [ppb],66Zn (KED) [ppb],71Ga (KED) [ppb],72Ge (KED) [ppb],75As (KED) [ppb],77Se (KED) [ppb],88Sr (KED) [ppb],95Mo (KED) [ppb],105Pd (KED) [ppb],107Ag (KED) [ppb],111Cd (KED) [ppb],182W (KED) [ppb],45Sc (KED),208Pb (KED) [ppb],89Y (KED),113In (KED),209Bi (KED),238U (KED) [ppb],159Tb (KED),,ECAL_Bloom(Prather)_20260224.csv,,31P (KED) [ppb],,,,,,,232Th (KED) [ppm],
15,,UNKNOWN,916PMC_air,115.50%,9288.637071,1052.266393,83.10279266,346.6631319,372.5126301,46.07867443,0.213690634,2.038290506,1.713652151,104.4843262,0.062170922,2.277532961,1.654498369,11.85532219,0.026133136,0.560403565,0.095789683,0.068313851,8.366440777,202244.2406,-55.12987564,6.797370916,0.429495839,22.88540203,112.20%,0.860626593,112.30%,109.80%,101.20%,0.012163315,116.50%,,ECAL_Bloom(Prather)_20260224.csv,,764.129944,,,,,,,0.000106065,
,,,,,,,,,,,,,,,,,,,,,,,,,,,,,,,,,,,,,ECAL_Bloom(Prather)_20260224.csv,,,,,,,,,,
15,,,1,116.10%,9178.204019,1030.11781,81.26872644,342.7209381,366.7802019,421.8029165,0.217370265,2.004796343,1.706253102,104.1777969,0.059429239,2.277444008,1.671762202,11.85614844,0.030232059,0.523168959,0.094205369,0.047172267,8.26534254,196470.193,-61.44128923,5.258769179,0.450630353,22.32441693,112.60%,0.853807812,112.70%,109.30%,101.90%,0.011786573,115.30%,,ECAL_Bloom(Prather)_20260224.csv,,771.3215772,,,,,,,0.000100405,
,,,,,,,,,,,,,,,,,,,,,,,,,,,,,,,,,,,,,ECAL_Bloom(Prather)_20260224.csv,,,,,,,,,,
,,,,,,,,,,,,,,,,,,,,,,,,,,,,,,,,,,,,,ECAL_Bloom(Prather)_20260224.csv,,,,,,,,,,
,,,,,,,,,,,,,,,,,,,,,,,,,,,,,,,,,,,,,ECAL_Bloom(Prather)_20260224.csv,,,,,,,,,,
15,,,2,117.90%,9165.969724,1045.170136,82.31371187,340.7338944,373.6403364,-14.76410637,0.21387629,2.010478098,1.727600475,104.7193908,0.059823989,2.27301718,1.642554859,11.69764976,0.024681046,0.624285884,0.090441902,0.055054083,8.456136991,206692.4971,-60.38327501,6.492192904,0.449306598,23.05848777,112.50%,0.859615278,111.20%,109.80%,101.40%,0.012345424,117.50%,,ECAL_Bloom(Prather)_20260224.csv,,755.4963491,,,,,,,0.000108313,
,,,,,,,,,,,,,,,,,,,,,,,,,,,,,,,,,,,,,ECAL_Bloom(Prather)_20260224.csv,,,,,,,,,,
,,,,,,,,,,,,,,,,,,,,,,,,,,,,,,,,,,,,,ECAL_Bloom(Prather)_20260224.csv,,,,,,,,,,
,,,,,,,,,,,,,,,,,,,,,,,,,,,,,,,,,,,,,ECAL_Bloom(Prather)_20260224.csv,,,,,,,,,,
15,,,3,113.90%,9286.796817,1061.261417,83.93444254,347.6452366,372.1411861,111.4563214,0.206290669,2.05831579,1.681420991,103.8141791,0.063845199,2.25945778,1.646569803,11.832475,0.023371572,0.717979005,0.1023995,0.091523126,8.458201853,204302.6772,-109.830923,7.040604288,0.328443922,22.69939175,112.90%,0.859832934,111.60%,111.30%,101.20%,0.012481838,115.70%,,ECAL_Bloom(Prather)_20260224.csv,,762.9489023,,,,,,,0.000105079,
,,,,,,,,,,,,,,,,,,,,,,,,,,,,,,,,,,,,,ECAL_Bloom(Prather)_20260224.csv,,,,,,,,,,
,,,,,,,,,,,,,,,,,,,,,,,,,,,,,,,,,,,,,ECAL_Bloom(Prather)_20260224.csv,,,,,,,,,,
,,,,,,,,,,,,,,,,,,,,,,,,,,,,,,,,,,,,,ECAL_Bloom(Prather)_20260224.csv,,,,,,,,,,
15,,,4,113.80%,9410.771784,1073.529994,84.87637629,344.8246915,370.2791033,-140.4656766,0.217496656,2.065106017,1.738793783,103.4058314,0.063634643,2.295809523,1.671109208,12.07636927,0.030609526,0.476588888,0.096203713,0.076488916,8.309704172,206372.522,-55.84131782,7.326914026,0.520501221,23.05822074,112.20%,0.868695097,112.50%,108.70%,100.50%,0.011608553,118.20%,,ECAL_Bloom(Prather)_20260224.csv,,766.2157711,,,,,,,0.000105588,
,,,,,,,,,,,,,,,,,,,,,,,,,,,,,,,,,,,,,ECAL_Bloom(Prather)_20260224.csv,,,,,,,,,,
,,,,,,,,,,,,,,,,,,,,,,,,,,,,,,,,,,,,,ECAL_Bloom(Prather)_20260224.csv,,,,,,,,,,
,,,,,,,,,,,,,,,,,,,,,,,,,,,,,,,,,,,,,ECAL_Bloom(Prather)_20260224.csv,,,,,,,,,,
15,,,5,115.90%,9401.443009,1051.252608,83.12070616,357.3908991,379.722323,-147.6360828,0.213419293,2.05275628,1.714192403,106.304433,0.06412154,2.281936316,1.640495771,11.81396847,0.021771479,0.459995087,0.095697932,0.071330866,8.34281833,197383.3137,11.84742687,7.868374183,0.398597101,23.28649298,110.90%,0.861181846,113.60%,109.80%,100.90%,0.01259419,115.80%,,ECAL_Bloom(Prather)_20260224.csv,,764.6671204,,,,,,,0.000110941,
,,,,,,,,,,,,,,,,,,,,,,,,,,,,,,,,,,,,,ECAL_Bloom(Prather)_20260224.csv,,,,,,,,,,
,,,,,,,,,,,,,,,,,,,,,,,,,,,,,,,,,,,,,ECAL_Bloom(Prather)_20260224.csv,,,,,,,,,,
,,,,,,,,,,,,,,,,,,,,,,,,,,,,,,,,,,,,,ECAL_Bloom(Prather)_20260224.csv,,,,,,,,,,
,,,Mean:,115.50%,9288.637071,1052.266393,83.10279266,346.6631319,372.5126301,46.07867443,0.213690634,2.038290506,1.713652151,104.4843262,0.062170922,2.277532961,1.654498369,11.85532219,0.026133136,0.560403565,0.095789683,0.068313851,8.366440777,202244.2406,-55.12987564,6.797370916,0.429495839,22.88540203,112.20%,0.860626593,112.30%,109.80%,101.20%,0.012163315,116.50%,,ECAL_Bloom(Prather)_20260224.csv,,764.129944,,,,,,,0.000106065,
,,,RSD [%]:,1.480227529,1.26112307,1.557928907,1.682941609,1.881255843,1.282090377,510.6537067,2.13031404,1.39299861,1.278672535,1.077965583,3.752899014,0.581058865,0.943901541,1.162346028,15.49615972,19.42572736,4.519799331,25.74630918,1.04308237,2.447848961,78.78514255,14.6138835,16.58148984,1.64949135,0.709134629,0.619103292,0.858453862,0.864470399,0.529326144,3.607072558,1.102114475,,ECAL_Bloom(Prather)_20260224.csv,,0.752611119,,,,,,,3.713865227,
,,,SD:,1.70%,117.141145,16.39356231,1.398571476,6.521620425,4.775948585,235.302459,0.004552282,0.028393358,0.021911999,1.126305076,0.002333212,0.013233807,0.015616836,0.137799867,0.004049633,0.108862469,0.004329501,0.017588295,0.087268869,4950.633543,43.43415111,0.993359867,0.071216809,0.377492727,0.80%,0.005328168,1.00%,0.90%,0.50%,0.00043874,1.30%,,ECAL_Bloom(Prather)_20260224.csv,,5.75092692,,,,,,,3.94E-06,
,,,,,,,,,,,,,,,,,,,,,,,,,,,,,,,,,,,,,ECAL_Bloom(Prather)_20260224.csv,,,,,,,,,,
,,,,,,,,,,,,,,,,,,,,,,,,,,,,,,,,,,,,,ECAL_Bloom(Prather)_20260224.csv,,,,,,,,,,
,,,,,,,,,,,,,,,,,,,,,,,,,,,,,,,,,,,,,ECAL_Bloom(Prather)_20260224.csv,,,,,,,,,,
No,,Sample Type,Label,6Li (KED),23Na (KED) [ppb],24Mg (KED) [ppb],27Al (KED) [ppb],39K (KED) [ppb],44Ca (KED) [ppb],32S (KED) [ppb],51V (KED) [ppb],52Cr (KED) [ppb],55Mn (KED) [ppb],57Fe (KED) [ppb],59Co (KED) [ppb],60Ni (KED) [ppb],63Cu (KED) [ppb],66Zn (KED) [ppb],71Ga (KED) [ppb],72Ge (KED) [ppb],75As (KED) [ppb],77Se (KED) [ppb],88Sr (KED) [ppb],95Mo (KED) [ppb],105Pd (KED) [ppb],107Ag (KED) [ppb],111Cd (KED) [ppb],182W (KED) [ppb],45Sc (KED),208Pb (KED) [ppb],89Y (KED),113In (KED),209Bi (KED),238U (KED) [ppb],159Tb (KED),,ECAL_Bloom(Prather)_20260224.csv,,31P (KED) [ppb],,,,,,,232Th (KED) [ppm],
16,,UNKNOWN,917AMC_air,119.60%,10461.87326,1197.941583,110.0412575,368.4075592,323.6382301,-27.87681076,0.143806313,1.693286649,1.033876923,63.57794279,0.033955148,1.027383577,0.96474153,9.042696559,0.022756006,0.319356788,0.065771238,0.048984146,9.254904969,138199.4245,-40.47405038,2.985616358,0.228992622,16.84135178,117.60%,0.630253675,118.30%,112.90%,101.70%,0.010916264,119.60%,,ECAL_Bloom(Prather)_20260224.csv,,816.5937643,,,,,,,0.000108674,
,,,,,,,,,,,,,,,,,,,,,,,,,,,,,,,,,,,,,ECAL_Bloom(Prather)_20260224.csv,,,,,,,,,,
16,,,1,119.10%,10400.02529,1179.259902,108.8208194,366.1774105,317.326544,613.2723072,0.14757995,1.680369005,1.045886304,62.41377643,0.033440979,1.049537223,0.974213787,9.263977004,0.017124746,0.28872323,0.066261022,0.047671532,9.350329976,136350.5636,-96.75374681,2.33212435,0.177702625,16.4015046,117.20%,0.641185434,116.80%,112.40%,101.20%,0.011208785,117.50%,,ECAL_Bloom(Prather)_20260224.csv,,807.9109001,,,,,,,9.99E-05,
,,,,,,,,,,,,,,,,,,,,,,,,,,,,,,,,,,,,,ECAL_Bloom(Prather)_20260224.csv,,,,,,,,,,
,,,,,,,,,,,,,,,,,,,,,,,,,,,,,,,,,,,,,ECAL_Bloom(Prather)_20260224.csv,,,,,,,,,,
,,,,,,,,,,,,,,,,,,,,,,,,,,,,,,,,,,,,,ECAL_Bloom(Prather)_20260224.csv,,,,,,,,,,
16,,,2,120.90%,10356.56074,1203.619426,110.4792854,367.9140639,324.6767118,46.15355908,0.141623265,1.693779268,1.025061363,63.85927103,0.032937002,1.036918321,0.972383467,9.14491621,0.024626004,0.287494394,0.066378426,0.042769309,9.28229699,139424.7256,-15.41365479,2.680591567,0.208261553,17.3773337,117.30%,0.634571011,117.50%,113.50%,102.20%,0.010807602,118.40%,,ECAL_Bloom(Prather)_20260224.csv,,820.4222581,,,,,,,0.000107574,
,,,,,,,,,,,,,,,,,,,,,,,,,,,,,,,,,,,,,ECAL_Bloom(Prather)_20260224.csv,,,,,,,,,,
,,,,,,,,,,,,,,,,,,,,,,,,,,,,,,,,,,,,,ECAL_Bloom(Prather)_20260224.csv,,,,,,,,,,
,,,,,,,,,,,,,,,,,,,,,,,,,,,,,,,,,,,,,ECAL_Bloom(Prather)_20260224.csv,,,,,,,,,,
16,,,3,117.80%,10441.84792,1207.453299,112.2029314,363.7014082,322.4552929,-172.475772,0.142625708,1.683025839,1.052853606,63.95260318,0.033965919,1.006031338,0.950965065,8.791609105,0.023484159,0.34457039,0.068185274,0.063065604,9.399803014,137753.2213,-35.33162137,3.104257395,0.181416257,17.04292585,119.20%,0.636557288,118.40%,115.10%,100.70%,0.010886287,120.70%,,ECAL_Bloom(Prather)_20260224.csv,,811.7585796,,,,,,,0.000106326,
,,,,,,,,,,,,,,,,,,,,,,,,,,,,,,,,,,,,,ECAL_Bloom(Prather)_20260224.csv,,,,,,,,,,
,,,,,,,,,,,,,,,,,,,,,,,,,,,,,,,,,,,,,ECAL_Bloom(Prather)_20260224.csv,,,,,,,,,,
,,,,,,,,,,,,,,,,,,,,,,,,,,,,,,,,,,,,,ECAL_Bloom(Prather)_20260224.csv,,,,,,,,,,
16,,,4,119.20%,10715.40004,1214.397966,110.2426323,374.8913928,329.2023662,-216.1987589,0.14586354,1.722730326,1.02530132,64.13266501,0.036381347,1.033737407,0.976934058,9.016453879,0.023953449,0.377448592,0.067676322,0.040144085,9.042781923,139079.0384,-8.311619226,3.347605245,0.366720238,16.92664807,116.20%,0.619208637,119.00%,111.50%,101.70%,0.010896061,121.40%,,ECAL_Bloom(Prather)_20260224.csv,,822.4065353,,,,,,,0.000114272,
,,,,,,,,,,,,,,,,,,,,,,,,,,,,,,,,,,,,,ECAL_Bloom(Prather)_20260224.csv,,,,,,,,,,
,,,,,,,,,,,,,,,,,,,,,,,,,,,,,,,,,,,,,ECAL_Bloom(Prather)_20260224.csv,,,,,,,,,,
,,,,,,,,,,,,,,,,,,,,,,,,,,,,,,,,,,,,,ECAL_Bloom(Prather)_20260224.csv,,,,,,,,,,
16,,,5,121.00%,10395.53229,1184.977323,108.4606192,369.3535206,324.5302358,-410.1353892,0.141339105,1.686528806,1.020282025,63.53139833,0.033050491,1.010693594,0.949211271,8.996526598,0.024591672,0.298547333,0.060355145,0.0512702,9.19931294,138389.5733,-46.55960972,3.463503231,0.210862436,16.45834669,117.90%,0.619746007,119.70%,111.80%,102.60%,0.010782587,120.10%,,ECAL_Bloom(Prather)_20260224.csv,,820.4705484,,,,,,,0.000115277,
,,,,,,,,,,,,,,,,,,,,,,,,,,,,,,,,,,,,,ECAL_Bloom(Prather)_20260224.csv,,,,,,,,,,
,,,,,,,,,,,,,,,,,,,,,,,,,,,,,,,,,,,,,ECAL_Bloom(Prather)_20260224.csv,,,,,,,,,,
,,,,,,,,,,,,,,,,,,,,,,,,,,,,,,,,,,,,,ECAL_Bloom(Prather)_20260224.csv,,,,,,,,,,
,,,Mean:,119.60%,10461.87326,1197.941583,110.0412575,368.4075592,323.6382301,-27.87681076,0.143806313,1.693286649,1.033876923,63.57794279,0.033955148,1.027383577,0.96474153,9.042696559,0.022756006,0.319356788,0.065771238,0.048984146,9.254904969,138199.4245,-40.47405038,2.985616358,0.228992622,16.84135178,117.60%,0.630253675,118.30%,112.90%,101.70%,0.010916264,119.60%,,ECAL_Bloom(Prather)_20260224.csv,,816.5937643,,,,,,,0.000108674,
,,,RSD [%]:,1.144472929,1.385110221,1.259500353,1.355008585,1.137938584,1.329635741,1411.202032,1.927066769,1.016475789,1.402001023,1.079649095,4.166496112,1.792477525,1.398148426,1.957092883,13.99023829,12.52228306,4.771770665,18.31670458,1.517896245,0.880928627,86.41626882,15.83078997,34.26148805,2.439805123,0.933671409,1.606926306,0.985396884,1.298134709,0.742059673,1.563708715,1.360143695,,ECAL_Bloom(Prather)_20260224.csv,,0.779922237,,,,,,,5.788714105,
,,,SD:,1.40%,144.9084758,15.08807847,1.491068487,4.192251763,4.303209581,393.3981201,0.002771244,0.017211849,0.014494965,0.686418684,0.00141474,0.01841562,0.013488519,0.176973971,0.003183619,0.039990761,0.003138453,0.008972281,0.140479855,1217.438292,34.97616418,0.472646655,0.07845628,0.410896164,1.10%,0.010127712,1.20%,1.50%,0.80%,0.000170699,1.60%,,ECAL_Bloom(Prather)_20260224.csv,,6.368796351,,,,,,,6.29E-06,
,,,,,,,,,,,,,,,,,,,,,,,,,,,,,,,,,,,,,ECAL_Bloom(Prather)_20260224.csv,,,,,,,,,,
,,,,,,,,,,,,,,,,,,,,,,,,,,,,,,,,,,,,,ECAL_Bloom(Prather)_20260224.csv,,,,,,,,,,
,,,,,,,,,,,,,,,,,,,,,,,,,,,,,,,,,,,,,ECAL_Bloom(Prather)_20260224.csv,,,,,,,,,,
No,,Sample Type,Label,6Li (KED),23Na (KED) [ppb],24Mg (KED) [ppb],27Al (KED) [ppb],39K (KED) [ppb],44Ca (KED) [ppb],32S (KED) [ppb],51V (KED) [ppb],52Cr (KED) [ppb],55Mn (KED) [ppb],57Fe (KED) [ppb],59Co (KED) [ppb],60Ni (KED) [ppb],63Cu (KED) [ppb],66Zn (KED) [ppb],71Ga (KED) [ppb],72Ge (KED) [ppb],75As (KED) [ppb],77Se (KED) [ppb],88Sr (KED) [ppb],95Mo (KED) [ppb],105Pd (KED) [ppb],107Ag (KED) [ppb],111Cd (KED) [ppb],182W (KED) [ppb],45Sc (KED),208Pb (KED) [ppb],89Y (KED),113In (KED),209Bi (KED),238U (KED) [ppb],159Tb (KED),,ECAL_Bloom(Prather)_20260224.csv,,31P (KED) [ppb],,,,,,,232Th (KED) [ppm],
17,,UNKNOWN,917AMS_air,124.70%,3224.578778,557.9226521,492.3163729,399.5630394,341.4218182,-575.1800851,1.097490837,2.266403539,9.82030448,518.9409332,0.210888023,2.907298659,3.046662371,20.59357798,0.156559224,1.855361141,0.297794188,0.159439576,6.560632278,371677.8776,-42.25815726,0.397386668,0.895221513,38.87126478,121.40%,2.772612591,121.40%,116.50%,105.90%,0.042389878,125.10%,,ECAL_Bloom(Prather)_20260224.csv,,296.3138621,,,,,,,0.000227795,
,,,,,,,,,,,,,,,,,,,,,,,,,,,,,,,,,,,,,ECAL_Bloom(Prather)_20260224.csv,,,,,,,,,,
17,,,1,122.40%,3286.976195,559.694844,496.4584891,402.4854928,341.7462517,-116.8892584,1.104756105,2.302681869,9.91114255,519.8208799,0.212281982,2.933952634,3.088328149,20.70963354,0.164353494,2.142582612,0.309114232,0.176823775,6.562172993,369935.5257,-81.02128157,0.231435218,0.863909037,39.86460811,121.10%,2.824631264,121.30%,116.10%,104.20%,0.042014748,124.80%,,ECAL_Bloom(Prather)_20260224.csv,,296.4927943,,,,,,,0.000215303,
,,,,,,,,,,,,,,,,,,,,,,,,,,,,,,,,,,,,,ECAL_Bloom(Prather)_20260224.csv,,,,,,,,,,
,,,,,,,,,,,,,,,,,,,,,,,,,,,,,,,,,,,,,ECAL_Bloom(Prather)_20260224.csv,,,,,,,,,,
,,,,,,,,,,,,,,,,,,,,,,,,,,,,,,,,,,,,,ECAL_Bloom(Prather)_20260224.csv,,,,,,,,,,
17,,,2,120.60%,3285.245233,569.1168876,493.0949182,396.7524955,344.4497706,-530.0036902,1.118896422,2.253175361,9.778447694,515.7529179,0.207227356,2.92254015,3.090202259,20.63724131,0.15670581,1.506127244,0.30628216,0.163337974,6.619731276,378818.0591,-45.39825899,0.369182746,0.709869423,38.00325803,121.40%,2.702867487,121.10%,115.50%,105.90%,0.040971971,124.80%,,ECAL_Bloom(Prather)_20260224.csv,,293.0351394,,,,,,,0.000226976,
,,,,,,,,,,,,,,,,,,,,,,,,,,,,,,,,,,,,,ECAL_Bloom(Prather)_20260224.csv,,,,,,,,,,
,,,,,,,,,,,,,,,,,,,,,,,,,,,,,,,,,,,,,ECAL_Bloom(Prather)_20260224.csv,,,,,,,,,,
,,,,,,,,,,,,,,,,,,,,,,,,,,,,,,,,,,,,,ECAL_Bloom(Prather)_20260224.csv,,,,,,,,,,
17,,,3,128.30%,3152.789705,549.5756427,490.2818764,400.003863,339.3413912,-685.1577407,1.0955727,2.263039401,9.967479092,520.7326024,0.215144764,2.899730247,2.997397347,20.39381603,0.147390287,1.933971502,0.29119042,0.161526551,6.501044022,368108.8068,-15.31663136,0.374863594,1.009683466,38.79690487,120.60%,2.783624944,123.20%,116.40%,106.50%,0.042994975,124.30%,,ECAL_Bloom(Prather)_20260224.csv,,294.4617069,,,,,,,0.000227875,
,,,,,,,,,,,,,,,,,,,,,,,,,,,,,,,,,,,,,ECAL_Bloom(Prather)_20260224.csv,,,,,,,,,,
,,,,,,,,,,,,,,,,,,,,,,,,,,,,,,,,,,,,,ECAL_Bloom(Prather)_20260224.csv,,,,,,,,,,
,,,,,,,,,,,,,,,,,,,,,,,,,,,,,,,,,,,,,ECAL_Bloom(Prather)_20260224.csv,,,,,,,,,,
17,,,4,125.20%,3218.923439,556.25015,487.2413234,397.0622056,340.0117525,-692.1625954,1.090401452,2.267741401,9.741152847,519.3622429,0.210819771,2.86772533,3.023658907,20.54064889,0.150284507,1.721406682,0.286790822,0.150883949,6.586379638,374597.1919,-38.9702967,0.464048805,0.857353169,39.14231739,122.40%,2.749963841,119.50%,117.20%,105.50%,0.043667758,125.30%,,ECAL_Bloom(Prather)_20260224.csv,,300.1438992,,,,,,,0.000230739,
,,,,,,,,,,,,,,,,,,,,,,,,,,,,,,,,,,,,,ECAL_Bloom(Prather)_20260224.csv,,,,,,,,,,
,,,,,,,,,,,,,,,,,,,,,,,,,,,,,,,,,,,,,ECAL_Bloom(Prather)_20260224.csv,,,,,,,,,,
,,,,,,,,,,,,,,,,,,,,,,,,,,,,,,,,,,,,,ECAL_Bloom(Prather)_20260224.csv,,,,,,,,,,
17,,,5,126.80%,3178.959318,554.9757362,494.5052575,401.5111403,341.5599249,-851.6871411,1.077827505,2.245379665,9.703300217,519.0360228,0.208966242,2.912544932,3.033725193,20.68655014,0.164062022,1.972717663,0.295593305,0.14462563,6.533833463,366929.8047,-30.58431769,0.547402977,1.035292468,38.54923551,121.30%,2.80197542,121.80%,117.20%,107.20%,0.042299938,126.40%,,ECAL_Bloom(Prather)_20260224.csv,,297.4357705,,,,,,,0.000238081,
,,,,,,,,,,,,,,,,,,,,,,,,,,,,,,,,,,,,,ECAL_Bloom(Prather)_20260224.csv,,,,,,,,,,
,,,,,,,,,,,,,,,,,,,,,,,,,,,,,,,,,,,,,ECAL_Bloom(Prather)_20260224.csv,,,,,,,,,,
,,,,,,,,,,,,,,,,,,,,,,,,,,,,,,,,,,,,,ECAL_Bloom(Prather)_20260224.csv,,,,,,,,,,
,,,Mean:,124.70%,3224.578778,557.9226521,492.3163729,399.5630394,341.4218182,-575.1800851,1.097490837,2.266403539,9.82030448,518.9409332,0.210888023,2.907298659,3.046662371,20.59357798,0.156559224,1.855361141,0.297794188,0.159439576,6.560632278,371677.8776,-42.25815726,0.397386668,0.895221513,38.87126478,121.40%,2.772612591,121.40%,116.50%,105.90%,0.042389878,125.10%,,ECAL_Bloom(Prather)_20260224.csv,,296.3138621,,,,,,,0.000227795,
,,,RSD [%]:,2.528174743,1.888962807,1.297470731,0.735525199,0.646406858,0.578589152,48.73529043,1.405364959,0.973257802,1.156776304,0.364788705,1.445319225,0.875852591,1.348866622,0.62716845,4.952835948,13.26688055,3.228407508,7.773289031,0.699614765,1.33052619,57.78800853,29.71941207,14.72328381,1.783676619,0.550214821,1.717142287,1.099980581,0.624909067,1.074888969,2.405306829,0.618505019,,ECAL_Bloom(Prather)_20260224.csv,,0.926386902,,,,,,,3.614589692,
,,,SD:,3.20%,60.9110938,7.238883112,3.62111098,2.582802888,1.975429602,280.315685,0.015423752,0.022057949,0.113598955,1.893037911,0.003048005,0.025463651,0.041095412,0.129156424,0.007754122,0.246148546,0.00961401,0.012393699,0.045899152,4945.271503,24.42014752,0.118100981,0.131806004,0.693337661,0.70%,0.047609703,1.30%,0.70%,1.10%,0.001019607,0.80%,,ECAL_Bloom(Prather)_20260224.csv,,2.745012808,,,,,,,8.23E-06,
,,,,,,,,,,,,,,,,,,,,,,,,,,,,,,,,,,,,,ECAL_Bloom(Prather)_20260224.csv,,,,,,,,,,
,,,,,,,,,,,,,,,,,,,,,,,,,,,,,,,,,,,,,ECAL_Bloom(Prather)_20260224.csv,,,,,,,,,,
,,,,,,,,,,,,,,,,,,,,,,,,,,,,,,,,,,,,,ECAL_Bloom(Prather)_20260224.csv,,,,,,,,,,
No,,Sample Type,Label,6Li (KED),23Na (KED) [ppb],24Mg (KED) [ppb],27Al (KED) [ppb],39K (KED) [ppb],44Ca (KED) [ppb],32S (KED) [ppb],51V (KED) [ppb],52Cr (KED) [ppb],55Mn (KED) [ppb],57Fe (KED) [ppb],59Co (KED) [ppb],60Ni (KED) [ppb],63Cu (KED) [ppb],66Zn (KED) [ppb],71Ga (KED) [ppb],72Ge (KED) [ppb],75As (KED) [ppb],77Se (KED) [ppb],88Sr (KED) [ppb],95Mo (KED) [ppb],105Pd (KED) [ppb],107Ag (KED) [ppb],111Cd (KED) [ppb],182W (KED) [ppb],45Sc (KED),208Pb (KED) [ppb],89Y (KED),113In (KED),209Bi (KED),238U (KED) [ppb],159Tb (KED),,ECAL_Bloom(Prather)_20260224.csv,,31P (KED) [ppb],,,,,,,232Th (KED) [ppm],
18,,UNKNOWN,917PMS_air,121.70%,2115.718563,490.1847769,646.3386667,436.7839284,414.4590861,-762.8681961,1.419276519,2.400693168,15.12703217,807.7112128,0.324338224,1.577526885,5.694763393,39.32407679,0.215990284,2.999505708,0.28600199,0.185504443,6.805424714,382971.4027,-21.8135798,0.412684533,1.533175518,60.71759908,120.10%,3.063533827,119.20%,115.90%,106.90%,0.050387858,121.80%,,ECAL_Bloom(Prather)_20260224.csv,,286.9565449,,,,,,,0.000271877,
,,,,,,,,,,,,,,,,,,,,,,,,,,,,,,,,,,,,,ECAL_Bloom(Prather)_20260224.csv,,,,,,,,,,
18,,,1,123.10%,2131.19125,492.3858881,650.5936705,437.8335289,410.1199632,-230.1121678,1.393464248,2.373196176,15.10067205,812.9680168,0.323227605,1.568159607,5.78800737,40.28753174,0.230510912,3.10162125,0.303779075,0.209582039,6.851586416,384748.0472,-24.00079953,0.291270359,1.520924123,60.58830183,121.20%,3.004195948,118.60%,116.60%,109.30%,0.050535488,120.30%,,ECAL_Bloom(Prather)_20260224.csv,,291.9712564,,,,,,,0.000270994,
,,,,,,,,,,,,,,,,,,,,,,,,,,,,,,,,,,,,,ECAL_Bloom(Prather)_20260224.csv,,,,,,,,,,
,,,,,,,,,,,,,,,,,,,,,,,,,,,,,,,,,,,,,ECAL_Bloom(Prather)_20260224.csv,,,,,,,,,,
,,,,,,,,,,,,,,,,,,,,,,,,,,,,,,,,,,,,,ECAL_Bloom(Prather)_20260224.csv,,,,,,,,,,
18,,,2,123.00%,2127.765947,494.446363,649.1763148,436.7608075,413.3825076,-701.8365795,1.459678534,2.422762914,15.19390233,810.5180875,0.32635462,1.621478834,5.691308399,39.11956631,0.215337975,3.325412539,0.28163246,0.194109782,6.753295281,379509.8816,3.404014992,0.369586803,1.483542741,60.54807359,119.30%,3.050412492,120.70%,119.00%,106.80%,0.049886367,123.70%,,ECAL_Bloom(Prather)_20260224.csv,,286.7485841,,,,,,,0.000264013,
,,,,,,,,,,,,,,,,,,,,,,,,,,,,,,,,,,,,,ECAL_Bloom(Prather)_20260224.csv,,,,,,,,,,
,,,,,,,,,,,,,,,,,,,,,,,,,,,,,,,,,,,,,ECAL_Bloom(Prather)_20260224.csv,,,,,,,,,,
,,,,,,,,,,,,,,,,,,,,,,,,,,,,,,,,,,,,,ECAL_Bloom(Prather)_20260224.csv,,,,,,,,,,
18,,,3,119.00%,2117.254822,492.5604255,646.4939939,434.5034038,414.2795761,-769.8175457,1.399564017,2.387870022,14.95229753,796.3360549,0.32345563,1.567583822,5.63569564,39.43397798,0.210961751,2.996773129,0.275292649,0.142068718,6.730557731,381614.566,-21.40430363,0.399771962,1.405362441,60.17881231,120.70%,3.085780415,119.80%,114.90%,105.70%,0.051827063,124.00%,,ECAL_Bloom(Prather)_20260224.csv,,286.7969935,,,,,,,0.00026955,
,,,,,,,,,,,,,,,,,,,,,,,,,,,,,,,,,,,,,ECAL_Bloom(Prather)_20260224.csv,,,,,,,,,,
,,,,,,,,,,,,,,,,,,,,,,,,,,,,,,,,,,,,,ECAL_Bloom(Prather)_20260224.csv,,,,,,,,,,
,,,,,,,,,,,,,,,,,,,,,,,,,,,,,,,,,,,,,ECAL_Bloom(Prather)_20260224.csv,,,,,,,,,,
18,,,4,123.50%,2094.388408,481.2290655,644.2301879,438.8964339,419.145069,-1038.291175,1.45431179,2.432184269,15.26878214,808.7806535,0.325873649,1.557915872,5.721069535,38.957775,0.208810585,2.756222466,0.283449808,0.197574155,6.878442307,380424.5727,-74.14046177,0.469941234,1.603505112,60.01094233,118.70%,3.066364336,118.10%,115.10%,107.50%,0.049823049,120.00%,,ECAL_Bloom(Prather)_20260224.csv,,283.3393653,,,,,,,0.000279959,
,,,,,,,,,,,,,,,,,,,,,,,,,,,,,,,,,,,,,ECAL_Bloom(Prather)_20260224.csv,,,,,,,,,,
,,,,,,,,,,,,,,,,,,,,,,,,,,,,,,,,,,,,,ECAL_Bloom(Prather)_20260224.csv,,,,,,,,,,
,,,,,,,,,,,,,,,,,,,,,,,,,,,,,,,,,,,,,ECAL_Bloom(Prather)_20260224.csv,,,,,,,,,,
18,,,5,120.00%,2107.992386,490.3021425,641.1991664,435.9254678,415.3683145,-1074.283513,1.389364007,2.387452458,15.11950681,809.9532511,0.322779616,1.57249629,5.63773602,38.8215329,0.214330194,2.817499158,0.285855957,0.184187519,6.813241835,388559.946,7.073650922,0.532852307,1.652543176,62.26186535,120.40%,3.110915941,119.00%,113.70%,104.90%,0.049867326,120.80%,,ECAL_Bloom(Prather)_20260224.csv,,285.9265253,,,,,,,0.00027487,
,,,,,,,,,,,,,,,,,,,,,,,,,,,,,,,,,,,,,ECAL_Bloom(Prather)_20260224.csv,,,,,,,,,,
,,,,,,,,,,,,,,,,,,,,,,,,,,,,,,,,,,,,,ECAL_Bloom(Prather)_20260224.csv,,,,,,,,,,
,,,,,,,,,,,,,,,,,,,,,,,,,,,,,,,,,,,,,ECAL_Bloom(Prather)_20260224.csv,,,,,,,,,,
,,,Mean:,121.70%,2115.718563,490.1847769,646.3386667,436.7839284,414.4590861,-762.8681961,1.419276519,2.400693168,15.12703217,807.7112128,0.324338224,1.577526885,5.694763393,39.32407679,0.215990284,2.999505708,0.28600199,0.185504443,6.805424714,382971.4027,-21.8135798,0.412684533,1.533175518,60.71759908,120.10%,3.063533827,119.20%,115.90%,106.90%,0.050387858,121.80%,,ECAL_Bloom(Prather)_20260224.csv,,286.9565449,,,,,,,0.000271877,
,,,RSD [%]:,1.70872064,0.70959824,1.064292044,0.584259293,0.388241344,0.789282311,44.47405819,2.44314235,1.05678828,0.78112666,0.809673541,0.508146018,1.593698168,1.115422738,1.487624983,3.948034795,7.620008566,3.734619838,13.97393649,0.924860573,0.965580369,148.7860275,22.4989229,6.369341805,1.477660204,0.86064956,1.309871551,0.865846724,1.739438349,1.586504226,1.699870492,1.582517977,,ECAL_Bloom(Prather)_20260224.csv,,1.093167553,,,,,,,2.193922555,
,,,SD:,2.10%,15.01310168,5.21699758,3.776293725,1.695775794,3.271252251,339.2784455,0.034674946,0.025370244,0.118161281,6.53982398,0.001648112,0.025141017,0.063520686,0.584994791,0.008527372,0.228562592,0.010681087,0.025922273,0.06294069,3697.896682,32.45555885,0.092849575,0.097653189,0.897199799,1.00%,0.040128358,1.00%,2.00%,1.70%,0.000856528,1.90%,,ECAL_Bloom(Prather)_20260224.csv,,3.13691584,,,,,,,5.96E-06,
,,,,,,,,,,,,,,,,,,,,,,,,,,,,,,,,,,,,,ECAL_Bloom(Prather)_20260224.csv,,,,,,,,,,
,,,,,,,,,,,,,,,,,,,,,,,,,,,,,,,,,,,,,ECAL_Bloom(Prather)_20260224.csv,,,,,,,,,,
,,,,,,,,,,,,,,,,,,,,,,,,,,,,,,,,,,,,,ECAL_Bloom(Prather)_20260224.csv,,,,,,,,,,
No,,Sample Type,Label,6Li (KED),23Na (KED) [ppb],24Mg (KED) [ppb],27Al (KED) [ppb],39K (KED) [ppb],44Ca (KED) [ppb],32S (KED) [ppb],51V (KED) [ppb],52Cr (KED) [ppb],55Mn (KED) [ppb],57Fe (KED) [ppb],59Co (KED) [ppb],60Ni (KED) [ppb],63Cu (KED) [ppb],66Zn (KED) [ppb],71Ga (KED) [ppb],72Ge (KED) [ppb],75As (KED) [ppb],77Se (KED) [ppb],88Sr (KED) [ppb],95Mo (KED) [ppb],105Pd (KED) [ppb],107Ag (KED) [ppb],111Cd (KED) [ppb],182W (KED) [ppb],45Sc (KED),208Pb (KED) [ppb],89Y (KED),113In (KED),209Bi (KED),238U (KED) [ppb],159Tb (KED),,ECAL_Bloom(Prather)_20260224.csv,,31P (KED) [ppb],,,,,,,232Th (KED) [ppm],
19,,UNKNOWN,917PMC_air,121.10%,16538.95897,1978.882677,83.72538511,618.5655564,506.8943064,566.5225302,0.16102435,2.004490252,1.718126307,92.0326847,0.049372309,3.040622246,4.96490071,23.07901639,0.027634071,0.5660747,0.084237994,0.05265946,14.8969107,188026.308,-91.8414078,1.668686432,0.481385891,27.65383986,119.60%,0.701510523,119.00%,113.10%,100.90%,0.022594872,120.90%,,ECAL_Bloom(Prather)_20260224.csv,,882.8335362,,,,,,,0.000103977,
,,,,,,,,,,,,,,,,,,,,,,,,,,,,,,,,,,,,,ECAL_Bloom(Prather)_20260224.csv,,,,,,,,,,
19,,,1,118.90%,16529.2515,1974.299381,83.94378443,624.2574481,507.9323305,1496.916245,0.160991659,2.001438072,1.724065186,94.34766002,0.054052762,3.087260614,4.971333303,22.96563743,0.028577555,0.433793713,0.086033737,0.039856285,14.85867531,182588.9017,-101.8169971,1.223965887,0.565311014,28.04416923,119.50%,0.707766554,118.90%,112.80%,100.60%,0.023458304,120.90%,,ECAL_Bloom(Prather)_20260224.csv,,886.1055137,,,,,,,9.75E-05,
,,,,,,,,,,,,,,,,,,,,,,,,,,,,,,,,,,,,,ECAL_Bloom(Prather)_20260224.csv,,,,,,,,,,
,,,,,,,,,,,,,,,,,,,,,,,,,,,,,,,,,,,,,ECAL_Bloom(Prather)_20260224.csv,,,,,,,,,,
,,,,,,,,,,,,,,,,,,,,,,,,,,,,,,,,,,,,,ECAL_Bloom(Prather)_20260224.csv,,,,,,,,,,
19,,,2,120.80%,16483.04195,1961.632435,82.94309268,611.8433502,512.0772115,592.6789367,0.160418177,2.023425624,1.732870021,91.45022837,0.045482664,2.990225513,4.908426822,22.87360446,0.028201274,0.687803565,0.083784872,0.058190871,14.86632034,190108.7766,-79.71575673,1.479856055,0.485499588,27.99765027,120.90%,0.712973978,118.50%,114.50%,100.10%,0.022442251,119.00%,,ECAL_Bloom(Prather)_20260224.csv,,876.0614943,,,,,,,0.000103468,
,,,,,,,,,,,,,,,,,,,,,,,,,,,,,,,,,,,,,ECAL_Bloom(Prather)_20260224.csv,,,,,,,,,,
,,,,,,,,,,,,,,,,,,,,,,,,,,,,,,,,,,,,,ECAL_Bloom(Prather)_20260224.csv,,,,,,,,,,
,,,,,,,,,,,,,,,,,,,,,,,,,,,,,,,,,,,,,ECAL_Bloom(Prather)_20260224.csv,,,,,,,,,,
19,,,3,120.40%,16639.09642,2004.171768,83.86871509,618.3544727,506.6151268,391.4827326,0.159016352,2.011227199,1.699218804,90.24003141,0.049682023,3.061522859,4.989419588,23.54908969,0.027726472,0.682144414,0.085745069,0.049645352,15.24749136,195363.159,-106.5015289,1.753259307,0.44384239,28.10509103,118.50%,0.700007452,117.40%,112.90%,101.10%,0.021535527,120.40%,,ECAL_Bloom(Prather)_20260224.csv,,882.3785615,,,,,,,0.000104207,
,,,,,,,,,,,,,,,,,,,,,,,,,,,,,,,,,,,,,ECAL_Bloom(Prather)_20260224.csv,,,,,,,,,,
,,,,,,,,,,,,,,,,,,,,,,,,,,,,,,,,,,,,,ECAL_Bloom(Prather)_20260224.csv,,,,,,,,,,
,,,,,,,,,,,,,,,,,,,,,,,,,,,,,,,,,,,,,ECAL_Bloom(Prather)_20260224.csv,,,,,,,,,,
19,,,4,119.80%,16511.56404,1992.349554,84.16878518,620.0687556,503.9314475,270.2682796,0.158019188,2.012011698,1.698060592,92.76274674,0.048546542,3.062963994,4.975062655,23.11229432,0.029229289,0.490271128,0.081334388,0.055421158,14.67871971,186383.1398,-77.10216839,1.910071408,0.442768952,27.00876144,119.30%,0.689640465,120.40%,112.90%,101.90%,0.022947641,122.40%,,ECAL_Bloom(Prather)_20260224.csv,,873.6414082,,,,,,,0.000106666,
,,,,,,,,,,,,,,,,,,,,,,,,,,,,,,,,,,,,,ECAL_Bloom(Prather)_20260224.csv,,,,,,,,,,
,,,,,,,,,,,,,,,,,,,,,,,,,,,,,,,,,,,,,ECAL_Bloom(Prather)_20260224.csv,,,,,,,,,,
,,,,,,,,,,,,,,,,,,,,,,,,,,,,,,,,,,,,,ECAL_Bloom(Prather)_20260224.csv,,,,,,,,,,
19,,,5,125.70%,16531.84095,1961.960248,83.70254816,618.3037553,503.9154157,81.26645748,0.166676373,1.974348668,1.736416931,91.36275694,0.049097553,3.001138251,4.980261185,22.89445606,0.024435763,0.536360679,0.084291906,0.060183636,14.83334676,185687.5628,-94.0705879,1.976279501,0.469507509,27.11352734,119.70%,0.697164164,119.70%,112.30%,100.90%,0.022590635,121.90%,,ECAL_Bloom(Prather)_20260224.csv,,895.9807035,,,,,,,0.00010807,
,,,,,,,,,,,,,,,,,,,,,,,,,,,,,,,,,,,,,ECAL_Bloom(Prather)_20260224.csv,,,,,,,,,,
,,,,,,,,,,,,,,,,,,,,,,,,,,,,,,,,,,,,,ECAL_Bloom(Prather)_20260224.csv,,,,,,,,,,
,,,,,,,,,,,,,,,,,,,,,,,,,,,,,,,,,,,,,ECAL_Bloom(Prather)_20260224.csv,,,,,,,,,,
,,,Mean:,121.10%,16538.95897,1978.882677,83.72538511,618.5655564,506.8943064,566.5225302,0.16102435,2.004490252,1.718126307,92.0326847,0.049372309,3.040622246,4.96490071,23.07901639,0.027634071,0.5660747,0.084237994,0.05265946,14.8969107,188026.308,-91.8414078,1.668686432,0.481385891,27.65383986,119.60%,0.701510523,119.00%,113.10%,100.90%,0.022594872,120.90%,,ECAL_Bloom(Prather)_20260224.csv,,882.8335362,,,,,,,0.000103977,
,,,RSD [%]:,2.191194917,0.358338844,0.954081552,0.559369623,0.722796924,0.666606198,97.4916776,2.091683615,0.926070153,1.06819475,1.708868815,6.233683572,1.396283026,0.650403414,1.208548024,6.768633069,20.22247194,2.231576439,15.53937745,1.411892947,2.604134147,14.23498697,18.7952844,10.43963253,1.965938655,0.746842582,1.299855307,0.958011292,0.742167601,0.664490007,3.141590765,1.090479557,,ECAL_Bloom(Prather)_20260224.csv,,1.003775604,,,,,,,3.924050604,
,,,SD:,2.70%,59.2655144,18.88015456,0.468334371,4.470972817,3.378988863,552.3123187,0.00336812,0.018562986,0.018352935,1.572717849,0.003077714,0.042455692,0.032291884,0.278920997,0.001870449,0.114474297,0.001879835,0.008182952,0.210328431,4896.457291,13.07361243,0.313634361,0.050254918,0.543657527,0.90%,0.009118622,1.10%,0.80%,0.70%,0.000709838,1.30%,,ECAL_Bloom(Prather)_20260224.csv,,8.861667657,,,,,,,4.08E-06,
,,,,,,,,,,,,,,,,,,,,,,,,,,,,,,,,,,,,,ECAL_Bloom(Prather)_20260224.csv,,,,,,,,,,
,,,,,,,,,,,,,,,,,,,,,,,,,,,,,,,,,,,,,ECAL_Bloom(Prather)_20260224.csv,,,,,,,,,,
,,,,,,,,,,,,,,,,,,,,,,,,,,,,,,,,,,,,,ECAL_Bloom(Prather)_20260224.csv,,,,,,,,,,
No,,Sample Type,Label,6Li (KED),23Na (KED) [ppb],24Mg (KED) [ppb],27Al (KED) [ppb],39K (KED) [ppb],44Ca (KED) [ppb],32S (KED) [ppb],51V (KED) [ppb],52Cr (KED) [ppb],55Mn (KED) [ppb],57Fe (KED) [ppb],59Co (KED) [ppb],60Ni (KED) [ppb],63Cu (KED) [ppb],66Zn (KED) [ppb],71Ga (KED) [ppb],72Ge (KED) [ppb],75As (KED) [ppb],77Se (KED) [ppb],88Sr (KED) [ppb],95Mo (KED) [ppb],105Pd (KED) [ppb],107Ag (KED) [ppb],111Cd (KED) [ppb],182W (KED) [ppb],45Sc (KED),208Pb (KED) [ppb],89Y (KED),113In (KED),209Bi (KED),238U (KED) [ppb],159Tb (KED),,ECAL_Bloom(Prather)_20260224.csv,,31P (KED) [ppb],,,,,,,232Th (KED) [ppm],
20,,UNKNOWN,918AMS_air,122.40%,427.086027,107.4153654,418.8514953,96.98127318,223.0212631,-1096.008994,0.394609113,2.010494768,3.179745886,177.6593193,0.073582602,2.123295904,6.129392455,19.58286268,0.066223055,0.76929288,0.165691172,0.05214153,2.117362483,460606.5129,-44.0027826,0.46057608,0.816764995,33.54881688,122.10%,1.406640719,120.90%,115.80%,105.00%,0.018035865,120.40%,,ECAL_Bloom(Prather)_20260224.csv,,260.4423796,,,,,,,9.19E-05,
,,,,,,,,,,,,,,,,,,,,,,,,,,,,,,,,,,,,,ECAL_Bloom(Prather)_20260224.csv,,,,,,,,,,
20,,,1,123.40%,427.1289413,106.6105484,417.4239878,97.06856478,221.7204771,-305.4875416,0.402425429,2.024123092,3.212766822,179.5560052,0.071800815,2.169099028,6.254990237,19.88656494,0.064099177,0.715822794,0.16998855,0.044188644,2.130060689,456530.08,-46.99585844,0.333936854,0.729502158,32.71961963,120.10%,1.407082503,119.50%,116.40%,106.10%,0.017803033,122.50%,,ECAL_Bloom(Prather)_20260224.csv,,262.7876298,,,,,,,8.99E-05,
,,,,,,,,,,,,,,,,,,,,,,,,,,,,,,,,,,,,,ECAL_Bloom(Prather)_20260224.csv,,,,,,,,,,
,,,,,,,,,,,,,,,,,,,,,,,,,,,,,,,,,,,,,ECAL_Bloom(Prather)_20260224.csv,,,,,,,,,,
,,,,,,,,,,,,,,,,,,,,,,,,,,,,,,,,,,,,,ECAL_Bloom(Prather)_20260224.csv,,,,,,,,,,
20,,,2,122.70%,422.4065624,108.8194266,426.6874082,98.00432272,222.2311621,-1056.956808,0.402786858,2.016437483,3.197565022,176.8920337,0.073298548,2.146479529,6.174713589,19.76778299,0.061116849,1.013108656,0.168343686,0.048637537,2.152654779,455406.942,-73.41984742,0.399439914,0.780428579,33.17160626,120.20%,1.406047606,119.90%,115.70%,104.80%,0.018430022,119.90%,,ECAL_Bloom(Prather)_20260224.csv,,258.266354,,,,,,,9.13E-05,
,,,,,,,,,,,,,,,,,,,,,,,,,,,,,,,,,,,,,ECAL_Bloom(Prather)_20260224.csv,,,,,,,,,,
,,,,,,,,,,,,,,,,,,,,,,,,,,,,,,,,,,,,,ECAL_Bloom(Prather)_20260224.csv,,,,,,,,,,
,,,,,,,,,,,,,,,,,,,,,,,,,,,,,,,,,,,,,ECAL_Bloom(Prather)_20260224.csv,,,,,,,,,,
20,,,3,120.20%,429.3341282,109.1481198,418.5196207,96.82863299,223.3845044,-1159.25676,0.391319279,2.006873727,3.180376441,178.3723299,0.075974183,2.132548095,6.055649458,19.3698386,0.061607189,0.565466819,0.157570988,0.049528791,2.035641823,466260.2779,-50.07924062,0.500142814,0.979806697,32.98122905,122.20%,1.429153105,123.50%,117.20%,103.60%,0.018291943,118.70%,,ECAL_Bloom(Prather)_20260224.csv,,257.6377469,,,,,,,9.10E-05,
,,,,,,,,,,,,,,,,,,,,,,,,,,,,,,,,,,,,,ECAL_Bloom(Prather)_20260224.csv,,,,,,,,,,
,,,,,,,,,,,,,,,,,,,,,,,,,,,,,,,,,,,,,ECAL_Bloom(Prather)_20260224.csv,,,,,,,,,,
,,,,,,,,,,,,,,,,,,,,,,,,,,,,,,,,,,,,,ECAL_Bloom(Prather)_20260224.csv,,,,,,,,,,
20,,,4,124.80%,420.5143924,105.8126739,414.1990526,95.61817853,223.112956,-1456.37544,0.394335665,2.018562678,3.150985296,176.235656,0.074437176,2.09626866,6.082092636,19.63021526,0.072297722,0.762920192,0.166160388,0.050271768,2.14521034,462659.0912,-43.34536242,0.540977865,0.689118792,35.2042995,123.40%,1.411963324,120.70%,115.00%,104.50%,0.017979507,120.50%,,ECAL_Bloom(Prather)_20260224.csv,,262.3524426,,,,,,,9.27E-05,
,,,,,,,,,,,,,,,,,,,,,,,,,,,,,,,,,,,,,ECAL_Bloom(Prather)_20260224.csv,,,,,,,,,,
,,,,,,,,,,,,,,,,,,,,,,,,,,,,,,,,,,,,,ECAL_Bloom(Prather)_20260224.csv,,,,,,,,,,
,,,,,,,,,,,,,,,,,,,,,,,,,,,,,,,,,,,,,ECAL_Bloom(Prather)_20260224.csv,,,,,,,,,,
20,,,5,120.90%,436.0461108,106.6860585,417.4274073,97.3866669,224.657216,-1501.968421,0.382178335,1.986476861,3.157035849,177.2405715,0.07240229,2.072084207,6.079516357,19.25991161,0.071994338,0.789145938,0.166392248,0.06808091,2.123244784,462176.1731,-6.173604093,0.528382954,0.904968749,33.66732994,124.50%,1.378957057,120.80%,114.80%,105.70%,0.01767482,120.60%,,ECAL_Bloom(Prather)_20260224.csv,,261.1677247,,,,,,,9.45E-05,
,,,,,,,,,,,,,,,,,,,,,,,,,,,,,,,,,,,,,ECAL_Bloom(Prather)_20260224.csv,,,,,,,,,,
,,,,,,,,,,,,,,,,,,,,,,,,,,,,,,,,,,,,,ECAL_Bloom(Prather)_20260224.csv,,,,,,,,,,
,,,,,,,,,,,,,,,,,,,,,,,,,,,,,,,,,,,,,ECAL_Bloom(Prather)_20260224.csv,,,,,,,,,,
,,,Mean:,122.40%,427.086027,107.4153654,418.8514953,96.98127318,223.0212631,-1096.008994,0.394609113,2.010494768,3.179745886,177.6593193,0.073582602,2.123295904,6.129392455,19.58286268,0.066223055,0.76929288,0.165691172,0.05214153,2.117362483,460606.5129,-44.0027826,0.46057608,0.816764995,33.54881688,122.10%,1.406640719,120.90%,115.80%,105.00%,0.018035865,120.40%,,ECAL_Bloom(Prather)_20260224.csv,,260.4423796,,,,,,,9.19E-05,
,,,RSD [%]:,1.520947935,1.435857336,1.374716808,1.1148712,0.907731461,0.507936315,43.87873633,2.170337519,0.736116229,0.824783852,0.739098877,2.263746907,1.835274994,1.364795207,1.347066546,8.342920167,20.98887765,2.896835327,17.67949611,2.227161494,0.984750388,54.99845288,19.54161099,14.94389871,2.945755595,1.576531811,1.282637521,1.26969815,0.841552981,0.93525273,1.772240892,1.158892718,,ECAL_Bloom(Prather)_20260224.csv,,0.906095955,,,,,,,1.910651173,
,,,SD:,1.90%,6.13234605,1.476657083,4.669654691,0.880329528,1.132805986,480.9148968,0.00856435,0.014799578,0.026226031,1.313078033,0.001665724,0.038968319,0.083653654,0.263794192,0.005524937,0.161465941,0.0047998,0.00921836,0.047157082,4535.824421,24.20084965,0.090003986,0.122056534,0.98826615,1.90%,0.018042102,1.50%,1.00%,1.00%,0.000319639,1.40%,,ECAL_Bloom(Prather)_20260224.csv,,2.359857866,,,,,,,1.76E-06,
,,,,,,,,,,,,,,,,,,,,,,,,,,,,,,,,,,,,,ECAL_Bloom(Prather)_20260224.csv,,,,,,,,,,
,,,,,,,,,,,,,,,,,,,,,,,,,,,,,,,,,,,,,ECAL_Bloom(Prather)_20260224.csv,,,,,,,,,,
,,,,,,,,,,,,,,,,,,,,,,,,,,,,,,,,,,,,,ECAL_Bloom(Prather)_20260224.csv,,,,,,,,,,
No,,Sample Type,Label,6Li (KED),23Na (KED) [ppb],24Mg (KED) [ppb],27Al (KED) [ppb],39K (KED) [ppb],44Ca (KED) [ppb],32S (KED) [ppb],51V (KED) [ppb],52Cr (KED) [ppb],55Mn (KED) [ppb],57Fe (KED) [ppb],59Co (KED) [ppb],60Ni (KED) [ppb],63Cu (KED) [ppb],66Zn (KED) [ppb],71Ga (KED) [ppb],72Ge (KED) [ppb],75As (KED) [ppb],77Se (KED) [ppb],88Sr (KED) [ppb],95Mo (KED) [ppb],105Pd (KED) [ppb],107Ag (KED) [ppb],111Cd (KED) [ppb],182W (KED) [ppb],45Sc (KED),208Pb (KED) [ppb],89Y (KED),113In (KED),209Bi (KED),238U (KED) [ppb],159Tb (KED),,ECAL_Bloom(Prather)_20260224.csv,,31P (KED) [ppb],,,,,,,232Th (KED) [ppm],
21,,UNKNOWN,918AMC_air,125.10%,20303.5017,2415.195911,83.60415804,744.4675011,611.6048515,1027.867892,0.189137123,2.027141351,2.240997602,110.4903869,0.054426814,1.326590622,4.648559067,21.00118855,0.025642913,0.578303377,0.122008085,0.052397823,17.27118258,243585.2285,-92.4364854,1.397122046,0.457799448,20.85799962,122.90%,1.074874137,122.70%,114.40%,99.70%,0.014205395,122.70%,,ECAL_Bloom(Prather)_20260224.csv,,981.4247327,,,,,,,0.000112923,
,,,,,,,,,,,,,,,,,,,,,,,,,,,,,,,,,,,,,ECAL_Bloom(Prather)_20260224.csv,,,,,,,,,,
21,,,1,126.70%,20128.42868,2385.570073,82.06445443,729.964762,613.5473449,1265.419029,0.180815434,2.022395004,2.246146104,108.9701632,0.05549242,1.339914561,4.682561049,21.3564158,0.026337881,0.543442362,0.119438779,0.061625124,17.41354864,247778.5895,-84.87622624,1.011911678,0.496921158,21.52077921,122.10%,1.074390728,120.90%,113.50%,99.00%,0.014540564,121.00%,,ECAL_Bloom(Prather)_20260224.csv,,982.7319032,,,,,,,0.000108422,
,,,,,,,,,,,,,,,,,,,,,,,,,,,,,,,,,,,,,ECAL_Bloom(Prather)_20260224.csv,,,,,,,,,,
,,,,,,,,,,,,,,,,,,,,,,,,,,,,,,,,,,,,,ECAL_Bloom(Prather)_20260224.csv,,,,,,,,,,
,,,,,,,,,,,,,,,,,,,,,,,,,,,,,,,,,,,,,ECAL_Bloom(Prather)_20260224.csv,,,,,,,,,,
21,,,2,121.00%,20663.8633,2462.571444,84.75573307,737.9755003,611.0341001,1261.350629,0.1929945,2.067066193,2.255161914,111.173148,0.053245173,1.343638673,4.687061141,21.36168571,0.023513262,0.690695184,0.127697221,0.059236318,17.10661802,243620.2236,-125.2379601,1.215629274,0.537704594,20.89197424,121.30%,1.071282583,121.60%,113.30%,99.40%,0.015154135,122.90%,,ECAL_Bloom(Prather)_20260224.csv,,979.1734801,,,,,,,0.000109754,
,,,,,,,,,,,,,,,,,,,,,,,,,,,,,,,,,,,,,ECAL_Bloom(Prather)_20260224.csv,,,,,,,,,,
,,,,,,,,,,,,,,,,,,,,,,,,,,,,,,,,,,,,,ECAL_Bloom(Prather)_20260224.csv,,,,,,,,,,
,,,,,,,,,,,,,,,,,,,,,,,,,,,,,,,,,,,,,ECAL_Bloom(Prather)_20260224.csv,,,,,,,,,,
21,,,3,126.90%,20369.06876,2366.574466,83.44114771,762.422809,604.4972919,871.6770107,0.189056387,2.019155452,2.226941001,110.6746481,0.053051229,1.289608867,4.64153097,20.73818717,0.03139525,0.635225883,0.121029393,0.040576623,17.4771824,244821.4659,-142.2647574,1.533991361,0.437181669,21.96086363,125.10%,1.067658302,122.60%,114.30%,100.00%,0.013646675,124.00%,,ECAL_Bloom(Prather)_20260224.csv,,973.9205605,,,,,,,0.000114502,
,,,,,,,,,,,,,,,,,,,,,,,,,,,,,,,,,,,,,ECAL_Bloom(Prather)_20260224.csv,,,,,,,,,,
,,,,,,,,,,,,,,,,,,,,,,,,,,,,,,,,,,,,,ECAL_Bloom(Prather)_20260224.csv,,,,,,,,,,
,,,,,,,,,,,,,,,,,,,,,,,,,,,,,,,,,,,,,ECAL_Bloom(Prather)_20260224.csv,,,,,,,,,,
21,,,4,124.80%,20256.2428,2445.208432,84.7933015,755.7949136,614.5979866,1013.292016,0.192508145,2.000158954,2.237091482,110.3249645,0.056723585,1.332028969,4.641637921,20.80357061,0.023395539,0.620789855,0.119952769,0.049263458,17.05569818,241886.434,-65.79081274,1.530691954,0.3945623,20.14210163,122.60%,1.086426786,124.20%,115.00%,100.00%,0.013483739,123.40%,,ECAL_Bloom(Prather)_20260224.csv,,983.3371083,,,,,,,0.000113654,
,,,,,,,,,,,,,,,,,,,,,,,,,,,,,,,,,,,,,ECAL_Bloom(Prather)_20260224.csv,,,,,,,,,,
,,,,,,,,,,,,,,,,,,,,,,,,,,,,,,,,,,,,,ECAL_Bloom(Prather)_20260224.csv,,,,,,,,,,
,,,,,,,,,,,,,,,,,,,,,,,,,,,,,,,,,,,,,ECAL_Bloom(Prather)_20260224.csv,,,,,,,,,,
21,,,5,126.20%,20099.90496,2416.05514,82.96615348,736.1795207,614.3475341,727.6007757,0.190311146,2.026931154,2.239647508,111.3090107,0.053621661,1.32776204,4.590004256,20.74608346,0.023572633,0.401363601,0.121922262,0.051287591,17.30286564,239819.4295,-44.01267058,1.693385964,0.422627519,19.77427939,123.50%,1.074612286,124.40%,116.00%,100.20%,0.014201862,122.00%,,ECAL_Bloom(Prather)_20260224.csv,,987.9606113,,,,,,,0.000118281,
,,,,,,,,,,,,,,,,,,,,,,,,,,,,,,,,,,,,,ECAL_Bloom(Prather)_20260224.csv,,,,,,,,,,
,,,,,,,,,,,,,,,,,,,,,,,,,,,,,,,,,,,,,ECAL_Bloom(Prather)_20260224.csv,,,,,,,,,,
,,,,,,,,,,,,,,,,,,,,,,,,,,,,,,,,,,,,,ECAL_Bloom(Prather)_20260224.csv,,,,,,,,,,
,,,Mean:,125.10%,20303.5017,2415.195911,83.60415804,744.4675011,611.6048515,1027.867892,0.189137123,2.027141351,2.240997602,110.4903869,0.054426814,1.326590622,4.648559067,21.00118855,0.025642913,0.578303377,0.122008085,0.052397823,17.27118258,243585.2285,-92.4364854,1.397122046,0.457799448,20.85799962,122.90%,1.074874137,122.70%,114.40%,99.70%,0.014205395,122.70%,,ECAL_Bloom(Prather)_20260224.csv,,981.4247327,,,,,,,0.000112923,
,,,RSD [%]:,1.931711815,1.124467752,1.654583694,1.408228687,1.865933656,0.689329042,23.1105939,2.601997865,1.21045686,0.468967909,0.847654584,2.955111273,1.628461488,0.84450226,1.560200112,13.43060889,19.37166058,2.72321422,16.04442152,1.072410747,1.234692791,44.17899395,19.78628518,12.72587378,4.383398681,1.193727896,0.655764514,1.238870901,1.000252396,0.507953919,4.781495144,0.983470374,,ECAL_Bloom(Prather)_20260224.csv,,0.533027117,,,,,,,3.487602933,
,,,SD:,2.40%,228.3063291,39.96143773,1.177337737,13.89126967,4.215969863,237.5463744,0.004921344,0.024537672,0.01050956,0.936576829,0.001608373,0.021603017,0.039257186,0.327660567,0.003443999,0.112026967,0.003322542,0.008406928,0.185218018,3007.529258,40.8375093,0.276438552,0.05825898,0.91428928,1.50%,0.007048643,1.50%,1.10%,0.50%,0.00067923,1.20%,,ECAL_Bloom(Prather)_20260224.csv,,5.23125996,,,,,,,3.94E-06,
,,,,,,,,,,,,,,,,,,,,,,,,,,,,,,,,,,,,,ECAL_Bloom(Prather)_20260224.csv,,,,,,,,,,
,,,,,,,,,,,,,,,,,,,,,,,,,,,,,,,,,,,,,ECAL_Bloom(Prather)_20260224.csv,,,,,,,,,,
,,,,,,,,,,,,,,,,,,,,,,,,,,,,,,,,,,,,,ECAL_Bloom(Prather)_20260224.csv,,,,,,,,,,
No,,Sample Type,Label,6Li (KED),23Na (KED) [ppb],24Mg (KED) [ppb],27Al (KED) [ppb],39K (KED) [ppb],44Ca (KED) [ppb],32S (KED) [ppb],51V (KED) [ppb],52Cr (KED) [ppb],55Mn (KED) [ppb],57Fe (KED) [ppb],59Co (KED) [ppb],60Ni (KED) [ppb],63Cu (KED) [ppb],66Zn (KED) [ppb],71Ga (KED) [ppb],72Ge (KED) [ppb],75As (KED) [ppb],77Se (KED) [ppb],88Sr (KED) [ppb],95Mo (KED) [ppb],105Pd (KED) [ppb],107Ag (KED) [ppb],111Cd (KED) [ppb],182W (KED) [ppb],45Sc (KED),208Pb (KED) [ppb],89Y (KED),113In (KED),209Bi (KED),238U (KED) [ppb],159Tb (KED),,ECAL_Bloom(Prather)_20260224.csv,,31P (KED) [ppb],,,,,,,232Th (KED) [ppm],
22,,UNKNOWN,UlvaMB,120.40%,59.85518816,40.87089665,15.46352223,40.16648688,260.8777111,-673.657737,0.010765802,0.188376077,0.243416613,6.778248862,0.00843635,0.25262223,0.624896414,11.83797892,0.004998656,0.031345064,0.015329282,0.003302027,0.902930386,6600.201174,2.382057018,-0.021828944,0.230365942,4.112031967,118.60%,0.1794513,114.90%,111.30%,103.40%,0.001146868,115.00%,,ECAL_Bloom(Prather)_20260224.csv,,13.66449833,,,,,,,4.11E-05,
,,,,,,,,,,,,,,,,,,,,,,,,,,,,,,,,,,,,,ECAL_Bloom(Prather)_20260224.csv,,,,,,,,,,
22,,,1,122.70%,60.07396949,40.15652769,15.29288168,40.42200808,260.2649007,-350.2020288,0.008848869,0.18340817,0.262758347,7.036034436,0.008635027,0.248622935,0.622352319,11.84912722,0.003974367,0.08946829,0.014281173,0.003205036,0.882368593,6344.614881,3.539975262,-0.02534124,0.232066236,3.798664113,118.00%,0.178310613,116.20%,109.60%,103.40%,0.001160784,115.10%,,ECAL_Bloom(Prather)_20260224.csv,,13.78050406,,,,,,,4.07E-05,
,,,,,,,,,,,,,,,,,,,,,,,,,,,,,,,,,,,,,ECAL_Bloom(Prather)_20260224.csv,,,,,,,,,,
,,,,,,,,,,,,,,,,,,,,,,,,,,,,,,,,,,,,,ECAL_Bloom(Prather)_20260224.csv,,,,,,,,,,
,,,,,,,,,,,,,,,,,,,,,,,,,,,,,,,,,,,,,ECAL_Bloom(Prather)_20260224.csv,,,,,,,,,,
22,,,2,122.80%,58.94858478,40.83059371,15.45789559,39.75174955,260.2985051,-585.9881586,0.012149811,0.186528724,0.240670949,6.538323893,0.009129476,0.240805351,0.644691907,11.80241864,0.005121985,0.058518878,0.015303324,-0.003830663,0.897460672,6525.482239,8.256629513,-0.041925316,0.275517028,4.314775639,119.50%,0.180269431,116.00%,112.40%,103.30%,0.001031777,115.20%,,ECAL_Bloom(Prather)_20260224.csv,,13.61132969,,,,,,,4.03E-05,
,,,,,,,,,,,,,,,,,,,,,,,,,,,,,,,,,,,,,ECAL_Bloom(Prather)_20260224.csv,,,,,,,,,,
,,,,,,,,,,,,,,,,,,,,,,,,,,,,,,,,,,,,,ECAL_Bloom(Prather)_20260224.csv,,,,,,,,,,
,,,,,,,,,,,,,,,,,,,,,,,,,,,,,,,,,,,,,ECAL_Bloom(Prather)_20260224.csv,,,,,,,,,,
22,,,3,120.40%,59.22680898,41.43826305,15.74780856,40.42994568,265.0500422,-854.411937,0.010830317,0.191898925,0.237380895,6.563810658,0.007927584,0.254972886,0.621666164,11.71306012,0.004227392,-0.017897064,0.017099446,0.000818053,0.889192109,7208.704788,-47.23175022,-0.04747111,0.268522997,3.988978065,118.80%,0.175355735,117.40%,111.70%,104.00%,0.001283488,115.00%,,ECAL_Bloom(Prather)_20260224.csv,,13.41798354,,,,,,,4.05E-05,
,,,,,,,,,,,,,,,,,,,,,,,,,,,,,,,,,,,,,ECAL_Bloom(Prather)_20260224.csv,,,,,,,,,,
,,,,,,,,,,,,,,,,,,,,,,,,,,,,,,,,,,,,,ECAL_Bloom(Prather)_20260224.csv,,,,,,,,,,
,,,,,,,,,,,,,,,,,,,,,,,,,,,,,,,,,,,,,ECAL_Bloom(Prather)_20260224.csv,,,,,,,,,,
22,,,4,118.90%,60.33240528,41.00632351,15.39300155,40.3355206,260.286607,-699.3454862,0.010852776,0.193202306,0.246734708,6.837319978,0.007805837,0.250312696,0.621948841,11.78750444,0.00671457,0.02888321,0.0152895,0.010549836,0.923283175,6869.064595,8.591855773,-0.00750154,0.244214893,4.274523454,119.30%,0.179117187,112.30%,112.10%,104.40%,0.001038502,115.00%,,ECAL_Bloom(Prather)_20260224.csv,,14.02218735,,,,,,,4.09E-05,
,,,,,,,,,,,,,,,,,,,,,,,,,,,,,,,,,,,,,ECAL_Bloom(Prather)_20260224.csv,,,,,,,,,,
,,,,,,,,,,,,,,,,,,,,,,,,,,,,,,,,,,,,,ECAL_Bloom(Prather)_20260224.csv,,,,,,,,,,
,,,,,,,,,,,,,,,,,,,,,,,,,,,,,,,,,,,,,ECAL_Bloom(Prather)_20260224.csv,,,,,,,,,,
22,,,5,117.00%,60.69417225,40.92277529,15.42602377,39.89321049,258.4885005,-878.3410744,0.011147237,0.186842257,0.229538163,6.915755345,0.008683824,0.268397283,0.613822841,12.03778418,0.004954968,-0.002247995,0.014672969,0.005767876,0.922347382,6053.139368,38.75357476,0.013094485,0.131508554,4.183218562,117.50%,0.184203534,112.80%,110.60%,101.70%,0.001219789,114.70%,,ECAL_Bloom(Prather)_20260224.csv,,13.49048698,,,,,,,4.32E-05,
,,,,,,,,,,,,,,,,,,,,,,,,,,,,,,,,,,,,,ECAL_Bloom(Prather)_20260224.csv,,,,,,,,,,
,,,,,,,,,,,,,,,,,,,,,,,,,,,,,,,,,,,,,ECAL_Bloom(Prather)_20260224.csv,,,,,,,,,,
,,,,,,,,,,,,,,,,,,,,,,,,,,,,,,,,,,,,,ECAL_Bloom(Prather)_20260224.csv,,,,,,,,,,
,,,Mean:,120.40%,59.85518816,40.87089665,15.46352223,40.16648688,260.8777111,-673.657737,0.010765802,0.188376077,0.243416613,6.778248862,0.00843635,0.25262223,0.624896414,11.83797892,0.004998656,0.031345064,0.015329282,0.003302027,0.902930386,6600.201174,2.382057018,-0.021828944,0.230365942,4.112031967,118.60%,0.1794513,114.90%,111.30%,103.40%,0.001146868,115.00%,,ECAL_Bloom(Prather)_20260224.csv,,13.66449833,,,,,,,4.11E-05,
,,,RSD [%]:,2.088854454,1.237977162,1.131121823,1.102911868,0.797035127,0.942399578,32.14207474,11.13414118,2.158757086,5.121622389,3.235589446,6.593153923,4.033692903,1.859479107,1.029952247,21.46618794,139.755925,7.044899288,162.8516255,2.09601091,6.829529844,1303.904197,114.4957184,25.18299128,5.242927775,0.725227258,1.793621372,1.960874386,1.04067351,0.980362152,9.666861761,0.147855565,,ECAL_Bloom(Prather)_20260224.csv,,1.774861032,,,,,,,2.903899199,
,,,SD:,2.50%,0.74099356,0.462299631,0.170549022,0.32014101,2.458510448,216.5275733,0.00119868,0.004066582,0.01246688,0.219316305,0.000556222,0.010190005,0.011619818,0.12192553,0.001073021,0.043806584,0.001079933,0.005377405,0.018925519,450.762709,31.05974142,0.024993206,0.058013035,0.215590866,0.90%,0.003218677,2.30%,1.20%,1.00%,0.000110866,0.20%,,ECAL_Bloom(Prather)_20260224.csv,,0.242525856,,,,,,,1.19E-06,
,,,,,,,,,,,,,,,,,,,,,,,,,,,,,,,,,,,,,ECAL_Bloom(Prather)_20260224.csv,,,,,,,,,,
,,,,,,,,,,,,,,,,,,,,,,,,,,,,,,,,,,,,,ECAL_Bloom(Prather)_20260224.csv,,,,,,,,,,
,,,,,,,,,,,,,,,,,,,,,,,,,,,,,,,,,,,,,ECAL_Bloom(Prather)_20260224.csv,,,,,,,,,,
No,,Sample Type,Label,6Li (KED),23Na (KED) [ppb],24Mg (KED) [ppb],27Al (KED) [ppb],39K (KED) [ppb],44Ca (KED) [ppb],32S (KED) [ppb],51V (KED) [ppb],52Cr (KED) [ppb],55Mn (KED) [ppb],57Fe (KED) [ppb],59Co (KED) [ppb],60Ni (KED) [ppb],63Cu (KED) [ppb],66Zn (KED) [ppb],71Ga (KED) [ppb],72Ge (KED) [ppb],75As (KED) [ppb],77Se (KED) [ppb],88Sr (KED) [ppb],95Mo (KED) [ppb],105Pd (KED) [ppb],107Ag (KED) [ppb],111Cd (KED) [ppb],182W (KED) [ppb],45Sc (KED),208Pb (KED) [ppb],89Y (KED),113In (KED),209Bi (KED),238U (KED) [ppb],159Tb (KED),,ECAL_Bloom(Prather)_20260224.csv,,31P (KED) [ppb],,,,,,,232Th (KED) [ppm],
23,,UNKNOWN,FoamD,118.70%,1667.662457,1241.994331,315.1437288,316.4803911,1531.692945,5716.05855,0.917884164,1.081346662,12.56919917,435.6227394,0.315691685,5.799976946,13.1939347,77.10792389,0.104807628,1.522623043,0.432654885,0.129090178,59.16867289,189637.3681,-6.586308356,1.430417796,4.607930989,17.85937988,110.10%,0.858469053,110.60%,107.70%,103.90%,0.2014475,109.80%,,ECAL_Bloom(Prather)_20260224.csv,,438.5008359,,,,,,,9.77E-05,
,,,Foam,,296343.6186,220702.3926,56001.04061,56238.5655,272181.8363,1015743.604,163.1080159,192.1553018,2233.546693,77410.16079,56.09841242,1030.655903,2344.562196,13702.07808,18.6243155,270.5701147,76.88277306,22.93932463,10514.27317,33698560.31,-1170.386995,254.1852423,818.8293367,3173.611805,195.6477,152.5499507,196.5362,191.3829,184.6303,35.79722075,195.1146,,ECAL_Bloom(Prather)_20260224.csv,,77921.59854,,,,,,,,
23,,,1,120.80%,1669.84003,1274.097569,318.3069013,314.2147608,1558.518507,5890.19089,0.904346701,1.086244388,12.72511654,440.4394273,0.315724771,5.876886034,13.22941476,78.61421091,0.098672933,1.836791427,0.429132773,0.108325107,61.4957833,184678.6006,-0.877931867,2.202345171,4.198443554,16.68282628,111.60%,0.854365103,112.50%,110.30%,105.50%,0.193034752,110.70%,,ECAL_Bloom(Prather)_20260224.csv,,447.7056433,,,,,,,8.38E-05,
,,,,,,,,,,,,,,,,,,,,,,,,,,,,,,,,,,,,,ECAL_Bloom(Prather)_20260224.csv,,,,,,,,,,
,,,,,,,,,,,,,,,,,,,,,,,,,,,,,,,,,,,,,ECAL_Bloom(Prather)_20260224.csv,,,,,,,,,,
,,,,,,,,,,,,,,,,,,,,,,,,,,,,,,,,,,,,,ECAL_Bloom(Prather)_20260224.csv,,,,,,,,,,
23,,,2,121.70%,1665.211679,1205.665418,310.3624314,312.96971,1537.786957,5414.088293,0.90624794,1.064275787,12.38243939,433.4782769,0.310415192,5.703096647,13.13612286,76.8750202,0.091979866,1.651029281,0.426059321,0.138246977,55.29116598,191754.3895,-24.64625613,3.456057519,4.587528557,17.63165208,111.80%,0.866553959,111.70%,107.70%,104.50%,0.193696131,108.70%,,ECAL_Bloom(Prather)_20260224.csv,,439.9905876,,,,,,,9.34E-05,
,,,,,,,,,,,,,,,,,,,,,,,,,,,,,,,,,,,,,ECAL_Bloom(Prather)_20260224.csv,,,,,,,,,,
,,,,,,,,,,,,,,,,,,,,,,,,,,,,,,,,,,,,,ECAL_Bloom(Prather)_20260224.csv,,,,,,,,,,
,,,,,,,,,,,,,,,,,,,,,,,,,,,,,,,,,,,,,ECAL_Bloom(Prather)_20260224.csv,,,,,,,,,,
23,,,3,119.80%,1666.229071,1256.595258,312.5125999,315.6123207,1519.197613,5288.713748,0.9217447,1.076515469,12.57401581,436.0927336,0.313263377,5.741508444,13.17322293,77.03575606,0.103120176,1.436124277,0.432916915,0.121678056,60.00369895,189391.181,17.93399461,-0.303174763,4.629924652,17.91015908,109.80%,0.856137296,111.70%,108.60%,103.90%,0.200456882,112.60%,,ECAL_Bloom(Prather)_20260224.csv,,445.6258142,,,,,,,9.62E-05,
,,,,,,,,,,,,,,,,,,,,,,,,,,,,,,,,,,,,,ECAL_Bloom(Prather)_20260224.csv,,,,,,,,,,
,,,,,,,,,,,,,,,,,,,,,,,,,,,,,,,,,,,,,ECAL_Bloom(Prather)_20260224.csv,,,,,,,,,,
,,,,,,,,,,,,,,,,,,,,,,,,,,,,,,,,,,,,,ECAL_Bloom(Prather)_20260224.csv,,,,,,,,,,
23,,,4,114.20%,1690.203657,1245.481977,320.5421962,320.3648725,1523.219148,6002.697219,0.940391286,1.088936919,12.67405472,437.2592284,0.317595962,5.898158666,13.28883055,77.09039988,0.115514041,1.300402679,0.435981944,0.124450705,60.8769252,184620.8552,-2.666336475,2.100035814,4.928733114,18.26073942,108.90%,0.836841564,108.80%,105.50%,103.30%,0.203752803,108.30%,,ECAL_Bloom(Prather)_20260224.csv,,433.0736749,,,,,,,0.00010261,
,,,,,,,,,,,,,,,,,,,,,,,,,,,,,,,,,,,,,ECAL_Bloom(Prather)_20260224.csv,,,,,,,,,,
,,,,,,,,,,,,,,,,,,,,,,,,,,,,,,,,,,,,,ECAL_Bloom(Prather)_20260224.csv,,,,,,,,,,
,,,,,,,,,,,,,,,,,,,,,,,,,,,,,,,,,,,,,ECAL_Bloom(Prather)_20260224.csv,,,,,,,,,,
23,,,5,117.10%,1646.82785,1228.131435,313.9945153,319.2402914,1519.742499,5984.602599,0.916690194,1.090760745,12.4903694,430.8440309,0.321459122,5.780234939,13.14208239,75.92423242,0.114751122,1.388767549,0.439183473,0.152750048,58.17579103,197741.8141,-22.67501192,-0.303174763,4.695025068,18.81152256,108.30%,0.878447342,108.40%,106.20%,102.40%,0.216296931,108.80%,,ECAL_Bloom(Prather)_20260224.csv,,426.1084597,,,,,,,0.000112528,
,,,,,,,,,,,,,,,,,,,,,,,,,,,,,,,,,,,,,ECAL_Bloom(Prather)_20260224.csv,,,,,,,,,,
,,,,,,,,,,,,,,,,,,,,,,,,,,,,,,,,,,,,,ECAL_Bloom(Prather)_20260224.csv,,,,,,,,,,
,,,,,,,,,,,,,,,,,,,,,,,,,,,,,,,,,,,,,ECAL_Bloom(Prather)_20260224.csv,,,,,,,,,,
,,,Mean:,118.70%,1667.662457,1241.994331,315.1437288,316.4803911,1531.692945,5716.05855,0.917884164,1.081346662,12.56919917,435.6227394,0.315691685,5.799976946,13.1939347,77.10792389,0.104807628,1.522623043,0.432654885,0.129090178,59.16867289,189637.3681,-6.586308356,1.430417796,4.607930989,17.85937988,110.10%,0.858469053,110.60%,107.70%,103.90%,0.2014475,109.80%,,ECAL_Bloom(Prather)_20260224.csv,,438.5008359,,,,,,,9.77E-05,
,,,RSD [%]:,2.573665346,0.926533457,2.118012937,1.32982701,1.010599531,1.09611586,5.922431621,1.58025005,1.018279306,1.099689469,0.839798925,1.331059963,1.461683409,0.490077224,1.252313097,9.759833088,14.31269572,1.210226733,13.14222668,4.229576431,2.888012586,266.6991381,116.7625164,5.732286229,4.432280759,1.453013382,1.799447288,1.700058195,1.756084241,1.137529551,4.693998309,1.649191229,,ECAL_Bloom(Prather)_20260224.csv,,2.042090274,,,,,,,10.9621828,
,,,SD:,3.10%,15.45145062,26.30560061,4.190866426,3.198349347,16.7891293,338.529659,0.014504865,0.011011129,0.13822216,3.658355081,0.004202046,0.084777301,0.064660469,0.96563263,0.01022905,0.217928403,0.005236105,0.016965324,2.502584243,5476.751059,17.56562762,1.670191813,0.264139794,0.791577858,1.60%,0.015447698,1.90%,1.90%,1.20%,0.009455942,1.80%,,ECAL_Bloom(Prather)_20260224.csv,,8.954582924,,,,,,,1.07E-05,
,,,,,,,,,,,,,,,,,,,,,,,,,,,,,,,,,,,,,ECAL_Bloom(Prather)_20260224.csv,,,,,,,,,,
,,,,,,,,,,,,,,,,,,,,,,,,,,,,,,,,,,,,,ECAL_Bloom(Prather)_20260224.csv,,,,,,,,,,
,,,,,,,,,,,,,,,,,,,,,,,,,,,,,,,,,,,,,ECAL_Bloom(Prather)_20260224.csv,,,,,,,,,,
No,,Sample Type,Label,6Li (KED),23Na (KED) [ppb],24Mg (KED) [ppb],27Al (KED) [ppb],39K (KED) [ppb],44Ca (KED) [ppb],32S (KED) [ppb],51V (KED) [ppb],52Cr (KED) [ppb],55Mn (KED) [ppb],57Fe (KED) [ppb],59Co (KED) [ppb],60Ni (KED) [ppb],63Cu (KED) [ppb],66Zn (KED) [ppb],71Ga (KED) [ppb],72Ge (KED) [ppb],75As (KED) [ppb],77Se (KED) [ppb],88Sr (KED) [ppb],95Mo (KED) [ppb],105Pd (KED) [ppb],107Ag (KED) [ppb],111Cd (KED) [ppb],182W (KED) [ppb],45Sc (KED),208Pb (KED) [ppb],89Y (KED),113In (KED),209Bi (KED),238U (KED) [ppb],159Tb (KED),,ECAL_Bloom(Prather)_20260224.csv,,31P (KED) [ppb],,,,,,,232Th (KED) [ppm],
24,,UNKNOWN,Ulva7,97.30%,487053.3451,670239.3108,73.04479755,389823.8265,14965.17303,777702.2362,7.360620783,37.2869975,249.732982,3499.433387,1.491215382,92.73373495,602.7831144,292.6773446,0.03045006,7.543676144,203.1933861,0.230859483,849.4569213,830527.8371,-354.0285214,2.45864631,64.91006045,13.20456573,27.30%,8.372297717,56.50%,51.00%,32.50%,0.113725247,50.60%,,ECAL_Bloom(Prather)_20260224.csv,,21531.55049,,,,,,,3.42E-05,
,,,,,,,,,,,,,,,,,,,,,,,,,,,,,,,,,,,,,ECAL_Bloom(Prather)_20260224.csv,,,,,,,,,,
24,,,1,99.30%,485404.0813,673759.7833,72.51182567,382831.3723,14895.848,768644.3975,7.244285007,37.79469582,250.007036,3529.271672,1.516095888,93.41490686,604.6177195,292.5625582,0.030156084,7.406453269,201.6640954,0.243078731,852.5397157,841814.1466,-345.6188672,2.015158878,64.49171147,13.0539464,27.30%,8.43495018,56.80%,52.00%,32.60%,0.118098666,50.70%,,ECAL_Bloom(Prather)_20260224.csv,,21595.47651,,,,,,,3.60E-05,
,,,,,,,,,,,,,,,,,,,,,,,,,,,,,,,,,,,,,ECAL_Bloom(Prather)_20260224.csv,,,,,,,,,,
,,,,,,,,,,,,,,,,,,,,,,,,,,,,,,,,,,,,,ECAL_Bloom(Prather)_20260224.csv,,,,,,,,,,
,,,,,,,,,,,,,,,,,,,,,,,,,,,,,,,,,,,,,ECAL_Bloom(Prather)_20260224.csv,,,,,,,,,,
24,,,2,96.30%,488984.0645,674637.7391,72.80924045,395953.889,14940.54076,796328.1017,7.373278216,37.27587007,252.8298648,3520.615944,1.522955601,93.43399661,607.5952665,293.140206,0.031815931,7.635392361,202.3043519,0.249771115,858.5428876,847939.6336,-353.5998431,2.261163262,65.73713372,13.85534115,27.20%,8.329791672,56.60%,50.40%,32.50%,0.113550777,50.60%,,ECAL_Bloom(Prather)_20260224.csv,,21621.14226,,,,,,,3.59E-05,
,,,,,,,,,,,,,,,,,,,,,,,,,,,,,,,,,,,,,ECAL_Bloom(Prather)_20260224.csv,,,,,,,,,,
,,,,,,,,,,,,,,,,,,,,,,,,,,,,,,,,,,,,,ECAL_Bloom(Prather)_20260224.csv,,,,,,,,,,
,,,,,,,,,,,,,,,,,,,,,,,,,,,,,,,,,,,,,ECAL_Bloom(Prather)_20260224.csv,,,,,,,,,,
24,,,3,96.30%,491849.5728,674002.7368,74.73024743,395556.1521,15113.56541,785958.409,7.429307081,37.30408888,250.0960468,3510.682406,1.44845207,92.42377717,599.2113906,292.3903276,0.024125503,7.590590793,203.1326519,0.204582831,841.3236496,824273.1412,-377.4720701,3.091181547,64.0162155,14.70184011,27.20%,8.323773944,56.60%,50.90%,32.60%,0.111853181,50.30%,,ECAL_Bloom(Prather)_20260224.csv,,21625.23921,,,,,,,3.31E-05,
,,,,,,,,,,,,,,,,,,,,,,,,,,,,,,,,,,,,,ECAL_Bloom(Prather)_20260224.csv,,,,,,,,,,
,,,,,,,,,,,,,,,,,,,,,,,,,,,,,,,,,,,,,ECAL_Bloom(Prather)_20260224.csv,,,,,,,,,,
,,,,,,,,,,,,,,,,,,,,,,,,,,,,,,,,,,,,,ECAL_Bloom(Prather)_20260224.csv,,,,,,,,,,
24,,,4,96.10%,492957.7402,674918.0209,73.48116084,392034.6506,15144.05698,779933.5209,7.47451092,37.2841929,251.2437092,3509.352269,1.484907159,92.32545501,607.4297612,292.6415501,0.029584587,7.574942785,203.889675,0.210986427,842.6525494,816634.2784,-343.8275949,2.515084631,65.01333375,12.4692691,27.30%,8.349193962,56.30%,51.00%,32.40%,0.112791152,50.20%,,ECAL_Bloom(Prather)_20260224.csv,,21377.4809,,,,,,,3.34E-05,
,,,,,,,,,,,,,,,,,,,,,,,,,,,,,,,,,,,,,ECAL_Bloom(Prather)_20260224.csv,,,,,,,,,,
,,,,,,,,,,,,,,,,,,,,,,,,,,,,,,,,,,,,,ECAL_Bloom(Prather)_20260224.csv,,,,,,,,,,
,,,,,,,,,,,,,,,,,,,,,,,,,,,,,,,,,,,,,ECAL_Bloom(Prather)_20260224.csv,,,,,,,,,,
24,,,5,98.70%,476071.2666,653878.2738,71.69151339,382743.0682,14731.854,757646.7516,7.281722689,36.77613983,244.4882533,3427.244642,1.483666194,92.07053908,595.0614342,292.652081,0.036568198,7.51100151,204.9761562,0.245878312,852.2258041,821977.9858,-349.6242316,2.410643233,65.29190783,11.94243191,27.70%,8.423778826,55.90%,50.70%,32.30%,0.112332456,51.00%,,ECAL_Bloom(Prather)_20260224.csv,,21438.41355,,,,,,,3.25E-05,
,,,,,,,,,,,,,,,,,,,,,,,,,,,,,,,,,,,,,ECAL_Bloom(Prather)_20260224.csv,,,,,,,,,,
,,,,,,,,,,,,,,,,,,,,,,,,,,,,,,,,,,,,,ECAL_Bloom(Prather)_20260224.csv,,,,,,,,,,
,,,,,,,,,,,,,,,,,,,,,,,,,,,,,,,,,,,,,ECAL_Bloom(Prather)_20260224.csv,,,,,,,,,,
,,,Mean:,97.30%,487053.3451,670239.3108,73.04479755,389823.8265,14965.17303,777702.2362,7.360620783,37.2869975,249.732982,3499.433387,1.491215382,92.73373495,602.7831144,292.6773446,0.03045006,7.543676144,203.1933861,0.230859483,849.4569213,830527.8371,-354.0285214,2.45864631,64.91006045,13.20456573,27.30%,8.372297717,56.50%,51.00%,32.50%,0.113725247,50.60%,,ECAL_Bloom(Prather)_20260224.csv,,21531.55049,,,,,,,3.42E-05,
,,,RSD [%]:,1.552280637,1.395998024,1.366380232,1.561238176,1.693638508,1.127439852,1.933395913,1.317331638,0.96618864,1.259710767,1.176067281,1.998315329,0.694045313,0.910530045,0.095380508,14.69896556,1.176145068,0.641480621,9.234435806,0.85738414,1.633039774,3.85218674,16.28526268,1.037614891,8.314661004,0.757662773,0.634017945,0.612901347,1.215387285,0.458619366,2.219034099,0.619673078,,ECAL_Bloom(Prather)_20260224.csv,,0.536129138,,,,,,,4.776740217,
,,,SD:,1.50%,6799.255072,9158.017448,1.140403265,6602.206438,168.7233246,15036.06325,0.096963786,0.360262734,3.145913262,41.15569109,0.029799186,0.643614141,5.488521362,0.279157138,0.004475844,0.088724575,1.303446194,0.021318571,7.283108918,13562.84991,13.63783976,0.40039701,0.673516453,1.097914878,0.20%,0.05308187,0.30%,0.60%,0.10%,0.002523602,0.30%,,ECAL_Bloom(Prather)_20260224.csv,,115.4369159,,,,,,,1.63E-06,
,,,,,,,,,,,,,,,,,,,,,,,,,,,,,,,,,,,,,ECAL_Bloom(Prather)_20260224.csv,,,,,,,,,,
,,,,,,,,,,,,,,,,,,,,,,,,,,,,,,,,,,,,,ECAL_Bloom(Prather)_20260224.csv,,,,,,,,,,
,,,,,,,,,,,,,,,,,,,,,,,,,,,,,,,,,,,,,ECAL_Bloom(Prather)_20260224.csv,,,,,,,,,,
No,,Sample Type,Label,6Li (KED),23Na (KED) [ppb],24Mg (KED) [ppb],27Al (KED) [ppb],39K (KED) [ppb],44Ca (KED) [ppb],32S (KED) [ppb],51V (KED) [ppb],52Cr (KED) [ppb],55Mn (KED) [ppb],57Fe (KED) [ppb],59Co (KED) [ppb],60Ni (KED) [ppb],63Cu (KED) [ppb],66Zn (KED) [ppb],71Ga (KED) [ppb],72Ge (KED) [ppb],75As (KED) [ppb],77Se (KED) [ppb],88Sr (KED) [ppb],95Mo (KED) [ppb],105Pd (KED) [ppb],107Ag (KED) [ppb],111Cd (KED) [ppb],182W (KED) [ppb],45Sc (KED),208Pb (KED) [ppb],89Y (KED),113In (KED),209Bi (KED),238U (KED) [ppb],159Tb (KED),,ECAL_Bloom(Prather)_20260224.csv,,31P (KED) [ppb],,,,,,,232Th (KED) [ppm],
25,,UNKNOWN,Ulva8,93.20%,451141.6333,615836.931,68.92280844,384310.6854,14575.37231,794698.3942,6.803164805,34.36600243,226.5852576,3211.612468,1.410118256,83.77218091,552.5934755,255.2493921,0.022652336,7.200632926,187.4505334,0.208594645,831.2389417,798847.5016,-318.3552546,1.929227198,61.1553016,10.93211132,27.90%,7.68911086,56.50%,53.20%,35.70%,0.10335469,53.80%,,ECAL_Bloom(Prather)_20260224.csv,,20501.90715,,,,,,,2.61E-05,
,,,,,,,,,,,,,,,,,,,,,,,,,,,,,,,,,,,,,ECAL_Bloom(Prather)_20260224.csv,,,,,,,,,,
25,,,1,94.80%,447973.2251,602091.7683,67.8383786,384776.8538,14371.83515,795578.8224,6.899897286,34.50939732,228.4732426,3216.920413,1.426965122,83.95945675,552.8045318,256.5577565,0.026428461,7.158455406,187.4924367,0.233334235,834.502564,798248.503,-318.3804008,1.810747799,62.29236841,11.33213396,27.70%,7.760789931,56.20%,53.50%,36.00%,0.103019446,54.20%,,ECAL_Bloom(Prather)_20260224.csv,,20541.08467,,,,,,,2.56E-05,
,,,,,,,,,,,,,,,,,,,,,,,,,,,,,,,,,,,,,ECAL_Bloom(Prather)_20260224.csv,,,,,,,,,,
,,,,,,,,,,,,,,,,,,,,,,,,,,,,,,,,,,,,,ECAL_Bloom(Prather)_20260224.csv,,,,,,,,,,
,,,,,,,,,,,,,,,,,,,,,,,,,,,,,,,,,,,,,ECAL_Bloom(Prather)_20260224.csv,,,,,,,,,,
25,,,2,95.50%,446598.9615,610767.8502,66.33230345,384929.4535,14563.83005,782464.526,6.77154045,34.12426958,226.2465752,3195.498393,1.401469081,83.59611942,550.9345625,255.8506352,0.016997968,7.456602502,185.5924094,0.196793663,826.7064666,802144.0504,-301.1532992,1.92197798,61.58039173,10.03694769,28.10%,7.660497315,57.00%,53.20%,35.90%,0.103421584,54.20%,,ECAL_Bloom(Prather)_20260224.csv,,20430.09439,,,,,,,2.58E-05,
,,,,,,,,,,,,,,,,,,,,,,,,,,,,,,,,,,,,,ECAL_Bloom(Prather)_20260224.csv,,,,,,,,,,
,,,,,,,,,,,,,,,,,,,,,,,,,,,,,,,,,,,,,ECAL_Bloom(Prather)_20260224.csv,,,,,,,,,,
,,,,,,,,,,,,,,,,,,,,,,,,,,,,,,,,,,,,,ECAL_Bloom(Prather)_20260224.csv,,,,,,,,,,
25,,,3,93.50%,448455.2476,609912.8996,69.51758383,381480.9591,14593.75111,794101.7729,6.73713325,34.06067038,226.9793741,3215.232485,1.3976256,83.63602007,552.2318446,254.5967966,0.026391094,6.51620451,187.7502576,0.188095306,838.7251612,793567.9115,-348.3059518,1.99708444,61.11908851,10.96173868,28.00%,7.700835787,56.20%,52.90%,35.70%,0.103552201,53.50%,,ECAL_Bloom(Prather)_20260224.csv,,20571.2459,,,,,,,2.64E-05,
,,,,,,,,,,,,,,,,,,,,,,,,,,,,,,,,,,,,,ECAL_Bloom(Prather)_20260224.csv,,,,,,,,,,
,,,,,,,,,,,,,,,,,,,,,,,,,,,,,,,,,,,,,ECAL_Bloom(Prather)_20260224.csv,,,,,,,,,,
,,,,,,,,,,,,,,,,,,,,,,,,,,,,,,,,,,,,,ECAL_Bloom(Prather)_20260224.csv,,,,,,,,,,
25,,,4,92.30%,452538.2541,619114.6531,70.66657398,386405.1031,14765.82435,795598.9627,6.766415502,34.68791439,224.8632709,3192.210386,1.394884572,83.88159328,550.7415152,254.9477248,0.022346354,8.25601261,186.8066801,0.236082701,826.8045691,788934.6209,-289.3397014,1.999360411,59.62623319,11.52505177,27.80%,7.613039828,57.00%,53.40%,35.70%,0.101399797,53.90%,,ECAL_Bloom(Prather)_20260224.csv,,20549.82355,,,,,,,2.63E-05,
,,,,,,,,,,,,,,,,,,,,,,,,,,,,,,,,,,,,,ECAL_Bloom(Prather)_20260224.csv,,,,,,,,,,
,,,,,,,,,,,,,,,,,,,,,,,,,,,,,,,,,,,,,ECAL_Bloom(Prather)_20260224.csv,,,,,,,,,,
,,,,,,,,,,,,,,,,,,,,,,,,,,,,,,,,,,,,,ECAL_Bloom(Prather)_20260224.csv,,,,,,,,,,
25,,,5,89.70%,460142.4781,637297.4836,70.25920236,383961.0576,14581.62087,805747.887,6.840837536,34.44776047,226.363825,3238.20066,1.429646905,83.78771502,556.2549232,254.2940473,0.021097801,6.615889601,189.6108833,0.188667322,829.4559478,811342.4223,-334.5969196,1.916965362,61.15842616,10.80468452,27.90%,7.710391439,56.00%,53.10%,35.40%,0.10538042,53.30%,,ECAL_Bloom(Prather)_20260224.csv,,20417.28723,,,,,,,2.64E-05,
,,,,,,,,,,,,,,,,,,,,,,,,,,,,,,,,,,,,,ECAL_Bloom(Prather)_20260224.csv,,,,,,,,,,
,,,,,,,,,,,,,,,,,,,,,,,,,,,,,,,,,,,,,ECAL_Bloom(Prather)_20260224.csv,,,,,,,,,,
,,,,,,,,,,,,,,,,,,,,,,,,,,,,,,,,,,,,,ECAL_Bloom(Prather)_20260224.csv,,,,,,,,,,
,,,Mean:,93.20%,451141.6333,615836.931,68.92280844,384310.6854,14575.37231,794698.3942,6.803164805,34.36600243,226.5852576,3211.612468,1.410118256,83.77218091,552.5934755,255.2493921,0.022652336,7.200632926,187.4505334,0.208594645,831.2389417,798847.5016,-318.3552546,1.929227198,61.1553016,10.93211132,27.90%,7.68911086,56.50%,53.20%,35.70%,0.10335469,53.80%,,ECAL_Bloom(Prather)_20260224.csv,,20501.90715,,,,,,,2.61E-05,
,,,RSD [%]:,2.449305226,1.218409247,2.180104592,2.622389069,0.471188041,0.959356078,1.040892374,0.971894139,0.77335348,0.577491143,0.579247709,1.190948704,0.185719406,0.402247782,0.366621402,17.48068196,9.79915635,0.783402372,11.55595704,0.631102431,1.072263587,7.529983853,3.995234165,1.59650009,5.274686383,0.504098576,0.722173723,0.858522075,0.442839361,0.641107564,1.375225694,0.758967663,,ECAL_Bloom(Prather)_20260224.csv,,0.35304763,,,,,,,1.496806124,
,,,SD:,2.30%,5496.751379,13425.88921,1.807424194,1810.825989,139.8297201,8271.954983,0.06611956,0.265770676,1.308509793,18.60319164,0.016793785,0.155581197,2.222795,0.935798901,0.003959783,0.705601279,1.468491924,0.024105108,5.245969165,8565.750878,23.97209926,0.077077144,0.976344445,0.576634587,0.10%,0.055528738,0.50%,0.20%,0.20%,0.00142136,0.40%,,ECAL_Bloom(Prather)_20260224.csv,,72.38149732,,,,,,,3.91E-07,
,,,,,,,,,,,,,,,,,,,,,,,,,,,,,,,,,,,,,ECAL_Bloom(Prather)_20260224.csv,,,,,,,,,,
,,,,,,,,,,,,,,,,,,,,,,,,,,,,,,,,,,,,,ECAL_Bloom(Prather)_20260224.csv,,,,,,,,,,
,,,,,,,,,,,,,,,,,,,,,,,,,,,,,,,,,,,,,ECAL_Bloom(Prather)_20260224.csv,,,,,,,,,,
No,,Sample Type,Label,6Li (KED),23Na (KED) [ppb],24Mg (KED) [ppb],27Al (KED) [ppb],39K (KED) [ppb],44Ca (KED) [ppb],32S (KED) [ppb],51V (KED) [ppb],52Cr (KED) [ppb],55Mn (KED) [ppb],57Fe (KED) [ppb],59Co (KED) [ppb],60Ni (KED) [ppb],63Cu (KED) [ppb],66Zn (KED) [ppb],71Ga (KED) [ppb],72Ge (KED) [ppb],75As (KED) [ppb],77Se (KED) [ppb],88Sr (KED) [ppb],95Mo (KED) [ppb],105Pd (KED) [ppb],107Ag (KED) [ppb],111Cd (KED) [ppb],182W (KED) [ppb],45Sc (KED),208Pb (KED) [ppb],89Y (KED),113In (KED),209Bi (KED),238U (KED) [ppb],159Tb (KED),,ECAL_Bloom(Prather)_20260224.csv,,31P (KED) [ppb],,,,,,,232Th (KED) [ppm],
26,,UNKNOWN,CCV,104.90%,119.8932968,121.3910294,96.79373343,167.4274835,393.8291269,2741.268451,81.54870415,81.15427281,84.7562661,93.74569734,86.37639292,89.54663038,89.06506932,94.77749434,97.99897693,98.12724433,98.40097738,101.5143285,99.94664536,484.740841,572.29698,567.420343,623.8597228,115.319978,94.90%,101.2927483,93.80%,458.40%,99.20%,99.69921141,99.00%,,ECAL_Bloom(Prather)_20260224.csv,,119.9894036,,,,,,,0.106518773,
,,,,,,,,,,,,,,,,,,,,,,,,,,,,,,,,,,,,,ECAL_Bloom(Prather)_20260224.csv,,,,,,,,,,
26,,,1,107.40%,117.7939572,118.1317129,97.63100787,176.8552644,403.3046826,3419.792336,83.45854358,81.60938374,84.63694431,92.84691748,86.33534111,90.20678052,89.59089306,95.21355675,98.03058435,100.3832929,98.40094964,102.4789579,99.8330307,453.7574102,567.3280165,557.7864855,621.6507322,113.9631705,94.80%,100.4967567,96.10%,464.40%,99.50%,100.2778514,100.90%,,ECAL_Bloom(Prather)_20260224.csv,,123.8763207,,,,,,,0.099705963,
,,,,,,,,,,,,,,,,,,,,,,,,,,,,,,,,,,,,,ECAL_Bloom(Prather)_20260224.csv,,,,,,,,,,
,,,,,,,,,,,,,,,,,,,,,,,,,,,,,,,,,,,,,ECAL_Bloom(Prather)_20260224.csv,,,,,,,,,,
,,,,,,,,,,,,,,,,,,,,,,,,,,,,,,,,,,,,,ECAL_Bloom(Prather)_20260224.csv,,,,,,,,,,
26,,,2,106.30%,119.6657856,121.4473583,98.74981058,172.0450613,392.2499621,3088.93425,81.78036762,81.13440115,85.10071402,95.86957023,87.63285622,90.03087772,88.35439881,94.54469968,99.57296785,98.6686983,97.54792447,100.9780476,100.8913312,525.552273,570.3753678,559.4416704,615.5788102,116.2450924,95.20%,102.595679,94.80%,463.60%,100.00%,98.10949456,99.40%,,ECAL_Bloom(Prather)_20260224.csv,,122.7160641,,,,,,,0.10466779,
,,,,,,,,,,,,,,,,,,,,,,,,,,,,,,,,,,,,,ECAL_Bloom(Prather)_20260224.csv,,,,,,,,,,
,,,,,,,,,,,,,,,,,,,,,,,,,,,,,,,,,,,,,ECAL_Bloom(Prather)_20260224.csv,,,,,,,,,,
,,,,,,,,,,,,,,,,,,,,,,,,,,,,,,,,,,,,,ECAL_Bloom(Prather)_20260224.csv,,,,,,,,,,
26,,,3,102.70%,120.124333,120.0627024,95.31277191,165.0853062,387.4327083,2482.453291,79.18879133,79.41593997,84.39322799,91.79957658,84.20433291,88.96868131,89.30794933,94.90043325,97.5235296,99.42845919,99.01624206,102.0664726,100.6058818,545.5458183,575.2472082,571.1403796,627.2534682,117.5830532,97.00%,100.7110383,92.20%,458.20%,98.80%,99.59837065,99.10%,,ECAL_Bloom(Prather)_20260224.csv,,117.2289066,,,,,,,0.107024706,
,,,,,,,,,,,,,,,,,,,,,,,,,,,,,,,,,,,,,ECAL_Bloom(Prather)_20260224.csv,,,,,,,,,,
,,,,,,,,,,,,,,,,,,,,,,,,,,,,,,,,,,,,,ECAL_Bloom(Prather)_20260224.csv,,,,,,,,,,
,,,,,,,,,,,,,,,,,,,,,,,,,,,,,,,,,,,,,ECAL_Bloom(Prather)_20260224.csv,,,,,,,,,,
26,,,4,102.60%,123.4389229,126.1304509,99.27750879,167.6540742,398.6395785,2596.03412,82.8219788,83.0500351,85.69441262,95.18777134,89.73315233,91.56825954,90.68605957,96.63214927,98.7438789,98.28126004,99.51551444,101.5736396,99.85302899,448.5396074,577.8058504,574.2566617,628.8513732,113.2059574,91.90%,101.0786213,92.30%,455.80%,99.50%,99.11750299,98.60%,,ECAL_Bloom(Prather)_20260224.csv,,118.1233008,,,,,,,0.109604536,
,,,,,,,,,,,,,,,,,,,,,,,,,,,,,,,,,,,,,ECAL_Bloom(Prather)_20260224.csv,,,,,,,,,,
,,,,,,,,,,,,,,,,,,,,,,,,,,,,,,,,,,,,,ECAL_Bloom(Prather)_20260224.csv,,,,,,,,,,
,,,,,,,,,,,,,,,,,,,,,,,,,,,,,,,,,,,,,ECAL_Bloom(Prather)_20260224.csv,,,,,,,,,,
26,,,5,105.30%,118.4434853,121.1829224,92.99756799,155.4977112,387.5187031,2119.128256,80.49383944,80.5616041,83.95603158,93.02465105,83.97628203,86.95855279,87.38604581,92.59663278,96.12392395,93.8745112,97.52425628,100.4745246,98.54995415,450.309096,570.7284568,574.4765176,625.9642303,115.6026163,95.40%,101.5816464,93.70%,450.30%,98.20%,101.3928374,97.20%,,ECAL_Bloom(Prather)_20260224.csv,,118.0024257,,,,,,,0.111590869,
,,,,,,,,,,,,,,,,,,,,,,,,,,,,,,,,,,,,,ECAL_Bloom(Prather)_20260224.csv,,,,,,,,,,
,,,,,,,,,,,,,,,,,,,,,,,,,,,,,,,,,,,,,ECAL_Bloom(Prather)_20260224.csv,,,,,,,,,,
,,,,,,,,,,,,,,,,,,,,,,,,,,,,,,,,,,,,,ECAL_Bloom(Prather)_20260224.csv,,,,,,,,,,
,,,Mean:,104.90%,119.8932968,121.3910294,96.79373343,167.4274835,393.8291269,2741.268451,81.54870415,81.15427281,84.7562661,93.74569734,86.37639292,89.54663038,89.06506932,94.77749434,97.99897693,98.12724433,98.40097738,101.5143285,99.94664536,484.740841,572.29698,567.420343,623.8597228,115.319978,94.90%,101.2927483,93.80%,458.40%,99.20%,99.69921141,99.00%,,ECAL_Bloom(Prather)_20260224.csv,,119.9894036,,,,,,,0.106518773,
,,,RSD [%]:,2.069512462,1.826690084,2.433169956,2.69903344,4.797389904,1.778127704,18.74706248,2.124327933,1.650266997,0.788203452,1.824794136,2.795764746,1.917200385,1.407645886,1.534019317,1.328034928,2.557149394,0.897108044,0.795371106,0.908703228,9.686497136,0.730418001,1.43941375,0.856913372,1.524761246,1.946943063,0.825824305,1.762356684,1.267085666,0.719741069,1.236495227,1.340256687,,ECAL_Bloom(Prather)_20260224.csv,,2.554958652,,,,,,,4.336424694,
,,,SD:,2.20%,2.190078964,2.953650055,2.612495233,8.032149189,7.002784812,513.9073092,1.732361901,1.33926218,0.668051815,1.710665988,2.414880742,1.716788343,1.253720785,1.453905071,1.301460643,2.509260234,0.882763084,0.807415637,0.908218392,46.95440768,4.180160161,8.167526439,5.345937389,1.758354333,1.80%,0.836500135,1.70%,5.80%,0.70%,1.23277599,1.30%,,ECAL_Bloom(Prather)_20260224.csv,,3.065679648,,,,,,,0.004619106,
,,,09_AD_BLNK_0326,97.50%,117.9075265,31.57876792,13.20644032,12.08494816,61.01877286,537.0828042,0.070488609,0.219076115,0.199355663,5.820701114,0.009447513,1.049100321,0.710385819,31.92446514,0.012396988,0.033854494,0.122944704,0.096830401,0.404679329,3684.489865,,0.102927493,0.020722637,69.52714392,,0.196797732,92.60%,95.10%,129.60%,0.081317815,,,ECAL_Bloom(Prather)_250408_Take2.xlsx - Sheet5 (1).csv,,-0.038216149,,,,,,,,88.00%
,,,,,,,,,,,,,,,,,,,,,,,,,,,,,,,,,,,,,ECAL_Bloom(Prather)_250408_Take2.xlsx - Sheet5 (1).csv,,,,,,,,,,
,,,1,91.10%,120.1518047,32.1935712,13.96662358,12.24558268,60.69413806,949.8633157,0.074036914,0.220255716,0.197055342,6.102043507,0.015121109,1.064085496,0.715671708,32.14416041,0.015793996,0.030590491,0.097644954,0.121196711,0.43004645,3803.602635,,0.098317896,0.022440657,152.7349103,,0.239952432,90.70%,94.10%,103.00%,0.100801886,,,ECAL_Bloom(Prather)_250408_Take2.xlsx - Sheet5 (1).csv,,-1.472795073,,,,,,,,88.00%
,,,,,,,,,,,,,,,,,,,,,,,,,,,,,,,,,,,,,ECAL_Bloom(Prather)_250408_Take2.xlsx - Sheet5 (1).csv,,,,,,,,,,
,,,,,,,,,,,,,,,,,,,,,,,,,,,,,,,,,,,,,ECAL_Bloom(Prather)_250408_Take2.xlsx - Sheet5 (1).csv,,,,,,,,,,
,,,,,,,,,,,,,,,,,,,,,,,,,,,,,,,,,,,,,ECAL_Bloom(Prather)_250408_Take2.xlsx - Sheet5 (1).csv,,,,,,,,,,
,,,2,95.20%,121.4788338,32.27215476,14.16496484,12.35888644,60.63036245,782.0018456,0.076395784,0.218026422,0.207546313,5.682311084,0.009459136,1.037274396,0.710829459,31.9578663,0.010651377,0.030052621,0.115961563,0.101531293,0.407644122,3905.336354,,0.109376153,0.024625527,120.4837837,,0.168881576,92.70%,95.50%,142.80%,0.095569791,,,ECAL_Bloom(Prather)_250408_Take2.xlsx - Sheet5 (1).csv,,-0.609597176,,,,,,,,88.10%
,,,,,,,,,,,,,,,,,,,,,,,,,,,,,,,,,,,,,ECAL_Bloom(Prather)_250408_Take2.xlsx - Sheet5 (1).csv,,,,,,,,,,
,,,,,,,,,,,,,,,,,,,,,,,,,,,,,,,,,,,,,ECAL_Bloom(Prather)_250408_Take2.xlsx - Sheet5 (1).csv,,,,,,,,,,
,,,,,,,,,,,,,,,,,,,,,,,,,,,,,,,,,,,,,ECAL_Bloom(Prather)_250408_Take2.xlsx - Sheet5 (1).csv,,,,,,,,,,
,,,3,102.30%,114.1090062,30.37476434,12.57105749,12.47031369,61.16339276,254.4696607,0.074170919,0.217460344,0.187672527,5.616358188,0.009870803,1.038924333,0.714293189,31.79859163,0.011926119,0.067099939,0.138976909,0.08779919,0.400010864,3872.151319,,0.113735451,0.017063484,73.06888018,,0.228190909,92.30%,94.80%,104.30%,0.080701147,,,ECAL_Bloom(Prather)_250408_Take2.xlsx - Sheet5 (1).csv,,0.357024825,,,,,,,,87.90%
,,,,,,,,,,,,,,,,,,,,,,,,,,,,,,,,,,,,,ECAL_Bloom(Prather)_250408_Take2.xlsx - Sheet5 (1).csv,,,,,,,,,,
,,,,,,,,,,,,,,,,,,,,,,,,,,,,,,,,,,,,,ECAL_Bloom(Prather)_250408_Take2.xlsx - Sheet5 (1).csv,,,,,,,,,,
,,,,,,,,,,,,,,,,,,,,,,,,,,,,,,,,,,,,,ECAL_Bloom(Prather)_250408_Take2.xlsx - Sheet5 (1).csv,,,,,,,,,,
,,,4,96.00%,118.4809877,32.01710147,12.93010219,11.76700006,60.69237647,200.0301308,0.066815665,0.220958205,0.1970972,5.81670119,0.007509971,1.085256781,0.690075793,31.91133916,0.010037615,0.030051176,0.135858609,0.080379337,0.409721524,3602.501179,,0.102535275,0.021570824,26.46572743,,0.232102124,92.80%,95.40%,103.50%,0.070083185,,,ECAL_Bloom(Prather)_250408_Take2.xlsx - Sheet5 (1).csv,,0.403981516,,,,,,,,88.10%
,,,,,,,,,,,,,,,,,,,,,,,,,,,,,,,,,,,,,ECAL_Bloom(Prather)_250408_Take2.xlsx - Sheet5 (1).csv,,,,,,,,,,
,,,,,,,,,,,,,,,,,,,,,,,,,,,,,,,,,,,,,ECAL_Bloom(Prather)_250408_Take2.xlsx - Sheet5 (1).csv,,,,,,,,,,
,,,,,,,,,,,,,,,,,,,,,,,,,,,,,,,,,,,,,ECAL_Bloom(Prather)_250408_Take2.xlsx - Sheet5 (1).csv,,,,,,,,,,
,,,5,102.70%,115.3170001,31.03624783,12.39945348,11.58295793,61.91359456,499.0490683,0.061023762,0.218679886,0.207406934,5.8860916,0.005276546,1.019960598,0.721058946,31.8103682,0.013575837,0.011478245,0.126281483,0.093245474,0.375973687,3238.857836,,0.090672693,0.017912693,-25.11758199,,0.114861619,94.60%,95.50%,194.50%,0.059433065,,,ECAL_Bloom(Prather)_250408_Take2.xlsx - Sheet5 (1).csv,,1.130305161,,,,,,,,87.60%
,,,,,,,,,,,,,,,,,,,,,,,,,,,,,,,,,,,,,ECAL_Bloom(Prather)_250408_Take2.xlsx - Sheet5 (1).csv,,,,,,,,,,
,,,,,,,,,,,,,,,,,,,,,,,,,,,,,,,,,,,,,ECAL_Bloom(Prather)_250408_Take2.xlsx - Sheet5 (1).csv,,,,,,,,,,
,,,,,,,,,,,,,,,,,,,,,,,,,,,,,,,,,,,,,ECAL_Bloom(Prather)_250408_Take2.xlsx - Sheet5 (1).csv,,,,,,,,,,
,,,Mean:,97.50%,117.9075265,31.57876792,13.20644032,12.08494816,61.01877286,537.0828042,0.070488609,0.219076115,0.199355663,5.820701114,0.009447513,1.049100321,0.710385819,31.92446514,0.012396988,0.033854494,0.122944704,0.096830401,0.404679329,3684.489865,,0.102927493,0.020722637,69.52714392,,0.196797732,92.60%,95.10%,129.60%,0.081317815,,,ECAL_Bloom(Prather)_250408_Take2.xlsx - Sheet5 (1).csv,,-0.038216149,,,,,,,,88.00%
,,,RSD [%]:,5.070797733,2.657055637,2.647004293,6.137517687,3.211302196,0.891778084,60.71186318,9.087192607,0.677169612,4.187799537,3.263683579,38.71780315,2.441550203,1.680133226,0.438580433,18.81619388,59.91098877,13.63327204,16.17198882,4.82260908,7.475897266,,8.824337253,15.29597703,102.5745973,,27.34873592,1.510283839,0.668483523,30.89092594,21.19556661,,,ECAL_Bloom(Prather)_250408_Take2.xlsx - Sheet5 (1).csv,,2649.747281,,,,,,,,0.211121222
,,,SD:,4.90%,3.13286858,0.835891343,0.81054761,0.388084206,0.544152044,326.0729773,0.006405436,0.001483517,0.008348616,0.189969266,0.003657869,0.025614311,0.011935428,0.140014458,0.002332641,0.020282562,0.016761386,0.015659402,0.019516102,275.448677,,0.009082669,0.00316973,71.31718789,,0.053821692,1.40%,0.60%,40.00%,0.017235772,,,ECAL_Bloom(Prather)_250408_Take2.xlsx - Sheet5 (1).csv,,1.012631377,,,,,,,,0.20%
,,,,,,,,,,,,,,,,,,,,,,,,,,,,,,,,,,,,,ECAL_Bloom(Prather)_250408_Take2.xlsx - Sheet5 (1).csv,,,,,,,,,,
,,,,,,,,,,,,,,,,,,,,,,,,,,,,,,,,,,,,,ECAL_Bloom(Prather)_250408_Take2.xlsx - Sheet5 (1).csv,,,,,,,,,,
,,,10_FAD_BLNK_0327,99.80%,2870.10309,54.55554675,33.25039678,27.48143986,85.15702612,962.4763187,0.08810427,3.129290151,0.437992462,39.41928562,0.04051827,2.745366963,1.355546033,35.11658417,0.016039858,0.728467861,0.100339345,0.039978017,0.942978034,60342.10749,,-0.02769137,0.029798613,8348.913007,,0.691004112,105.10%,105.70%,111.10%,0.076138237,,,ECAL_Bloom(Prather)_250408_Take2.xlsx - Sheet5 (1).csv,,10.78883631,,,,,,,,98.10%
,,,,,,,,,,,,,,,,,,,,,,,,,,,,,,,,,,,,,ECAL_Bloom(Prather)_250408_Take2.xlsx - Sheet5 (1).csv,,,,,,,,,,
,,,1,97.80%,3159.083921,54.74816754,33.73402197,27.71008739,85.04565161,1987.438574,0.087831771,3.188285526,0.463467792,40.0241656,0.045427494,2.79363614,1.389462633,35.1917476,0.01468403,0.83229279,0.08344685,0.044226195,0.943911304,58724.43031,,-0.017139992,0.027223434,7669.350083,,0.638852134,102.70%,104.00%,119.10%,0.086372735,,,ECAL_Bloom(Prather)_250408_Take2.xlsx - Sheet5 (1).csv,,9.148858046,,,,,,,,94.70%
,,,,,,,,,,,,,,,,,,,,,,,,,,,,,,,,,,,,,ECAL_Bloom(Prather)_250408_Take2.xlsx - Sheet5 (1).csv,,,,,,,,,,
,,,,,,,,,,,,,,,,,,,,,,,,,,,,,,,,,,,,,ECAL_Bloom(Prather)_250408_Take2.xlsx - Sheet5 (1).csv,,,,,,,,,,
,,,,,,,,,,,,,,,,,,,,,,,,,,,,,,,,,,,,,ECAL_Bloom(Prather)_250408_Take2.xlsx - Sheet5 (1).csv,,,,,,,,,,
,,,2,106.00%,2792.363399,51.93367898,32.1864499,26.7716286,83.97182994,1370.990795,0.090839627,3.122873769,0.433297311,39.51269273,0.038893215,2.767226023,1.376123606,35.33855433,0.025954353,0.603117121,0.095765734,0.040352375,0.943570705,60807.47881,,0.008252759,0.033010632,7655.136627,,0.650482457,104.00%,104.90%,116.60%,0.086191614,,,ECAL_Bloom(Prather)_250408_Take2.xlsx - Sheet5 (1).csv,,10.74781553,,,,,,,,97.40%
,,,,,,,,,,,,,,,,,,,,,,,,,,,,,,,,,,,,,ECAL_Bloom(Prather)_250408_Take2.xlsx - Sheet5 (1).csv,,,,,,,,,,
,,,,,,,,,,,,,,,,,,,,,,,,,,,,,,,,,,,,,ECAL_Bloom(Prather)_250408_Take2.xlsx - Sheet5 (1).csv,,,,,,,,,,
,,,,,,,,,,,,,,,,,,,,,,,,,,,,,,,,,,,,,ECAL_Bloom(Prather)_250408_Take2.xlsx - Sheet5 (1).csv,,,,,,,,,,
,,,3,99.00%,2768.950032,54.02000338,32.34132947,26.99708526,86.66996441,463.5674025,0.090346454,3.108935364,0.427704134,38.65143862,0.04147201,2.713651879,1.312918718,34.87524721,0.014181283,0.643491784,0.104634554,0.0429915,0.951549248,60581.27423,,-0.031275793,0.030305645,8349.081992,,0.712568301,104.70%,106.30%,106.90%,0.077571968,,,ECAL_Bloom(Prather)_250408_Take2.xlsx - Sheet5 (1).csv,,11.19577096,,,,,,,,100.00%
,,,,,,,,,,,,,,,,,,,,,,,,,,,,,,,,,,,,,ECAL_Bloom(Prather)_250408_Take2.xlsx - Sheet5 (1).csv,,,,,,,,,,
,,,,,,,,,,,,,,,,,,,,,,,,,,,,,,,,,,,,,ECAL_Bloom(Prather)_250408_Take2.xlsx - Sheet5 (1).csv,,,,,,,,,,
,,,,,,,,,,,,,,,,,,,,,,,,,,,,,,,,,,,,,ECAL_Bloom(Prather)_250408_Take2.xlsx - Sheet5 (1).csv,,,,,,,,,,
,,,4,97.10%,2794.886007,55.55325765,33.81627218,28.1827291,83.66084788,685.431679,0.088232842,3.11805142,0.437122361,39.70472178,0.036080876,2.732520719,1.375852071,35.44644858,0.014137514,0.900366381,0.114274838,0.030314357,0.943291138,60608.68774,,-0.038017459,0.032671316,9080.814296,,0.721368291,106.20%,105.80%,106.70%,0.068580864,,,ECAL_Bloom(Prather)_250408_Take2.xlsx - Sheet5 (1).csv,,14.72674001,,,,,,,,98.50%
,,,,,,,,,,,,,,,,,,,,,,,,,,,,,,,,,,,,,ECAL_Bloom(Prather)_250408_Take2.xlsx - Sheet5 (1).csv,,,,,,,,,,
,,,,,,,,,,,,,,,,,,,,,,,,,,,,,,,,,,,,,ECAL_Bloom(Prather)_250408_Take2.xlsx - Sheet5 (1).csv,,,,,,,,,,
,,,,,,,,,,,,,,,,,,,,,,,,,,,,,,,,,,,,,ECAL_Bloom(Prather)_250408_Take2.xlsx - Sheet5 (1).csv,,,,,,,,,,
,,,5,99.00%,2835.23209,56.52262622,34.17391035,27.74566894,86.43683675,304.9531428,0.083270657,3.108304674,0.428370714,39.20340939,0.040717756,2.719800054,1.323373137,34.73092313,0.011242109,0.663071228,0.103574749,0.042005661,0.932567772,60988.66638,,-0.060276368,0.025782037,8990.182039,,0.731749375,108.10%,107.50%,106.00%,0.061974004,,,ECAL_Bloom(Prather)_250408_Take2.xlsx - Sheet5 (1).csv,,8.124997012,,,,,,,,99.80%
,,,,,,,,,,,,,,,,,,,,,,,,,,,,,,,,,,,,,ECAL_Bloom(Prather)_250408_Take2.xlsx - Sheet5 (1).csv,,,,,,,,,,
,,,,,,,,,,,,,,,,,,,,,,,,,,,,,,,,,,,,,ECAL_Bloom(Prather)_250408_Take2.xlsx - Sheet5 (1).csv,,,,,,,,,,
,,,,,,,,,,,,,,,,,,,,,,,,,,,,,,,,,,,,,ECAL_Bloom(Prather)_250408_Take2.xlsx - Sheet5 (1).csv,,,,,,,,,,
,,,Mean:,99.80%,2870.10309,54.55554675,33.25039678,27.48143986,85.15702612,962.4763187,0.08810427,3.129290151,0.437992462,39.41928562,0.04051827,2.745366963,1.355546033,35.11658417,0.016039858,0.728467861,0.100339345,0.039978017,0.942978034,60342.10749,,-0.02769137,0.029798613,8348.913007,,0.691004112,105.10%,105.70%,111.10%,0.076138237,,,ECAL_Bloom(Prather)_250408_Take2.xlsx - Sheet5 (1).csv,,10.78883631,,,,,,,,98.10%
,,,RSD [%]:,3.589999792,5.689460597,3.183152705,2.758606192,2.115790276,1.616802247,73.01482076,3.403361121,1.072155626,3.367583099,1.325642033,8.494190636,1.239557263,2.565675413,0.866910336,35.57297177,17.83764411,11.46531999,13.97000991,0.717601272,1.523323283,,91.7951479,10.82115478,8.233324138,,6.228298069,1.953310354,1.284736242,5.628155703,14.17028155,,,ECAL_Bloom(Prather)_250408_Take2.xlsx - Sheet5 (1).csv,,23.38428121,,,,,,,,2.176840983
,,,SD:,3.60%,163.2933844,1.736586362,0.917247504,0.581449632,1.376820712,702.7503589,0.002998506,0.03355086,0.01474976,0.522558619,0.003441699,0.034030396,0.034778911,0.304429298,0.005705854,0.129941504,0.011504227,0.005584933,0.006766822,919.205373,,0.025419334,0.003224554,687.3930699,,0.043037796,2.10%,1.40%,6.30%,0.010789003,,,ECAL_Bloom(Prather)_250408_Take2.xlsx - Sheet5 (1).csv,,2.522891823,,,,,,,,2.10%
,,,,,,,,,,,,,,,,,,,,,,,,,,,,,,,,,,,,,ECAL_Bloom(Prather)_250408_Take2.xlsx - Sheet5 (1).csv,,,,,,,,,,
,,,,,,,,,,,,,,,,,,,,,,,,,,,,,,,,,,,,,ECAL_Bloom(Prather)_250408_Take2.xlsx - Sheet5 (1).csv,,,,,,,,,,
,,,11_IB_0213AD,125.70%,174474.4855,32072.69814,5146.62397,19206.07853,17383.22243,111351.8033,20.49557412,10.58182297,279.4857265,5403.879891,3.25120168,16.53074154,45.63961542,450.3302144,1.456549291,11.45197851,4.565277963,0.893628752,671.937512,234829.0225,,0.844163822,1.628246071,605.1177871,,14.97938434,110.50%,74.00%,79.10%,4.146463005,,,ECAL_Bloom(Prather)_250408_Take2.xlsx - Sheet5 (1).csv,,5709.415957,,,,,,,,92.80%
,,,,,,,,,,,,,,,,,,,,,,,,,,,,,,,,,,,,,ECAL_Bloom(Prather)_250408_Take2.xlsx - Sheet5 (1).csv,,,,,,,,,,
,,,1,125.00%,173389.003,31681.05795,5092.652806,19394.19424,17557.24168,110228.8508,20.64059184,10.7897721,279.7593522,5453.4391,3.282215319,16.67429495,45.39012927,454.8832431,1.432474306,11.29039527,4.617938492,0.821084134,668.4049584,235500.9001,,0.901691145,1.632742853,585.473072,,14.88013651,108.70%,73.70%,79.90%,4.19157043,,,ECAL_Bloom(Prather)_250408_Take2.xlsx - Sheet5 (1).csv,,5632.819484,,,,,,,,89.80%
,,,,,,,,,,,,,,,,,,,,,,,,,,,,,,,,,,,,,ECAL_Bloom(Prather)_250408_Take2.xlsx - Sheet5 (1).csv,,,,,,,,,,
,,,,,,,,,,,,,,,,,,,,,,,,,,,,,,,,,,,,,ECAL_Bloom(Prather)_250408_Take2.xlsx - Sheet5 (1).csv,,,,,,,,,,
,,,,,,,,,,,,,,,,,,,,,,,,,,,,,,,,,,,,,ECAL_Bloom(Prather)_250408_Take2.xlsx - Sheet5 (1).csv,,,,,,,,,,
,,,2,121.30%,176197.2903,32584.18818,5171.498524,19381.17945,17460.39629,111821.4998,20.37251611,10.64705612,280.8334578,5356.467564,3.247110804,16.58261038,45.80867927,444.4761525,1.484550562,12.15019848,4.625926641,0.920872513,673.2591081,231596.0224,,0.860738583,1.653040205,508.1333948,,15.22189197,110.50%,73.80%,78.90%,4.140326089,,,ECAL_Bloom(Prather)_250408_Take2.xlsx - Sheet5 (1).csv,,5858.295283,,,,,,,,92.50%
,,,,,,,,,,,,,,,,,,,,,,,,,,,,,,,,,,,,,ECAL_Bloom(Prather)_250408_Take2.xlsx - Sheet5 (1).csv,,,,,,,,,,
,,,,,,,,,,,,,,,,,,,,,,,,,,,,,,,,,,,,,ECAL_Bloom(Prather)_250408_Take2.xlsx - Sheet5 (1).csv,,,,,,,,,,
,,,,,,,,,,,,,,,,,,,,,,,,,,,,,,,,,,,,,ECAL_Bloom(Prather)_250408_Take2.xlsx - Sheet5 (1).csv,,,,,,,,,,
,,,3,126.50%,175229.2351,31822.63669,5179.855888,19381.55542,17425.43495,111532.0636,20.63706083,10.52204074,281.4066217,5460.737633,3.262948381,16.2136758,45.57020013,450.264768,1.506759225,11.07561744,4.497962359,0.860685758,672.1925971,234351.9171,,0.809577713,1.63667163,556.9664203,,14.90254999,111.40%,73.90%,79.40%,4.210748348,,,ECAL_Bloom(Prather)_250408_Take2.xlsx - Sheet5 (1).csv,,5661.426912,,,,,,,,92.50%
,,,,,,,,,,,,,,,,,,,,,,,,,,,,,,,,,,,,,ECAL_Bloom(Prather)_250408_Take2.xlsx - Sheet5 (1).csv,,,,,,,,,,
,,,,,,,,,,,,,,,,,,,,,,,,,,,,,,,,,,,,,ECAL_Bloom(Prather)_250408_Take2.xlsx - Sheet5 (1).csv,,,,,,,,,,
,,,,,,,,,,,,,,,,,,,,,,,,,,,,,,,,,,,,,ECAL_Bloom(Prather)_250408_Take2.xlsx - Sheet5 (1).csv,,,,,,,,,,
,,,4,131.00%,171987.1343,31808.43437,5100.781089,18867.17902,17279.71165,113220.6914,20.48897771,10.42491153,277.7036287,5398.146092,3.253933277,16.57516588,45.64105612,452.3717393,1.391280675,11.34388223,4.499003906,0.938753402,666.8891195,238019.0498,,0.82969441,1.608175036,775.5253825,,14.97759148,110.90%,74.30%,78.60%,4.090375594,,,ECAL_Bloom(Prather)_250408_Take2.xlsx - Sheet5 (1).csv,,5695.729495,,,,,,,,94.20%
,,,,,,,,,,,,,,,,,,,,,,,,,,,,,,,,,,,,,ECAL_Bloom(Prather)_250408_Take2.xlsx - Sheet5 (1).csv,,,,,,,,,,
,,,,,,,,,,,,,,,,,,,,,,,,,,,,,,,,,,,,,ECAL_Bloom(Prather)_250408_Take2.xlsx - Sheet5 (1).csv,,,,,,,,,,
,,,,,,,,,,,,,,,,,,,,,,,,,,,,,,,,,,,,,ECAL_Bloom(Prather)_250408_Take2.xlsx - Sheet5 (1).csv,,,,,,,,,,
,,,5,125.00%,175569.7647,32467.1735,5188.331545,19006.2845,17193.32758,109955.9109,20.33872408,10.52533438,277.7255723,5350.609068,3.209800621,16.60796068,45.78801232,449.655169,1.467681686,11.39979915,4.585558414,0.926747951,678.9417771,234677.223,,0.819117258,1.61060063,599.4906658,,14.91475177,110.70%,74.20%,78.70%,4.099294563,,,ECAL_Bloom(Prather)_250408_Take2.xlsx - Sheet5 (1).csv,,5698.808613,,,,,,,,94.70%
,,,,,,,,,,,,,,,,,,,,,,,,,,,,,,,,,,,,,ECAL_Bloom(Prather)_250408_Take2.xlsx - Sheet5 (1).csv,,,,,,,,,,
,,,,,,,,,,,,,,,,,,,,,,,,,,,,,,,,,,,,,ECAL_Bloom(Prather)_250408_Take2.xlsx - Sheet5 (1).csv,,,,,,,,,,
,,,,,,,,,,,,,,,,,,,,,,,,,,,,,,,,,,,,,ECAL_Bloom(Prather)_250408_Take2.xlsx - Sheet5 (1).csv,,,,,,,,,,
,,,Mean:,125.70%,174474.4855,32072.69814,5146.62397,19206.07853,17383.22243,111351.8033,20.49557412,10.58182297,279.4857265,5403.879891,3.25120168,16.53074154,45.63961542,450.3302144,1.456549291,11.45197851,4.565277963,0.893628752,671.937512,234829.0225,,0.844163822,1.628246071,605.1177871,,14.97938434,110.50%,74.00%,79.10%,4.146463005,,,ECAL_Bloom(Prather)_250408_Take2.xlsx - Sheet5 (1).csv,,5709.415957,,,,,,,,92.80%
,,,RSD [%]:,2.775481626,0.996956318,1.307092417,0.89448025,1.305857267,0.837576862,1.184222922,0.693610969,1.327103345,0.615974976,0.961893553,0.81929075,1.097937539,0.375800575,0.857360938,3.1214886,3.572906568,1.376079057,5.657289867,0.701353746,0.983377664,,4.439109111,1.157230454,16.76786472,,0.936667118,0.940257012,0.346929889,0.677290346,1.2973707,,,ECAL_Bloom(Prather)_250408_Take2.xlsx - Sheet5 (1).csv,,1.532802669,,,,,,,,2.074315814
,,,SD:,3.50%,1739.434405,419.2198054,46.03553495,250.8039721,145.5978489,1318.653578,0.14215955,0.140431727,1.721562136,51.9795723,0.026636795,0.181497217,0.171513937,3.860955351,0.04546602,0.409168493,0.062821834,0.050555169,4.712658908,2309.256156,,0.037473353,0.018842559,101.4653319,,0.140306968,1.00%,0.30%,0.50%,0.053794996,,,ECAL_Bloom(Prather)_250408_Take2.xlsx - Sheet5 (1).csv,,87.5140802,,,,,,,,1.90%
,,,,,,,,,,,,,,,,,,,,,,,,,,,,,,,,,,,,,ECAL_Bloom(Prather)_250408_Take2.xlsx - Sheet5 (1).csv,,,,,,,,,,
,,,,,,,,,,,,,,,,,,,,,,,,,,,,,,,,,,,,,ECAL_Bloom(Prather)_250408_Take2.xlsx - Sheet5 (1).csv,,,,,,,,,,
,,,13_IB_0218AD,131.00%,218752.4308,40189.80862,495.3472463,20317.82659,18726.2071,150776.3142,5.114198891,2.055775624,233.5473978,749.8398786,0.9010572,9.42231045,16.38852708,139.7740208,0.169062384,1.95342085,2.612735838,0.28132309,1067.915599,176458.037,,0.64843108,0.130176999,749.4805054,,2.103791955,79.90%,70.60%,67.80%,4.976051644,,,ECAL_Bloom(Prather)_250408_Take2.xlsx - Sheet5 (1).csv,,4944.271735,,,,,,,,90.70%
,,,,,,,,,,,,,,,,,,,,,,,,,,,,,,,,,,,,,ECAL_Bloom(Prather)_250408_Take2.xlsx - Sheet5 (1).csv,,,,,,,,,,
,,,1,118.70%,233467.1564,42715.21961,525.4049452,20749.09539,18940.45482,149467.7026,5.088913834,2.053060805,233.0508168,759.913043,0.919939158,9.52631021,16.28771908,140.172024,0.168415869,1.718709439,2.683548515,0.218838699,1069.571366,175669.1381,,0.649910776,0.136583115,514.2255667,,2.125114641,79.60%,70.00%,67.80%,5.003597801,,,ECAL_Bloom(Prather)_250408_Take2.xlsx - Sheet5 (1).csv,,5171.685175,,,,,,,,89.30%
,,,,,,,,,,,,,,,,,,,,,,,,,,,,,,,,,,,,,ECAL_Bloom(Prather)_250408_Take2.xlsx - Sheet5 (1).csv,,,,,,,,,,
,,,,,,,,,,,,,,,,,,,,,,,,,,,,,,,,,,,,,ECAL_Bloom(Prather)_250408_Take2.xlsx - Sheet5 (1).csv,,,,,,,,,,
,,,,,,,,,,,,,,,,,,,,,,,,,,,,,,,,,,,,,ECAL_Bloom(Prather)_250408_Take2.xlsx - Sheet5 (1).csv,,,,,,,,,,
,,,2,138.00%,212615.6277,38965.0028,479.4957482,20596.05056,19018.78978,153591.7936,5.175958679,2.075874128,238.1784613,758.6601362,0.907889328,9.468305105,16.82533736,142.4488934,0.175731512,2.139875777,2.550454355,0.22671557,1065.679831,176794.3765,,0.674604788,0.117095242,348.3285318,,2.029720931,79.50%,70.80%,69.20%,5.039494767,,,ECAL_Bloom(Prather)_250408_Take2.xlsx - Sheet5 (1).csv,,4893.193466,,,,,,,,89.50%
,,,,,,,,,,,,,,,,,,,,,,,,,,,,,,,,,,,,,ECAL_Bloom(Prather)_250408_Take2.xlsx - Sheet5 (1).csv,,,,,,,,,,
,,,,,,,,,,,,,,,,,,,,,,,,,,,,,,,,,,,,,ECAL_Bloom(Prather)_250408_Take2.xlsx - Sheet5 (1).csv,,,,,,,,,,
,,,,,,,,,,,,,,,,,,,,,,,,,,,,,,,,,,,,,ECAL_Bloom(Prather)_250408_Take2.xlsx - Sheet5 (1).csv,,,,,,,,,,
,,,3,132.40%,215596.9579,39959.47252,493.7320058,19881.74155,18335.60332,150496.4758,5.06392073,2.040478701,233.8021004,742.3880904,0.888002033,9.297003901,16.14838795,137.9729869,0.158484471,1.736107238,2.545538575,0.320810108,1064.505818,173320.169,,0.633844515,0.13963071,852.6033616,,2.158105188,81.40%,70.30%,66.20%,4.90700379,,,ECAL_Bloom(Prather)_250408_Take2.xlsx - Sheet5 (1).csv,,4967.363945,,,,,,,,91.70%
,,,,,,,,,,,,,,,,,,,,,,,,,,,,,,,,,,,,,ECAL_Bloom(Prather)_250408_Take2.xlsx - Sheet5 (1).csv,,,,,,,,,,
,,,,,,,,,,,,,,,,,,,,,,,,,,,,,,,,,,,,,ECAL_Bloom(Prather)_250408_Take2.xlsx - Sheet5 (1).csv,,,,,,,,,,
,,,,,,,,,,,,,,,,,,,,,,,,,,,,,,,,,,,,,ECAL_Bloom(Prather)_250408_Take2.xlsx - Sheet5 (1).csv,,,,,,,,,,
,,,4,132.10%,216277.7215,40245.41278,494.0193216,20498.33559,18931.98239,150321.0145,5.28731657,2.087295785,235.6350814,750.9904082,0.905032618,9.567020326,16.53976506,140.1957836,0.158002759,1.955285826,2.635147722,0.312924578,1083.786582,178210.6222,,0.691238907,0.140765044,786.5986768,,2.073311003,79.10%,71.30%,68.40%,4.981393181,,,ECAL_Bloom(Prather)_250408_Take2.xlsx - Sheet5 (1).csv,,4928.518506,,,,,,,,90.50%
,,,,,,,,,,,,,,,,,,,,,,,,,,,,,,,,,,,,,ECAL_Bloom(Prather)_250408_Take2.xlsx - Sheet5 (1).csv,,,,,,,,,,
,,,,,,,,,,,,,,,,,,,,,,,,,,,,,,,,,,,,,ECAL_Bloom(Prather)_250408_Take2.xlsx - Sheet5 (1).csv,,,,,,,,,,
,,,,,,,,,,,,,,,,,,,,,,,,,,,,,,,,,,,,,ECAL_Bloom(Prather)_250408_Take2.xlsx - Sheet5 (1).csv,,,,,,,,,,
,,,5,133.60%,215804.6907,39063.9354,484.0842108,19863.90983,18404.2052,150004.5843,4.954884641,2.0221687,227.070529,737.2477152,0.884422864,9.252912708,16.14142594,138.0804159,0.184677311,2.217125973,2.648990022,0.327326495,1056.0344,178295.8791,,0.592556415,0.116810887,1245.64639,,2.13270801,80.10%,70.40%,67.40%,4.948768682,,,ECAL_Bloom(Prather)_250408_Take2.xlsx - Sheet5 (1).csv,,4760.597583,,,,,,,,92.70%
,,,,,,,,,,,,,,,,,,,,,,,,,,,,,,,,,,,,,ECAL_Bloom(Prather)_250408_Take2.xlsx - Sheet5 (1).csv,,,,,,,,,,
,,,,,,,,,,,,,,,,,,,,,,,,,,,,,,,,,,,,,ECAL_Bloom(Prather)_250408_Take2.xlsx - Sheet5 (1).csv,,,,,,,,,,
,,,,,,,,,,,,,,,,,,,,,,,,,,,,,,,,,,,,,ECAL_Bloom(Prather)_250408_Take2.xlsx - Sheet5 (1).csv,,,,,,,,,,
,,,Mean:,131.00%,218752.4308,40189.80862,495.3472463,20317.82659,18726.2071,150776.3142,5.114198891,2.055775624,233.5473978,749.8398786,0.9010572,9.42231045,16.38852708,139.7740208,0.169062384,1.95342085,2.612735838,0.28132309,1067.915599,176458.037,,0.64843108,0.130176999,749.4805054,,2.103791955,79.90%,70.60%,67.80%,4.976051644,,,ECAL_Bloom(Prather)_250408_Take2.xlsx - Sheet5 (1).csv,,4944.271735,,,,,,,,90.70%
,,,RSD [%]:,5.545425859,3.817537484,3.773856956,3.61971678,2.047420861,1.751089302,1.07561383,2.440893481,1.279669665,1.766288248,1.324721537,1.633104166,1.484600223,1.785669395,1.319365023,6.763076117,11.63495018,2.361353362,19.10963603,0.950827606,1.169358338,,5.899991749,9.347763536,45.95255629,,2.453414876,1.117518959,0.686296353,1.649611143,1.020976695,,,ECAL_Bloom(Prather)_250408_Take2.xlsx - Sheet5 (1).csv,,3.014258062,,,,,,,,1.606852774
,,,SD:,7.30%,8350.956045,1516.705888,17.93016739,415.99142,327.9126093,1621.770887,0.124832147,0.026307137,4.125120241,9.933290364,0.014715203,0.139883642,0.292644912,1.844129541,0.011433818,0.227279543,0.061695926,0.053759819,10.15403632,2063.426769,,0.03825738,0.012168638,344.4054511,,0.051614745,0.90%,0.50%,1.10%,0.050804328,,,ECAL_Bloom(Prather)_250408_Take2.xlsx - Sheet5 (1).csv,,149.0331094,,,,,,,,1.50%
,,,,,,,,,,,,,,,,,,,,,,,,,,,,,,,,,,,,,ECAL_Bloom(Prather)_250408_Take2.xlsx - Sheet5 (1).csv,,,,,,,,,,
,,,,,,,,,,,,,,,,,,,,,,,,,,,,,,,,,,,,,ECAL_Bloom(Prather)_250408_Take2.xlsx - Sheet5 (1).csv,,,,,,,,,,
,,,14_IB_0219AD,140.50%,196750.8803,36650.98451,384.4184119,19456.88102,17782.80265,146294.7019,4.555132508,2.606072602,229.7543964,1064.868326,0.979340624,7.880258384,15.89984838,299.8642757,0.134123753,2.661866139,2.298085931,0.276702263,1020.648029,197846.0145,,0.4652416,0.150074226,594.8138193,,2.771889863,81.90%,73.00%,70.60%,4.975175188,,,ECAL_Bloom(Prather)_250408_Take2.xlsx - Sheet5 (1).csv,,4954.040378,,,,,,,,92.80%
,,,,,,,,,,,,,,,,,,,,,,,,,,,,,,,,,,,,,ECAL_Bloom(Prather)_250408_Take2.xlsx - Sheet5 (1).csv,,,,,,,,,,
,,,1,131.70%,204296.1464,37952.38262,400.4789769,19738.87161,17784.94323,147273.6861,4.539204844,2.618485581,229.2861027,1059.326579,0.982897434,7.981961459,16.04118263,301.3458376,0.140981747,2.762822736,2.303324644,0.300513342,1030.257013,198952.2565,,0.433052736,0.158634221,341.979746,,2.781320333,81.70%,73.90%,71.40%,5.037363937,,,ECAL_Bloom(Prather)_250408_Take2.xlsx - Sheet5 (1).csv,,5190.136837,,,,,,,,92.20%
,,,,,,,,,,,,,,,,,,,,,,,,,,,,,,,,,,,,,ECAL_Bloom(Prather)_250408_Take2.xlsx - Sheet5 (1).csv,,,,,,,,,,
,,,,,,,,,,,,,,,,,,,,,,,,,,,,,,,,,,,,,ECAL_Bloom(Prather)_250408_Take2.xlsx - Sheet5 (1).csv,,,,,,,,,,
,,,,,,,,,,,,,,,,,,,,,,,,,,,,,,,,,,,,,ECAL_Bloom(Prather)_250408_Take2.xlsx - Sheet5 (1).csv,,,,,,,,,,
,,,2,145.80%,188047.1868,35722.15092,375.6739596,19220.99189,17616.65775,146976.7516,4.512377181,2.590816937,229.3096931,1070.915007,0.973189094,7.922823007,15.67100204,298.3926095,0.123341775,2.848090304,2.279032587,0.237336565,1018.624409,195776.7598,,0.527559252,0.140972481,699.540708,,2.781892502,82.00%,73.10%,71.00%,4.940291138,,,ECAL_Bloom(Prather)_250408_Take2.xlsx - Sheet5 (1).csv,,4876.565974,,,,,,,,94.10%
,,,,,,,,,,,,,,,,,,,,,,,,,,,,,,,,,,,,,ECAL_Bloom(Prather)_250408_Take2.xlsx - Sheet5 (1).csv,,,,,,,,,,
,,,,,,,,,,,,,,,,,,,,,,,,,,,,,,,,,,,,,ECAL_Bloom(Prather)_250408_Take2.xlsx - Sheet5 (1).csv,,,,,,,,,,
,,,,,,,,,,,,,,,,,,,,,,,,,,,,,,,,,,,,,ECAL_Bloom(Prather)_250408_Take2.xlsx - Sheet5 (1).csv,,,,,,,,,,
,,,3,134.30%,207435.6773,38119.61513,395.0164958,19691.37183,17842.35316,146478.8613,4.503923835,2.61711073,232.9886005,1058.892625,0.97481596,7.886900431,15.97826493,300.3255095,0.135980844,2.43005066,2.332389135,0.274753707,1009.14219,199028.2592,,0.466399689,0.165201821,468.7700816,,2.772570157,83.00%,72.50%,70.90%,4.921332704,,,ECAL_Bloom(Prather)_250408_Take2.xlsx - Sheet5 (1).csv,,5127.219826,,,,,,,,92.00%
,,,,,,,,,,,,,,,,,,,,,,,,,,,,,,,,,,,,,ECAL_Bloom(Prather)_250408_Take2.xlsx - Sheet5 (1).csv,,,,,,,,,,
,,,,,,,,,,,,,,,,,,,,,,,,,,,,,,,,,,,,,ECAL_Bloom(Prather)_250408_Take2.xlsx - Sheet5 (1).csv,,,,,,,,,,
,,,,,,,,,,,,,,,,,,,,,,,,,,,,,,,,,,,,,ECAL_Bloom(Prather)_250408_Take2.xlsx - Sheet5 (1).csv,,,,,,,,,,
,,,4,141.40%,197183.4992,36507.53535,383.3618318,19674.92701,17797.5115,146001.9664,4.625748284,2.589846824,231.468566,1073.173929,0.962092055,7.725765622,15.98243862,298.1322012,0.135528276,2.287206022,2.232089896,0.25889692,1018.891484,192526.0782,,0.473145191,0.137040177,498.0181663,,2.74036412,83.10%,73.30%,70.10%,5.051500363,,,ECAL_Bloom(Prather)_250408_Take2.xlsx - Sheet5 (1).csv,,4830.443888,,,,,,,,92.50%
,,,,,,,,,,,,,,,,,,,,,,,,,,,,,,,,,,,,,ECAL_Bloom(Prather)_250408_Take2.xlsx - Sheet5 (1).csv,,,,,,,,,,
,,,,,,,,,,,,,,,,,,,,,,,,,,,,,,,,,,,,,ECAL_Bloom(Prather)_250408_Take2.xlsx - Sheet5 (1).csv,,,,,,,,,,
,,,,,,,,,,,,,,,,,,,,,,,,,,,,,,,,,,,,,ECAL_Bloom(Prather)_250408_Take2.xlsx - Sheet5 (1).csv,,,,,,,,,,
,,,5,149.20%,186791.8917,34953.2385,367.5607952,18958.24274,17872.54759,144742.2441,4.594408396,2.614102939,225.7190195,1062.033489,1.003708576,7.883841403,15.82635365,301.1252207,0.134786126,2.98116097,2.343593391,0.312010781,1026.325048,202946.7188,,0.426051129,0.14852243,965.7603948,,2.783302204,79.70%,72.10%,69.70%,4.925387799,,,ECAL_Bloom(Prather)_250408_Take2.xlsx - Sheet5 (1).csv,,4745.835366,,,,,,,,93.50%
,,,,,,,,,,,,,,,,,,,,,,,,,,,,,,,,,,,,,ECAL_Bloom(Prather)_250408_Take2.xlsx - Sheet5 (1).csv,,,,,,,,,,
,,,,,,,,,,,,,,,,,,,,,,,,,,,,,,,,,,,,,ECAL_Bloom(Prather)_250408_Take2.xlsx - Sheet5 (1).csv,,,,,,,,,,
,,,,,,,,,,,,,,,,,,,,,,,,,,,,,,,,,,,,,ECAL_Bloom(Prather)_250408_Take2.xlsx - Sheet5 (1).csv,,,,,,,,,,
,,,Mean:,140.50%,196750.8803,36650.98451,384.4184119,19456.88102,17782.80265,146294.7019,4.555132508,2.606072602,229.7543964,1064.868326,0.979340624,7.880258384,15.89984838,299.8642757,0.134123753,2.661866139,2.298085931,0.276702263,1020.648029,197846.0145,,0.4652416,0.150074226,594.8138193,,2.771889863,81.90%,73.00%,70.60%,4.975175188,,,ECAL_Bloom(Prather)_250408_Take2.xlsx - Sheet5 (1).csv,,4954.040378,,,,,,,,92.80%
,,,RSD [%]:,5.285521937,4.728557318,3.764891816,3.519070315,1.792104896,0.558287984,0.679552898,1.16337873,0.554875622,1.193954665,0.629959076,1.583747141,1.20521409,0.947159821,0.504753111,4.848325203,10.96771287,1.945246577,10.96795359,0.79615852,1.977411909,,8.677455644,7.864850188,40.98734067,,0.653761805,1.659890825,0.920741097,0.996941438,1.282599505,,,ECAL_Bloom(Prather)_250408_Take2.xlsx - Sheet5 (1).csv,,3.91360638,,,,,,,,0.970624823
,,,SD:,7.40%,9303.478147,1379.869916,13.52795422,348.6877174,99.2792504,994.1498861,0.052993443,0.014460462,2.743163333,6.70823467,0.015510279,0.094973984,0.150596976,1.513574261,0.006502756,0.291945835,0.044703438,0.030348576,8.125976236,3912.230652,,0.040371133,0.011803113,243.7983665,,0.018121557,1.40%,0.70%,0.70%,0.063811572,,,ECAL_Bloom(Prather)_250408_Take2.xlsx - Sheet5 (1).csv,,193.8816403,,,,,,,,0.90%
,,,,,,,,,,,,,,,,,,,,,,,,,,,,,,,,,,,,,ECAL_Bloom(Prather)_250408_Take2.xlsx - Sheet5 (1).csv,,,,,,,,,,
,,,,,,,,,,,,,,,,,,,,,,,,,,,,,,,,,,,,,ECAL_Bloom(Prather)_250408_Take2.xlsx - Sheet5 (1).csv,,,,,,,,,,
,,,15_IB_0319AD,132.40%,270483.8725,50981.35587,513.944193,27315.58349,23554.73746,177339.9596,7.165467818,5.034182083,340.5326846,1613.221415,1.519862561,23.45354484,16.34317278,363.2862971,0.174344273,3.916486469,3.279240949,0.421459826,1263.860234,222733.0103,,0.67385905,0.181000287,85.48518388,,2.251435503,78.40%,66.60%,62.90%,5.667312106,,,ECAL_Bloom(Prather)_250408_Take2.xlsx - Sheet5 (1).csv,,4974.186744,,,,,,,,88.30%
,,,,,,,,,,,,,,,,,,,,,,,,,,,,,,,,,,,,,ECAL_Bloom(Prather)_250408_Take2.xlsx - Sheet5 (1).csv,,,,,,,,,,
,,,1,126.90%,275009.3898,50867.33333,513.4984273,26928.31129,23011.49778,176025.3493,6.968921267,4.880659578,333.1457055,1579.716205,1.477901094,22.86022155,15.8830431,354.1832235,0.168124405,4.107570642,3.182232522,0.391855993,1225.947047,223576.1855,,0.584953605,0.19152301,29.53126807,,2.273982672,80.10%,65.90%,63.40%,5.763606166,,,ECAL_Bloom(Prather)_250408_Take2.xlsx - Sheet5 (1).csv,,4984.68133,,,,,,,,90.60%
,,,,,,,,,,,,,,,,,,,,,,,,,,,,,,,,,,,,,ECAL_Bloom(Prather)_250408_Take2.xlsx - Sheet5 (1).csv,,,,,,,,,,
,,,,,,,,,,,,,,,,,,,,,,,,,,,,,,,,,,,,,ECAL_Bloom(Prather)_250408_Take2.xlsx - Sheet5 (1).csv,,,,,,,,,,
,,,,,,,,,,,,,,,,,,,,,,,,,,,,,,,,,,,,,ECAL_Bloom(Prather)_250408_Take2.xlsx - Sheet5 (1).csv,,,,,,,,,,
,,,2,133.60%,265898.6296,51075.70816,510.0150953,26795.39942,23343.06158,180801.7966,7.080662768,4.907083161,339.1567274,1597.948303,1.511632364,23.21090589,16.28987842,363.168882,0.198553953,3.454960674,3.348789954,0.490489318,1287.008602,226897.2075,,0.62645434,0.186152483,49.69280831,,2.220248417,77.40%,67.40%,63.20%,5.615874004,,,ECAL_Bloom(Prather)_250408_Take2.xlsx - Sheet5 (1).csv,,5024.861721,,,,,,,,89.70%
,,,,,,,,,,,,,,,,,,,,,,,,,,,,,,,,,,,,,ECAL_Bloom(Prather)_250408_Take2.xlsx - Sheet5 (1).csv,,,,,,,,,,
,,,,,,,,,,,,,,,,,,,,,,,,,,,,,,,,,,,,,ECAL_Bloom(Prather)_250408_Take2.xlsx - Sheet5 (1).csv,,,,,,,,,,
,,,,,,,,,,,,,,,,,,,,,,,,,,,,,,,,,,,,,ECAL_Bloom(Prather)_250408_Take2.xlsx - Sheet5 (1).csv,,,,,,,,,,
,,,3,131.70%,277742.2357,52161.97997,526.2424751,28132.12542,24415.38343,178969.2005,7.37023076,5.236944817,347.6603121,1654.944362,1.566121969,23.79057268,16.52204404,367.3832401,0.18169382,3.988997583,3.295098525,0.382238725,1244.693919,220076.838,,1.098503341,0.170182438,85.17870767,,2.213136669,78.90%,67.00%,62.40%,5.688548762,,,ECAL_Bloom(Prather)_250408_Take2.xlsx - Sheet5 (1).csv,,5076.426062,,,,,,,,85.90%
,,,,,,,,,,,,,,,,,,,,,,,,,,,,,,,,,,,,,ECAL_Bloom(Prather)_250408_Take2.xlsx - Sheet5 (1).csv,,,,,,,,,,
,,,,,,,,,,,,,,,,,,,,,,,,,,,,,,,,,,,,,ECAL_Bloom(Prather)_250408_Take2.xlsx - Sheet5 (1).csv,,,,,,,,,,
,,,,,,,,,,,,,,,,,,,,,,,,,,,,,,,,,,,,,ECAL_Bloom(Prather)_250408_Take2.xlsx - Sheet5 (1).csv,,,,,,,,,,
,,,4,142.10%,256892.0083,48797.44544,492.8434026,26903.63169,23381.5854,175257.5185,7.298772011,5.071093462,342.5399602,1625.906686,1.530855863,23.93155742,16.5820981,368.432014,0.171092902,3.855530954,3.275984302,0.388814388,1312.06187,220398.5684,,0.500880075,0.180120059,179.0593263,,2.277831739,77.60%,66.60%,63.50%,5.550678686,,,ECAL_Bloom(Prather)_250408_Take2.xlsx - Sheet5 (1).csv,,4765.591723,,,,,,,,87.40%
,,,,,,,,,,,,,,,,,,,,,,,,,,,,,,,,,,,,,ECAL_Bloom(Prather)_250408_Take2.xlsx - Sheet5 (1).csv,,,,,,,,,,
,,,,,,,,,,,,,,,,,,,,,,,,,,,,,,,,,,,,,ECAL_Bloom(Prather)_250408_Take2.xlsx - Sheet5 (1).csv,,,,,,,,,,
,,,,,,,,,,,,,,,,,,,,,,,,,,,,,,,,,,,,,ECAL_Bloom(Prather)_250408_Take2.xlsx - Sheet5 (1).csv,,,,,,,,,,
,,,5,127.60%,276877.0989,52004.31245,527.1215649,27818.44963,23622.15912,175645.9329,7.108752286,5.075129394,340.1607178,1607.59152,1.512801517,23.47446669,16.43880023,363.2641262,0.152256287,4.175372494,3.29409944,0.453900707,1249.589734,222716.252,,0.558503889,0.177023446,83.96380909,,2.271978021,78.10%,66.30%,62.00%,5.717852913,,,ECAL_Bloom(Prather)_250408_Take2.xlsx - Sheet5 (1).csv,,5019.372885,,,,,,,,88.10%
,,,,,,,,,,,,,,,,,,,,,,,,,,,,,,,,,,,,,ECAL_Bloom(Prather)_250408_Take2.xlsx - Sheet5 (1).csv,,,,,,,,,,
,,,,,,,,,,,,,,,,,,,,,,,,,,,,,,,,,,,,,ECAL_Bloom(Prather)_250408_Take2.xlsx - Sheet5 (1).csv,,,,,,,,,,
,,,,,,,,,,,,,,,,,,,,,,,,,,,,,,,,,,,,,ECAL_Bloom(Prather)_250408_Take2.xlsx - Sheet5 (1).csv,,,,,,,,,,
,,,Mean:,132.40%,270483.8725,50981.35587,513.944193,27315.58349,23554.73746,177339.9596,7.165467818,5.034182083,340.5326846,1613.221415,1.519862561,23.45354484,16.34317278,363.2862971,0.174344273,3.916486469,3.279240949,0.421459826,1263.860234,222733.0103,,0.67385905,0.181000287,85.48518388,,2.251435503,78.40%,66.60%,62.90%,5.667312106,,,ECAL_Bloom(Prather)_250408_Take2.xlsx - Sheet5 (1).csv,,4974.186744,,,,,,,,88.30%
,,,RSD [%]:,4.624365703,3.30573733,2.637413802,2.727105684,2.249221684,2.24160622,1.36890381,2.300986431,2.876456097,1.549939739,1.777569771,2.11651325,1.85047109,1.711024437,1.545800874,9.840084504,7.283810376,1.850572245,11.43947181,2.760136691,1.240903963,,35.87011772,4.546594411,67.12428664,,1.416199422,1.408366352,0.918021504,1.045307515,1.490122767,,,ECAL_Bloom(Prather)_250408_Take2.xlsx - Sheet5 (1).csv,,2.435062619,,,,,,,,2.089982856
,,,SD:,6.10%,8941.486343,1344.589316,14.0158013,614.3880269,528.00446,2427.613464,0.164876442,0.144806037,5.278051404,28.67613621,0.032168092,0.434001067,0.27963568,5.615682757,0.017155624,0.285269448,0.060684723,0.048212778,34.88427005,2763.902752,,0.241714034,0.008229349,57.38131986,,0.031884817,1.10%,0.60%,0.70%,0.084449908,,,ECAL_Bloom(Prather)_250408_Take2.xlsx - Sheet5 (1).csv,,121.124562,,,,,,,,1.80%
,,,,,,,,,,,,,,,,,,,,,,,,,,,,,,,,,,,,,ECAL_Bloom(Prather)_250408_Take2.xlsx - Sheet5 (1).csv,,,,,,,,,,
,,,,,,,,,,,,,,,,,,,,,,,,,,,,,,,,,,,,,ECAL_Bloom(Prather)_250408_Take2.xlsx - Sheet5 (1).csv,,,,,,,,,,
,,,16_DM_0319AD,82.30%,522403.2845,101221.6582,910.9187636,58118.32382,57707.96266,183740.2489,18.01388435,13.05013832,724.4272641,3800.459779,3.593804211,55.34178661,40.68374779,1018.428668,0.394872387,8.432697453,8.020012329,0.974613986,3105.141946,556681.4058,,1.986511523,0.495946111,394.5892525,,5.020881148,33.80%,27.20%,27.30%,7.023344736,,,ECAL_Bloom(Prather)_250408_Take2.xlsx - Sheet5 (1).csv,,9124.291071,,,,,,,,37.40%
,,,,,,,,,,,,,,,,,,,,,,,,,,,,,,,,,,,,,ECAL_Bloom(Prather)_250408_Take2.xlsx - Sheet5 (1).csv,,,,,,,,,,
,,,1,89.30%,450152.501,87555.33902,783.9164697,46033.65843,44583.23262,185320.3007,13.62897143,10.04592165,548.4352727,2882.811033,2.758258697,42.21447269,31.13405762,791.5326805,0.312214365,6.504021441,6.248864921,0.784880606,2438.589214,439401.9358,,1.344832097,0.419744219,337.2895659,,3.991972803,41.90%,34.50%,34.10%,6.946068865,,,ECAL_Bloom(Prather)_250408_Take2.xlsx - Sheet5 (1).csv,,7563.085202,,,,,,,,47.90%
,,,,,,,,,,,,,,,,,,,,,,,,,,,,,,,,,,,,,ECAL_Bloom(Prather)_250408_Take2.xlsx - Sheet5 (1).csv,,,,,,,,,,
,,,,,,,,,,,,,,,,,,,,,,,,,,,,,,,,,,,,,ECAL_Bloom(Prather)_250408_Take2.xlsx - Sheet5 (1).csv,,,,,,,,,,
,,,,,,,,,,,,,,,,,,,,,,,,,,,,,,,,,,,,,ECAL_Bloom(Prather)_250408_Take2.xlsx - Sheet5 (1).csv,,,,,,,,,,
,,,2,86.30%,501020.8752,94939.79432,866.6242173,54778.00904,53827.82305,183147.2796,16.90910552,12.28676579,677.2900695,3552.570471,3.420829294,51.89347208,37.87220393,947.6365737,0.368033183,8.803108968,7.510691769,0.903796018,2862.295714,512622.7118,,1.890979398,0.414375811,374.8812946,,4.757672826,36.30%,28.70%,28.30%,7.182738393,,,ECAL_Bloom(Prather)_250408_Take2.xlsx - Sheet5 (1).csv,,8622.296117,,,,,,,,39.20%
,,,,,,,,,,,,,,,,,,,,,,,,,,,,,,,,,,,,,ECAL_Bloom(Prather)_250408_Take2.xlsx - Sheet5 (1).csv,,,,,,,,,,
,,,,,,,,,,,,,,,,,,,,,,,,,,,,,,,,,,,,,ECAL_Bloom(Prather)_250408_Take2.xlsx - Sheet5 (1).csv,,,,,,,,,,
,,,,,,,,,,,,,,,,,,,,,,,,,,,,,,,,,,,,,ECAL_Bloom(Prather)_250408_Take2.xlsx - Sheet5 (1).csv,,,,,,,,,,
,,,3,79.20%,544381.4704,106382.9005,957.1868632,60876.26281,61124.19854,183018.3081,18.9534317,13.64823919,767.8859269,4012.059851,3.805227077,58.70437052,43.24213615,1078.196339,0.440785739,8.881198088,8.430981996,0.864849429,3287.049541,593651.849,,2.185907844,0.529174219,402.9037878,,5.216100159,31.60%,25.30%,25.80%,6.988366065,,,ECAL_Bloom(Prather)_250408_Take2.xlsx - Sheet5 (1).csv,,9596.598058,,,,,,,,34.60%
,,,,,,,,,,,,,,,,,,,,,,,,,,,,,,,,,,,,,ECAL_Bloom(Prather)_250408_Take2.xlsx - Sheet5 (1).csv,,,,,,,,,,
,,,,,,,,,,,,,,,,,,,,,,,,,,,,,,,,,,,,,ECAL_Bloom(Prather)_250408_Take2.xlsx - Sheet5 (1).csv,,,,,,,,,,
,,,,,,,,,,,,,,,,,,,,,,,,,,,,,,,,,,,,,ECAL_Bloom(Prather)_250408_Take2.xlsx - Sheet5 (1).csv,,,,,,,,,,
,,,4,83.30%,529913.5524,102087.8398,925.9948955,63016.05717,63231.48688,185012.8685,20.07877429,14.63786792,804.6564809,4216.141856,3.998137171,61.40186168,45.50629388,1129.369782,0.43835885,8.372750231,9.033182275,1.247099341,3435.017159,611959.0853,,2.255869128,0.570006766,423.1360899,,5.521715866,29.80%,23.90%,24.50%,7.051533593,,,ECAL_Bloom(Prather)_250408_Take2.xlsx - Sheet5 (1).csv,,9528.053577,,,,,,,,33.20%
,,,,,,,,,,,,,,,,,,,,,,,,,,,,,,,,,,,,,ECAL_Bloom(Prather)_250408_Take2.xlsx - Sheet5 (1).csv,,,,,,,,,,
,,,,,,,,,,,,,,,,,,,,,,,,,,,,,,,,,,,,,ECAL_Bloom(Prather)_250408_Take2.xlsx - Sheet5 (1).csv,,,,,,,,,,
,,,,,,,,,,,,,,,,,,,,,,,,,,,,,,,,,,,,,ECAL_Bloom(Prather)_250408_Take2.xlsx - Sheet5 (1).csv,,,,,,,,,,
,,,5,73.30%,586548.0234,115142.4173,1020.871372,65887.63163,65773.07219,182202.4879,20.49913879,14.63189705,823.8685703,4338.715686,3.986568816,62.49475609,45.66404739,1145.407965,0.414969796,9.602408537,8.876340685,1.072444535,3502.758101,625771.4473,,2.25496915,0.546429538,434.7355244,,5.616944083,29.60%,23.50%,24.00%,6.948016763,,,ECAL_Bloom(Prather)_250408_Take2.xlsx - Sheet5 (1).csv,,10311.4224,,,,,,,,32.20%
,,,,,,,,,,,,,,,,,,,,,,,,,,,,,,,,,,,,,ECAL_Bloom(Prather)_250408_Take2.xlsx - Sheet5 (1).csv,,,,,,,,,,
,,,,,,,,,,,,,,,,,,,,,,,,,,,,,,,,,,,,,ECAL_Bloom(Prather)_250408_Take2.xlsx - Sheet5 (1).csv,,,,,,,,,,
,,,,,,,,,,,,,,,,,,,,,,,,,,,,,,,,,,,,,ECAL_Bloom(Prather)_250408_Take2.xlsx - Sheet5 (1).csv,,,,,,,,,,
,,,Mean:,82.30%,522403.2845,101221.6582,910.9187636,58118.32382,57707.96266,183740.2489,18.01388435,13.05013832,724.4272641,3800.459779,3.593804211,55.34178661,40.68374779,1018.428668,0.394872387,8.432697453,8.020012329,0.974613986,3105.141946,556681.4058,,1.986511523,0.495946111,394.5892525,,5.020881148,33.80%,27.20%,27.30%,7.023344736,,,ECAL_Bloom(Prather)_250408_Take2.xlsx - Sheet5 (1).csv,,9124.291071,,,,,,,,37.40%
,,,RSD [%]:,7.601268674,9.728439396,10.44834765,9.902856036,13.57969412,14.86984373,0.737933141,15.64509209,14.8332324,15.64930359,15.62675249,14.52879206,15.20993108,15.23687626,14.60508361,13.84525146,13.81662768,14.38659324,18.98057647,14.43179194,14.17062246,,19.58169055,14.81642247,9.951235789,,13.25691576,15.4450788,16.86889752,15.0518039,1.407179524,,,ECAL_Bloom(Prather)_250408_Take2.xlsx - Sheet5 (1).csv,,11.60485139,,,,,,,,17.16505159
,,,SD:,6.30%,50821.68693,10575.99074,90.20697377,7892.290599,8581.083866,1355.880191,2.818288795,1.935757345,113.3678219,593.8884431,0.522136341,8.417447602,6.198932311,148.7423585,0.054671075,1.165114411,1.153806552,0.184987353,448.127625,78885.22035,,0.388992539,0.073481471,39.26650691,,0.665613984,5.20%,4.60%,4.10%,0.098831069,,,ECAL_Bloom(Prather)_250408_Take2.xlsx - Sheet5 (1).csv,,1058.860419,,,,,,,,6.40%
,,,,,,,,,,,,,,,,,,,,,,,,,,,,,,,,,,,,,ECAL_Bloom(Prather)_250408_Take2.xlsx - Sheet5 (1).csv,,,,,,,,,,
,,,,,,,,,,,,,,,,,,,,,,,,,,,,,,,,,,,,,ECAL_Bloom(Prather)_250408_Take2.xlsx - Sheet5 (1).csv,,,,,,,,,,
,,,17_IB_0319FAD,124.60%,24432.08208,4255.69085,2914.637314,1822.902513,1222.809507,12808.79481,7.189752816,10.78265138,75.58744229,3722.142439,1.369112239,8.547536369,58.66106455,196.7832511,0.921667095,9.085446524,1.996739133,0.563761436,46.56594553,85660.49854,,0.231520794,0.800132069,6223.038995,,19.98803313,131.60%,108.20%,114.30%,0.254497017,,,ECAL_Bloom(Prather)_250408_Take2.xlsx - Sheet5 (1).csv,,149.0008456,,,,,,,,120.40%
,,,,,,,,,,,,,,,,,,,,,,,,,,,,,,,,,,,,,ECAL_Bloom(Prather)_250408_Take2.xlsx - Sheet5 (1).csv,,,,,,,,,,
,,,1,130.60%,23954.20891,4165.232649,2838.028467,1787.602431,1224.546114,14242.16181,7.10204788,10.72915701,75.45990791,3702.871656,1.382453928,8.596349703,58.72715844,198.1690484,0.930886361,9.206257341,1.959530401,0.549362691,46.61926113,85065.12532,,0.198925379,0.806258946,5303.721526,,19.71978667,130.50%,107.20%,114.70%,0.250782443,,,ECAL_Bloom(Prather)_250408_Take2.xlsx - Sheet5 (1).csv,,150.5586394,,,,,,,,118.40%
,,,,,,,,,,,,,,,,,,,,,,,,,,,,,,,,,,,,,ECAL_Bloom(Prather)_250408_Take2.xlsx - Sheet5 (1).csv,,,,,,,,,,
,,,,,,,,,,,,,,,,,,,,,,,,,,,,,,,,,,,,,ECAL_Bloom(Prather)_250408_Take2.xlsx - Sheet5 (1).csv,,,,,,,,,,
,,,,,,,,,,,,,,,,,,,,,,,,,,,,,,,,,,,,,ECAL_Bloom(Prather)_250408_Take2.xlsx - Sheet5 (1).csv,,,,,,,,,,
,,,2,123.50%,24292.36063,4195.829322,2920.414776,1832.074871,1228.588656,13707.42967,7.285533697,10.76588011,75.88112758,3742.134247,1.382483359,8.474407335,58.9065097,198.1085218,0.949581613,9.367687635,2.008781339,0.597713837,46.69219188,86416.73886,,0.237690855,0.806818155,5592.118849,,19.8712139,129.50%,107.40%,113.80%,0.257060887,,,ECAL_Bloom(Prather)_250408_Take2.xlsx - Sheet5 (1).csv,,140.444281,,,,,,,,120.70%
,,,,,,,,,,,,,,,,,,,,,,,,,,,,,,,,,,,,,ECAL_Bloom(Prather)_250408_Take2.xlsx - Sheet5 (1).csv,,,,,,,,,,
,,,,,,,,,,,,,,,,,,,,,,,,,,,,,,,,,,,,,ECAL_Bloom(Prather)_250408_Take2.xlsx - Sheet5 (1).csv,,,,,,,,,,
,,,,,,,,,,,,,,,,,,,,,,,,,,,,,,,,,,,,,ECAL_Bloom(Prather)_250408_Take2.xlsx - Sheet5 (1).csv,,,,,,,,,,
,,,3,124.30%,24229.30512,4237.719526,2885.984702,1805.302337,1209.580367,12505.82235,7.154514497,10.75567765,74.34649653,3668.998912,1.336005724,8.482582018,57.62836113,194.1203315,0.918137547,9.062424596,2.009330103,0.55021176,46.62546875,85320.44377,,0.213310103,0.786786047,6324.930932,,19.72829506,132.70%,108.40%,115.70%,0.257524635,,,ECAL_Bloom(Prather)_250408_Take2.xlsx - Sheet5 (1).csv,,152.9319628,,,,,,,,122.30%
,,,,,,,,,,,,,,,,,,,,,,,,,,,,,,,,,,,,,ECAL_Bloom(Prather)_250408_Take2.xlsx - Sheet5 (1).csv,,,,,,,,,,
,,,,,,,,,,,,,,,,,,,,,,,,,,,,,,,,,,,,,ECAL_Bloom(Prather)_250408_Take2.xlsx - Sheet5 (1).csv,,,,,,,,,,
,,,,,,,,,,,,,,,,,,,,,,,,,,,,,,,,,,,,,ECAL_Bloom(Prather)_250408_Take2.xlsx - Sheet5 (1).csv,,,,,,,,,,
,,,4,116.40%,25753.89909,4489.288318,3064.454973,1865.325573,1233.665133,11997.01194,7.171393957,10.92847784,76.76521729,3795.104288,1.380987393,8.751830403,59.7738518,199.0258779,0.923817222,9.078783729,2.050528623,0.559070772,46.64705039,85150.38886,,0.255311553,0.784255203,6841.740752,,20.15347877,131.20%,109.00%,114.20%,0.254578644,,,ECAL_Bloom(Prather)_250408_Take2.xlsx - Sheet5 (1).csv,,156.0369537,,,,,,,,119.00%
,,,,,,,,,,,,,,,,,,,,,,,,,,,,,,,,,,,,,ECAL_Bloom(Prather)_250408_Take2.xlsx - Sheet5 (1).csv,,,,,,,,,,
,,,,,,,,,,,,,,,,,,,,,,,,,,,,,,,,,,,,,ECAL_Bloom(Prather)_250408_Take2.xlsx - Sheet5 (1).csv,,,,,,,,,,
,,,,,,,,,,,,,,,,,,,,,,,,,,,,,,,,,,,,,ECAL_Bloom(Prather)_250408_Take2.xlsx - Sheet5 (1).csv,,,,,,,,,,
,,,5,128.30%,23930.63664,4190.384436,2864.30365,1824.207351,1217.667262,11591.54828,7.23527405,10.73406432,75.48446214,3701.603089,1.363630792,8.432512387,58.26944165,194.4924758,0.885912731,8.71207932,1.955525198,0.562448117,46.2457555,86349.7959,,0.252366078,0.816541995,7052.682916,,20.46739124,133.90%,109.10%,113.30%,0.252538474,,,ECAL_Bloom(Prather)_250408_Take2.xlsx - Sheet5 (1).csv,,145.0323909,,,,,,,,121.40%
,,,,,,,,,,,,,,,,,,,,,,,,,,,,,,,,,,,,,ECAL_Bloom(Prather)_250408_Take2.xlsx - Sheet5 (1).csv,,,,,,,,,,
,,,,,,,,,,,,,,,,,,,,,,,,,,,,,,,,,,,,,ECAL_Bloom(Prather)_250408_Take2.xlsx - Sheet5 (1).csv,,,,,,,,,,
,,,,,,,,,,,,,,,,,,,,,,,,,,,,,,,,,,,,,ECAL_Bloom(Prather)_250408_Take2.xlsx - Sheet5 (1).csv,,,,,,,,,,
,,,Mean:,124.60%,24432.08208,4255.69085,2914.637314,1822.902513,1222.809507,12808.79481,7.189752816,10.78265138,75.58744229,3722.142439,1.369112239,8.547536369,58.66106455,196.7832511,0.921667095,9.085446524,1.996739133,0.563761436,46.56594553,85660.49854,,0.231520794,0.800132069,6223.038995,,19.98803313,131.60%,108.20%,114.30%,0.254497017,,,ECAL_Bloom(Prather)_250408_Take2.xlsx - Sheet5 (1).csv,,149.0008456,,,,,,,,120.40%
,,,RSD [%]:,4.351634581,3.095311897,3.128885646,3.054424044,1.609070011,0.77118812,8.810793237,0.996125502,0.768924446,1.153381428,1.298265808,1.471667992,1.513194631,1.353808847,1.16561669,2.521097668,2.663468434,1.984386382,3.511284173,0.389258289,0.778172225,,10.65180078,1.747164181,12.25038651,,1.602175407,1.341010854,0.805776107,0.815547105,1.135099183,,,ECAL_Bloom(Prather)_250408_Take2.xlsx - Sheet5 (1).csv,,4.195957877,,,,,,,,1.371174446
,,,SD:,5.40%,756.2491434,133.1557001,89.0253829,29.33177766,9.43016164,1128.556427,0.071618961,0.082910442,0.871811521,48.32330261,0.020148787,0.129340861,0.794158681,2.293738418,0.023236128,0.241988,0.039623019,0.019795266,0.181261803,666.5862074,,0.024661134,0.013979621,762.3463296,,0.320243351,1.80%,0.90%,0.90%,0.002888794,,,ECAL_Bloom(Prather)_250408_Take2.xlsx - Sheet5 (1).csv,,6.252012717,,,,,,,,1.70%
,,,,,,,,,,,,,,,,,,,,,,,,,,,,,,,,,,,,,ECAL_Bloom(Prather)_250408_Take2.xlsx - Sheet5 (1).csv,,,,,,,,,,
,,,,,,,,,,,,,,,,,,,,,,,,,,,,,,,,,,,,,ECAL_Bloom(Prather)_250408_Take2.xlsx - Sheet5 (1).csv,,,,,,,,,,
,,,18_CCV,116.70%,111.0913385,106.860274,109.4015814,107.1736015,120.9858068,4392.917131,100.4372614,99.79142865,103.9220235,102.6153797,103.6246223,105.5484886,105.5935944,103.6807879,103.9943363,104.7570994,102.0503438,105.4783493,113.2756428,1242.388111,,104.6674193,108.5680107,-203.2065618,,105.1894625,104.50%,107.40%,109.50%,109.7832224,,,ECAL_Bloom(Prather)_250408_Take2.xlsx - Sheet5 (1).csv,,99.61368555,,,,,,,,104.20%
